<?xml version="1.0" encoding="UTF-8" standalone="yes"?>
<addons>
<addon id="script.artistslideshow" name="Artist Slideshow" version="1.6.9" provider-name="ronie|pkscout">
	<requires>
		<import addon="xbmc.python" version="2.14.0"/>
		<import addon="xbmc.addon" version="12.0.0"/>
		<import addon="script.module.requests" version="2.3.0"/>
		<import addon="script.module.simplejson" version="3.3.0"/>
	</requires>
	<extension point="xbmc.python.script" library="default.py">
		<provides>executable</provides>
	</extension>
	<extension point="xbmc.addon.metadata">
		<summary lang="ar">حمل المزيد من الصور والمعلومات عن الفنان الذى يُغنِى حالياً</summary>
		<summary lang="be">Download images and additional info of the currently playing artist</summary>
		<summary lang="bg">Сваля изображения и допълнителна инф. за изпълнителя на текущата песен</summary>
		<summary lang="ca">Descàrrega imatges i informació addicional de l'artista que s'està reproduint</summary>
		<summary lang="da">Download billeder og ekstra info om kunstneren, der spiller i øjeblikket</summary>
		<summary lang="de">Downloade Bilder und zusätzliche Informationen des aktuellen abspielenden Künstlers.</summary>
		<summary lang="el">Κατεβάστε εικόνες και επιπλέον πληροφορίες του τρέχοντος καλλιτέχνη</summary>
		<summary lang="en">Download images and additional info of the currently playing artist</summary>
		<summary lang="en_NZ">Download images and additional info of the currently playing artist</summary>
		<summary lang="en_US">Download images and additional info of the currently playing artist</summary>
		<summary lang="es">Descarga imágenes e información adicional del artista que esté sonando</summary>
		<summary lang="es_AR">Bajá imágenes e información adicional sobre el artista </summary>
		<summary lang="fr">Télécharger les images et les informations additionnelles de l'artiste en cours de lecture</summary>
		<summary lang="fr_CA">Télécharger des images et des infos additionnelles sur l'artiste écouté</summary>
		<summary lang="gl">Descarga imaxes e info. adicional do artista que está a soar</summary>
		<summary lang="he">הורד תמונות ומידע נוסף על האמן המושמע כעת</summary>
		<summary lang="hr">Preuzimite slike i dodatne informacije o trenutno reproduciranom izvođaču</summary>
		<summary lang="hu">Képeket és kiegészítő információkat tölt le a jelenleg játszott előadóról</summary>
		<summary lang="it">Scarica immagini ed informazioni addizionali dell'artista attualmente in esecuzione</summary>
		<summary lang="ja">現在再生中のアーティストの画像と追加情報をダウンロードする</summary>
		<summary lang="ko">현재 재생중인 아티스트의 이미지와 추가 정보 다운로드</summary>
		<summary lang="nl">Downloaden van afbeeldingen en extra informatie van te horen artiest</summary>
		<summary lang="no">Last ned bilder og ytterligere informasjon om artisten som spilles av</summary>
		<summary lang="pl">Pobieraj obrazy i dodatkowe informacje o aktualnie odtwarzanym wykonawcy</summary>
		<summary lang="pt">Transferir imagens e info adicional do artista em reprodução agora</summary>
		<summary lang="pt_BR">Transferência de imagens e informações adicionais de artistas que estejam sendo reproduzidos</summary>
		<summary lang="ru">Загрузить фото и дополнительную информацию об воспроизводимом исполнителе</summary>
		<summary lang="sk">Stiahnuť obrázky a dodatočné informácie o práve hrajúcich interpretoch</summary>
		<summary lang="sl">Naložite slike in dodatne informacije, za trenutno predvajanega izvajalca</summary>
		<summary lang="sv">Ladda ner bilder samt ytterligare information om den spelade artisten</summary>
		<summary lang="zh">下载当前播放艺人的图片和附加信息</summary>
		<description lang="ar">ملحق يساعدك على تَنِزِيل صور ومعلومات إضافيه عن الفنان الذى تستمع اليه حالياً من موقع fanart.tv و theaudiodb.com و htbackdrops.org. كما يمكنك جعل جلد واجهتك الحالى يستخدم كل ما سبق ﻹنشاء عروض شرائح للفنان الذى تستمع إليه</description>
		<description lang="bg">Добавката сваля картинки и допълнителна информация от www.fanart.tv, www.theaudiodb.com и www.htbackdrops.org за изпълнителя който звучи в момента. Картинките, заедно с фанарт изображенията на изпълнителя, може да се ползват от облика, за създаването на слайдшоу за изпълнителя, който звучи в момента.</description>
		<description lang="ca">Complement per descarregar imatges i informació addicional de fanart.tv, theaudiodb.com i htbackdrops.org de l'artista que s'està reproduint. Les imatges, juntament amb les imatges locals d'artistes, i la informació, pot ser utilitzada per la pell per crear una presentació de diapositives per a l'artista que s'està escoltant.</description>
		<description lang="de">Addon um Bilder und zusätzliche Informationen von fanart.tv, theaudiodb.com und htbackdrops.org zum aktuell gespielten Künstler herunterzuladen. Diese Bilder können zusammen mit den lokalen Künstlerbildern und Infos vom Skin genutzt werden, um eine Slideshow für den aktuell angehörten Künstler zu erstellen.</description>
		<description lang="el">Πρόσθετο για τη λήψη εικόνων και επιπλέον πληροφοριών από το fanart.tv, το theaudiodb.com, και το htbackdrops.com για τον τρέχοντα καλλιτέχνη. Οι εικόνες, μαζί με τοπικές εικόνες του καλλιτέχνη καθώς και πληροφορίες, μπορούν να χρησιμοποιηθούν από το κέλυφος για τη δημιουργία παρουσιάσεων διαφανειών του καλλιτέχνη η μουσική του οποίου ακούγεται.</description>
		<description lang="en">Addon to download images and additional information from fanart.tv, theaudiodb.com, and htbackdrops.org of the currently playing artist. The images, along with local artists' images, and info can be used by the skin to create a slideshow for the artist being listened to.</description>
		<description lang="en_NZ">Addon to download images and additional information from fanart.tv, theaudiodb.com, and htbackdrops.org of the currently playing artist. The images, along with local artists' images, and info can be used by the skin to create a slideshow for the artist being listened to.</description>
		<description lang="en_US">Addon to download images and additional information from fanart.tv, theaudiodb.com, and htbackdrops.org of the currently playing artist. The images, along with local artists' images, and info can be used by the skin to create a slideshow for the artist being listened to.</description>
		<description lang="es">Addon para descargar imágenes e información adicional de fanart.tv, theaudiodb.com y htbackdrops.org del artista que se está reproduciendo. Las imágenes, junto con imágenes de artistas locales, y la información puede ser utilizada por la piel para crear una presentación de diapositivas para el artista que se está escuchando.</description>
		<description lang="fr_CA">Addiciel pour télécharger des images et des informations additionnelles sur fanart.tv, theaudiodb.com et htbackdrops.org de l'artiste en cours d'écoute. Les images, ainsi que les images locales de l'artiste, et les infos peuvent être utilisées par l'habillage pour créer un diaporama pour l'artiste en cours d'écoute.</description>
		<description lang="gl">Complemento para descargar imaxes e información adicional de fanart.tv e theaudiodb.com do artista que está a soar. Estas imaxes, xunto cas do artista gardadas en local e a información pódeas usar o tema para crear unha presentación. </description>
		<description lang="he">הרחבה להורדת תמונות ומידע נוסף על האמן המושמע כעת מ-fanart.tv, theaudiodb.com ו-htbackdrops.org. התמונות, בנוסף לתמונות אמנים מקומיות והמידע על אמן יכולים לשמש את המעטפת ליצירת מצגת עבור האמן המושמע כעת.</description>
		<description lang="hr">Dodatak za preuzimanje slika i dodatnih informacije trenutno reproduciranog izvođača s fanart.tv, theaudiodb.com i theaudiodb.com. Slike, zajedno s lokalnim slikama izvođača i informacijama mogu se koristiti s presvlakom za stvaranje slikovne prezentacije izvođača koji se sluša.</description>
		<description lang="hu">A Kiegészítő letölt képeket és infromációkat a fanart.tv, theaudiodb.com, és htbackdrops.org oldalakról az éppen hallgatott előadóhoz. A képek a helyben tárolt képekkel együtt felhasználhatóak a Felszín által diavetítéshez.</description>
		<description lang="it">Addon per scaricare immagini ed informazioni aggiuntive da Last.FM, theaudiodb.com e htbackdrops sull'artista attualmente in esecuzione. Le immagini possono essere usate dallo skin, insieme a quelle locali, per creare una presentazione  per l'artista che si sta ascoltando.</description>
		<description lang="ko">현재 재생중인 아티스트의 이미지와 추가정보를 fanart.tv 와 theaudiodb.com 에서 다운로드합니다. 다운로드한 이미지와 정보는 로컬 이미지와 함께 현재 재생중인 음악의 아티스트 슬라이드쇼에 사용할 수 있습니다.</description>
		<description lang="nl">Add-on om afbeeldingen en bijkomende informatie van Fanart.tv, theaudiodb.com en htbackdrops.org van de te horen artiest binnen te halen. de afbeeldingen, net als de lokaal aanwezige artiest-afbeeldingen en -info kunnen gebruikt worden door de skin om een diashow te tonen van de artiest di nu beluisterd wordt.</description>
		<description lang="no">Tillegg for å laste ned bilder og ytterligere informasjon fra fanart.tv, theaudiodb.com og htbackdrops.org for artisten som spilles av for øyeblikket. Bildene, sammen med lokale artistbilder og info, kan bli brukt av skallet til å lage en lysbildefremvisning for artisten som blir lyttet til for øyeblikket.</description>
		<description lang="pl">Wtyczka pobiera obrazy i dodatkowe informacje z fanart.tv, theaudiodb.com oraz htbackdrops.org o aktualnie odtwarzanym wykonawcy. Obrazami wraz z informacjami o wykonawcach, mogą być wykorzystywane przez skórę do tworzenia pokazu slajdów dla artysty, którego aktualnie słuchasz.</description>
		<description lang="pt">Um add-on para transferir imagens e informação adicional do artista em reprodução no momento, a partir de fanart.tv, theaudiodb.com, e htbackdrops.org. As imagens e a informação, assim como as imagens locais dos artistas, podem ser usadas pelo tema para criar uma apresentação de slides do artista em escuta no momento.</description>
		<description lang="pt_BR">Addon para download de imagens e informações adicionais do artista que está sendo reproduzido provido por fanart.tv, theaudiodb e htbackdrops.org.  Tais dados e imagens serão usados pelas skins para criarem um slideshow dos artistas quando estivermos escutando-os.</description>
		<description lang="ru">Дополнение для загрузки изображений и дополнительной информации о воспроизводимом исполнителе с ресурсов fanart.tv, theaudiodb.com and htbackdrops.org. Загруженные изображения и доп. информация, наравне с локальными, могут быть использованы для создания слайд-шоу во время прослушивания композиций.</description>
		<description lang="sl">Dodatek za prenos slik in dodatnih informacij  iz fanart.tv, theaudiodb.com, in htbackdrops.org za trenutno predvajanega izvajalca. Slike, skupaj z lokalnimi slikami izvajalcev ter informacije, se lahko uporabljajo s preobleko za ustvarjanje diaprojekcije slik izvajalca, ki ga trenutno poslušate.</description>
		<description lang="sv">Tillägg för att ladda ner bilder och tilläggsinformation från fanart.tv, theaudiodb.com och htbackdrops.org om artisten som spelas för tillfället. Bilderna, tillsammans med lokala artistbilder och information, kan användas av skinnet för att skapa ett bildspel av artisten man lyssnar på.</description>
		<description lang="zh">从fanart.tv、theaudiodb.com和htbackdrops.org下载当前播放艺人的图片和附加信息的插件。这此图片可以和本地艺人图片及信息一起，被皮肤用来创建正收听的艺人的幻灯片。</description>
		<language></language>
		<platform>all</platform>
		<license>GNU GENERAL PUBLIC LICENSE. Version 2, June 1991</license>
		<forum>http://forum.xbmc.org/showthread.php?t=124880</forum>
		<website>http://wiki.xbmc.org/index.php?title=Add-on:Artist_Slideshow</website>
		<email>artistslideshow.xbmc@gmail.com</email>
		<source>https://github.com/pkscout/script.artistslideshow</source>
	</extension>
</addon>

<addon
    id="script.artwork.downloader"
    name="Artwork Downloader"
    version="12.0.28"
    provider-name="Martijn"
    >
  <requires>
    <import addon="xbmc.python"                 version="2.1.0"/>
    <import addon="xbmc.json"                   version="6.0.0"/>
    <import addon="xbmc.addon"                  version="12.0.0"/>
    <import addon="script.module.simplejson"    version="3.3.0"/>
    <import addon="script.common.plugin.cache"  version="1.3.0"/>
  </requires>
  <extension point="xbmc.python.script"         library="default.py">
    <provides>executable</provides>
  </extension>
  <extension point="xbmc.addon.metadata">
    <summary lang="be">Downloads Artwork for TV shows, Movies and Musicvideos in your library</summary>
    <summary lang="da">Downloader grafik til TV-serier, Film og Musikvideoer i dit bibliotek</summary>
    <summary lang="de">Lade Artworks fÃ¼r Filme, Serien und Musikvideos deiner Bibliothek herunter</summary>
    <summary lang="el">Κατεβάζει Εικόνες για τις Τηλεοπτικές Σειρές, τις Ταινίες και τα Μουσικά Βίντεο της συλλογής σας</summary>
    <summary lang="en">Downloads Artwork for TV shows, Movies and Musicvideos in your library</summary>
    <summary lang="es">Descargue Artwork de Series, Pelí­culas y Videoclips a su biblioteca</summary>
    <summary lang="fr">Téléchargez les Artworks pour les séries TV, les films et les clip vidéo de votre médiathèque</summary>
    <summary lang="gl">Descargue na súa biblioteca Ilustracións para as Series de TV, Filmes e Vídeos Musicais</summary>
    <summary lang="he">מורי עטיפות לתוכניות טלויזיה,סרטים,וסרטי מוסיקה בספריה שלך</summary>
    <summary lang="hr">Preuzimte slike omota TV serija, filmova i glazbenih spotova u vašoj kolekciji</summary>
    <summary lang="hu">Művészképek letöltése TV műsorok, filmek és videóklipek számára</summary>
    <summary lang="it">Scarica artwork per Serie TV, Film e Video musicali della tua libreria</summary>
    <summary lang="ko">라이브러리의 TV 쇼, 영화, 뮤직비디오의 아트워크 다운로드</summary>
    <summary lang="nl">Download Artwork voor TV series, Films en Muziekvideos in jouw bibliotheek</summary>
    <summary lang="pl">Pobiera grafiki dla Seriali TV, FilmÃ³w i TeledyskÃ³w z twojej biblioteki</summary>
    <summary lang="pt">Transfira Artwork de Séries TV, Filmes e Concertos para sua biblioteca</summary>
    <summary lang="pt_BR">Transferências Artes de Seriados, Filmes e Concertos para suas Coleções.</summary>
    <summary lang="sk">Sťahuje umeleckú grafiku k TV seriálom, filmom a hudobným videám vo Vašej knižnici</summary>
    <summary lang="sv">Laddar ner bilder och extramaterial för TV-serierna, filmerna och musikvideorna i ditt bibliotek</summary>
    <summary lang="zh">下载剧集、电影和音乐电视艺术图片到资料库</summary>
    <description lang="be">Downloads all available artwork for TV shows, Movies and Musicvideos in your library. Check the options for supported artwork[CR]Artwork sources:[CR]www.fanart.tv[CR]www.thetvdb.com[CR]www.themoviedb.org[CR]Remark:[CR]Check your skin to see what type of artwork is supported![CR]Each TV Show/Movie must have its own folder![CR]Skin integration:[CR]See readme file</description>
    <description lang="da">Henter alle tilgængelige illustrationer til TV-serier, Film og Musikvideoer i dit bibliotek. Tjek indstillingerne for at se understøttede illustrationer.[CR]Kilder til illustrationer[CR]www.fanart.tv[CR]www.thetvdb.com[CR]www.themoviedb.org[CR]Bemærk:[CR]Tjek dit skin for at se, hvilke typer illustrationer, der understøttes![CR]Hver TV-serie/Film skal have sin egen mappe![CR]Skin-integration:[CR]Se 'readme' fil</description>
    <description lang="de">Downloadet alle verfügbaren Artworks für TV Sendungen, Filme und Musikvideos in deine Datenbank. Überprüfe die Optionen für nicht unterstützte Artwork[CR]Artworkquellen: [CR]www.fanart.tv[CR]www.thetvdb.com[CR]www.themoviedb.org[CR]Remark:[CR]Überprüfe dein Skin ob Artwork unterstützt wird![CR]Jede TV Sendung/Film braucht seinen eigenen Ordner![CR]Skin Integration:[CR]Siehe Readme Datei</description>
    <description lang="el">Κατεβάζει όλες τις διαθέσιμες εικόνες για τις Τηλεοπτικές Σειρές, τις Ταινίες και τα Μουσικά Βίντεο της συλλογής σας. Ελέγξτε τις επιλογές για υποστηριζόμενες εικόνες[CR]&#10;Πηγές Εικόνων:[CR]www.fanart.tv[CR]www.thetvdb.com[CR]www.themoviedb.org[CR]&#10;Σημείωση:[CR]Ελέγξτε το κέλυφός σας για να δείτε τι είδους εικόνες υποστηρίζονται![CR]Κάθε Σειρά/Ταινία πρέπει να έχει το δικό της φάκελο![CR]&#10;Για ενσωμάτωση στο κέλυφος:[CR]Δείτε το αρχείο readme</description>
    <description lang="en">Downloads all available artwork for TV shows, Movies and Musicvideos in your library. Check the options for supported artwork[CR]Artwork sources:[CR]www.fanart.tv[CR]www.thetvdb.com[CR]www.themoviedb.org[CR]Remark:[CR]Check your skin to see what type of artwork is supported![CR]Each TV Show/Movie must have its own folder![CR]Skin integration:[CR]See readme file</description>
    <description lang="es">Descarga artwork de programas de televisión, películas y videos musicales en su biblioteca. Marque las opciones correspondientes compatible d artwork[CR]Artwork:[CR]www.fanart.tv[CR]www.thetvdb.com[CR]www.themoviedb.org[CR]Remark:[CR]Check su piel para ver qué tipo de obra de arte es compatible![CR]Cada Show de TV\/película debe tener su propia carpeta![CR]Integración de la piel: [CR] consulte el archivo Léame</description>
    <description lang="fr">Téléchargez tous les artworks disponibles pour les séries TV, les films et les vidéos musicales de votre médiathèque. Regardez les options pour les artsworks supportés[CR]Sources des Artworks : [CR]www.fanart.tv[CR]www.thetvdb.com[CR]www.themoviedb.org[CR]Remarques : [CR]Véifiez votre thême pour savoir quel type d'artwork est supporté ![CR]Chaque Série TV/Film doit avoir son propre dossier ![CR]Intégration dans un thême :[CR]Regardez le fichier readme.txt</description>
    <description lang="gl">Descarga todas as ilustracións dispoñíbeis para as series de TV, filmes e vídeos musicais da súa biblioteca. Verifique as opcións de soporte de ilustracións[CR]Fontes das ilustracións:[CR]www.fanart.tv[CR]www.thetvdb.com[CR]www.themoviedb.org[CR]Lembre:[CR]Verifique o seu tema para ver que tipo de ilustración é soportada.[CR]Cada Serie de TV/Filme debe ter o seu propio cartafol.[CR]Integración no tema:[CR]Ver o ficheiro readme</description>
    <description lang="hr">Preuzmi sve dostupne slike omota za TV serije, filmove i glazbene spotove u vašoj zbirci. Provjerite mogućnosti za podržane slike omota[CR]Izvori slika omota:[CR]www.fanart.tv[CR]www.thetvdb.com[CR]www.themoviedb.org[CR]Napomena:[CR]Provjerite vašu presvlaku da bi vidjeli koja vrsta presvlake je podržana![CR]Svaka TV serija/Film mora imati svoju vlastitu mapu![CR]Integracija presvlake:[CR]Pogledajte datoteku uputa</description>
    <description lang="hu">Letölti az összes rendelkezésre álló művészképet az adatbázisában található TV-műsorokhoz, filmekhez és videóklipekhez. Ellenőrizze a beállításokat a támogatott művészképekhez[CR]Művészkép források:[CR]www.fanart.tv[CR]www.thetvdb.com[CR]www.themoviedb.org[CR]Megjegyzés:[CR]Ellenőrizze, hogy az alkalmazott skin miyen művészképeket támogat![CR]Minden filmnek/TV-műsornak saját mappában kell lennie![CR]Skin integráció:[CR]Olvassa fel a readme fájlt</description>
    <description lang="it">Scarica tutti gli artwork disponibili per le serie TV, i film ed i video musicali presenti nella libreria. Controlla le opzioni per gli artwork supportati[CR]Fonti artwork:[CR]www.fanart.tv[CR]www.thetvdb.com[CR]www.themoviedb.org[CR]Nota:[CR]Controlla la tua skin per vedere che tipi artwork sono supportati![CR]Ogni Serie TV/Film deve avere una cartella propria![CR]Integrazione skin:[CR]Vedi file readme</description>
    <description lang="ko">라이브러리에 있는 TV 쇼, 영화, 뮤직비디오의 사용 가능한 모든 아트워크를 다운로드합니다. 지원하는 아트워크는 옵션을 확인하세요[CR]아트워크 소스:[CR]www.fanart.tv[CR]www.thetvdb.com[CR]www.themoviedb.org[CR] 참고:[CR]사용하는 스킨이 어떤 형식의 아트워크를 지원하는지 확인하세요![CR]각 TV 쇼/영화는 자신의 폴더에 있어야 합니다![CR]스킨 통합:[CR]readme 파일 참고</description>
    <description lang="nl">Download alle beschikbare artwork voor TV series, Films en Muziekvideos in jouw bibliotheek. Bekijk de opties voor ondersteunde artwork[CR]Artwork bronnen:[CR]www.fanart.tv[CR]www.thetvdb.com[CR]www.themoviedb.org[CR]Opmerking:[CR]Controleer jouw skin om te bepalen welke artwork deze ondersteund![CR]Elke TV serie/Film moet zich in zijn eigen folder bevinden![CR]Skin integratie:[CR]Kijk in de readme bestand</description>
    <description lang="pl">Pobierz wszystkie dostępne grafiki dla seriali TV, filmów i teledysków ze swojej biblioteki. Sprawdź ustawienia aby zobaczyć wszystkie dostępne grafiki[CR]&#10;    Źródła grafik:[CR]www.fanart.tv[CR]www.thetvdb.com[CR]www.themoviedb.org[CR]&#10;    Uwaga:[CR]Sprawdź jakie rodzaje grafik wspiera twoja skóra![CR]Każdy Serial TV/Film musi być w osobnym folderze![CR]&#10;    Integracja ze skórą:[CR]Przeczytaj plik readme&#10;    </description>
    <description lang="pt">Transfere toda a artwork disponível para Séries TV, Filmes e Vídeoclipes na sua biblioteca. Verifique a artwork suportada nas opções.[CR]Fontes de Artwork:[CR]www.fanart.tv[CR]www.thetvdb.com[CR]www.themoviedb.org[CR]Lembre-se:[CR]Verifique o seu tema para ver que tipo de artwork é suportada![CR]Cada Série TV/Filme deve ter a sua própria pasta![CR]Integração no tema:[CR]veja o ficheiro readme</description>
    <description lang="pt_BR">Download todas as artworks disponíveis para Seriados, Filmes e Concertos em sua coleção. Verifique as opções de artes suportadas. &#10;Artwork fontes:[CR]www.fanart.tv[CR]www.thetvdb.com[CR]www.themoviedb.org[CR]Lembrete:[CR]Verifique se sua skin tem suporte para os tipos de artes disponíveis![CR]Cada Seriado/Filme ou Concerto deve estar em pastas próprias![CR]Skin integração:[CR]Veja o arquivo leia-me.</description>
    <description lang="sk">Sťahuje umeleckú grafiku k TV seriálom, filmom a hudobným videám vo Vašej knižnici. Na overenie podporovanej umeleckej grafiky pozrite nastavenia.&#10;Zdroje umeleckej grafiky:&#10;www.fanart.tv&#10;www.thetvdb.com&#10;www.themoviedb.org&#10;Poznámka:&#10;Aby ste si overili aká umelecká grafika je podporovaná, skontrolujte Váš Vzhľad!&#10;Každý TV seriál / film musí byť v samostatnom priečinku!&#10;Integrácia so vzhľadom:&#10;Pozri readme súbor</description>
    <description lang="sv">Laddar ner alla tillgängliga omslag, bakgrunder etc för TV-serier, Filmer och Musikvideos till ditt bibliotek. Kontrollera inställningar för vad som stöds[CR] Omslag, bakgrunder etc hämtas från följande resurser:[CR]www.fanart.tv[CR]www.thetvdb.com[CR]www.themoviedb.org[CR] Remark:[CR]Kontrollera skalinställningar för att ta reda på vad som stöds![CR]Varje TV-serie/Film måste ha sin egen mapp![CR] Skalintegration:[CR]See readme file</description>
    <description lang="zh">下载剧集、电影和音乐电视的所有可用艺术图片到资料库。查看支持的艺术图片选项[CR]&#10;艺术图片来源：[CR]www.fanart.tv[CR]www.thetvdb.com[CR]www.themoviedb.org[CR]&#10; 备注：[CR]查看你的皮肤了解支持什么类型的艺术图片！[CR]每一个剧集/电影必须保存在单独的文件夹中！[CR]&#10; 皮肤集成：[CR]参见readme文件</description>
    <disclaimer lang="be">For bugs, requests or general questions visit the Artwork Downloader thread on the XBMC forum.</disclaimer>
    <disclaimer lang="da">Ved fejl, forespørgsler eller generelle spørgsmål besøg Artwork Downloader-tråden i XBMCs forum.</disclaimer>
    <disclaimer lang="de">FÃ¼r Fehler, VorschlÃ¤ge oder alggemeine Fragen, besuche das Artwork Downloader-Thema im XBMC-Forum (englisch).</disclaimer>
    <disclaimer lang="el">Για προβλήματα, αιτήματα ή γενικές ερωτήσεις επισκεφθείτε το θέμα του Artwork Downloader στο forum του XBMC.</disclaimer>
    <disclaimer lang="en">For bugs, requests or general questions visit the Artwork Downloader thread on the XBMC forum.</disclaimer>
    <disclaimer lang="es">Para informar de errores, hacer peticiones o preguntas visiten el hilo Artwork Downloader en el foro de XBMC.</disclaimer>
    <disclaimer lang="fr">Pour bugs, demandes ou questions générales visiter le thread Artwork Downloader sur le forum XBMC.</disclaimer>
    <disclaimer lang="gl">Para erros, solicitudes ou preguntas en xeral visite o fio do Artwork Downloader no foro do XBMC.</disclaimer>
    <disclaimer lang="he">לדווח תקלות,בקשות או שאלות כלליות בקר ברשימת artwork downloader בפורום של XBMC.</disclaimer>
    <disclaimer lang="hr">Za greške, zahtjeve ili uobičajena pitanja posjetite Artwork Downloader na XBMC forumu.</disclaimer>
    <disclaimer lang="hu">Hibabejelentéshez, kérésekhez vagy általános kérdésekkel kapcsolatban keresse az Artwork Downloader témát az XBMC fórumon.</disclaimer>
    <disclaimer lang="it">Per la segnalazione di bug, richieste o domande generali visita il thread Artwork Downloader sul forum di XBMC.</disclaimer>
    <disclaimer lang="ko">버그, 요청사항 및 일반적인 질문은  XBMC 포럼의 Artwork Downloader 글타래를 찾아 주세요.</disclaimer>
    <disclaimer lang="nl">Voor fouten, verzoeken of algemene vragen kan je terecht op Artwork Downloader thread op het XBMC forum.</disclaimer>
    <disclaimer lang="pl">By zgÅ‚osiÄ‡ bÅ‚Ä…d, proÅ›bÄ™ lub zadaÄ‡ pytanie odwiedÅº wÄ…tek poÅ›wiÄ™cony Artwork Downladerowi na forum XBMC.</disclaimer>
    <disclaimer lang="pt">Para reportar erros, requisitar algo ou perguntar algo sobre o add-on, visite o tópico do Artwork Downloader no fórum do XBMC.</disclaimer>
    <disclaimer lang="pt_BR">Para erros, requisições ou questões gerais visite o tópico do Artwork Downloader no Fórum XBMC.org</disclaimer>
    <disclaimer lang="sk">Pre chyby, požiadavky alebo všeobecné otázky navštívte "Artwork Downloader" vlákno na XBMC fóre.</disclaimer>
    <disclaimer lang="sv">För buggar, önskemål och frågor, besök Artwork Downloader tråden på XBMCs forum.</disclaimer>
    <disclaimer lang="zh">错误报告、功能需求及常见问题，请访问XBMC论坛的Artwork Downloader专贴。</disclaimer>
    <language></language>
    <platform>all</platform>
    <website></website>
    <source>https://github.com/XBMC-Addons/script.artwork.downloader</source>
    <forum>http://forum.xbmc.org/showthread.php?tid=114633</forum>
    <email></email>
  </extension>
</addon>

<addon id="script.grab.fanart"
    name="Grab Fanart" version="0.13.2" provider-name="robweber">
  <requires>
    <import addon="xbmc.python" version="2.1.0"/>
  </requires>
  <extension point="xbmc.python.module" library="default.py" />
  <extension point="xbmc.service" library="service.py" start="login" />
  <extension point="xbmc.addon.metadata">
    <summary lang="en">Exposes fanart as skin properties for slideshows, etc</summary>
    <description lang="en">Uses the XBMC database to grab all fanart from media items and put it into a skin property for use by skins/slideshows as previous version of XBMC allowed.</description>
    <forum>http://forum.xbmc.org/showthread.php?tid=166572</forum>
    <source>https://github.com/robweber/script.grab.fanart</source>
	<website>https://github.com/robweber/script.grab.fanart</website>
    <license>The MIT License</license>
    <platform>all</platform>
    <language></language>
  </extension>
</addon>

<addon id="script.skinshortcuts" name="Skin Shortcuts" version="0.4.0" provider-name="Unfledged">
	<requires>
		<import addon="xbmc.python" version="2.14.0"/>
		<import addon="script.module.simplejson" version="3.3.0"/>
		<import addon="script.module.unidecode" version="0.4.14"/>
	</requires>
	<extension point="xbmc.python.library" library="default.py"/>
	<extension point="xbmc.addon.metadata">
		<description lang="bg">Добавка за облици, която осигурява просто управление и списък с потребителски преки пътища (изисква поддръжка от облика)</description>
		<description lang="de">Add-on für Skins für einfache Bearbeitung und Auflistung von benutzerdefinierten Verknüpfungen (erfordert Skin-Unterstützung)</description>
		<description lang="el">Πρόσθετο για κελύφη, το οποίο παρέχει έναν απλό τρόπο διαχείρισης και κατηγοριοποίησης των συντομεύσεων του χρήστη (πρέπει να υποστηρίζεται από το κέλυφος)</description>
		<description lang="en">Add-on for skins to provide simple managing and listing of user shortcuts (requires skin support)</description>
		<description lang="en_NZ">Add-on for skins to provide simple managing and listing of user shortcuts (requires skin support)</description>
		<description lang="en_US">Add-on for skins to provide simple managing and listing of user shortcuts (requires skin support)</description>
		<description lang="es">Complemento para las pieles para proporcionar una gestión sencilla y lista de atajos de usuario (requiere que la piel lo soporte)</description>
		<description lang="fr_CA">Addiciel pour habillages qui fournit une gestion simple et un listage des raccourcis utilisateurs (exige la prise en charge de l'habillage)</description>
		<description lang="gl">Complemento que fornece aos temas dunha xestión sinxela dos atallos dos usuarios (require soporte do tema)</description>
		<description lang="hr">Dodatak za presvlake koja omogućava jednostavno upravljanje i prikaz korisnikovih prečaca (zahtijeva podršku presvlake) </description>
		<description lang="hu">Felszín kiegészítő amely könnyen kezelhetővé és listázhatóvá teszi a felhasználói parancsikonokat (Felszín támogatás szükséges)</description>
		<description lang="is">Viðbót fyrir viðmót til að halda utan um flýtivísa og fá yfirlit yfir þá (þarfnast stuðnings frá viðmóti)</description>
		<description lang="it">Add-on per gli skin per consentire un facile gestione ed elenco delle scorciatoie utente (richiede che lo skin lo supporti)</description>
		<description lang="lt">Priedas teminėms išvaizdoms, kad jos suteiktų galimybę paprastai tvarkyti ir atvaizduoti vartotojo  sukurtas nuorodas (reikalingas teminės išvaizdos palaikymas)</description>
		<description lang="nl">Add-on voor skins om te voorzien in het eenvoudig beheren en de sortering van  gebruikers snelkoppelingen bieden (vereist skin ondersteuning)</description>
		<description lang="no">Tillegg for enkel administrering og opplisting av bruker-snarveier i tema (krever støtte i tema)</description>
		<description lang="pl">Wtyczka dla skór, która zapewnia proste zarządzanie i tworzenie list skrótów użytkownika (wymaga wsparcia skóry)</description>
		<description lang="pt">Um add-on que permite que os temas tenham recursos simples para gerir e listar atalhos de utilizadores (é necessário suporte do tema)</description>
		<description lang="pt_BR">Add-on para que as skins possam prover gerenciamento de lista de atalhos para o menu principal (requer suporte da skin)</description>
		<description lang="ru">Дополнение для обложек, предоставляющее простой способ управления и список пользовательских ярлыков (требуется поддержка обложкой)</description>
		<description lang="sv">Skinntillägg som tillhandahåller enkel hantering och översikt av användargenvägar (om skinnet stöder det)</description>
		<description lang="zh">插件为皮肤提供了简单的管理和用户连接方式列表 (需要皮肤支持)</description>
		<language></language>
		<platform>all</platform>
		<license>GNU General Public License, v2</license>
		<forum>http://forum.xbmc.org/showthread.php?tid=178294</forum>
		<website></website>
		<email></email>
		<source>https://github.com/unfledged</source>
	</extension>
</addon>

<addon id="script.tv.show.next.aired" name="TV Show - Next Aired" version="6.0.12+" provider-name="Ppic|Frost|ronie|`Black|phil65|WayneD">
	<requires>
		<import addon="xbmc.python" version="2.1.0"/>
		<import addon="script.module.simplejson" version="2.0.10"/>
	</requires>
	<extension point="xbmc.python.script" library="default.py">
		<provides>executable</provides>
	</extension>
	<extension point="xbmc.service" library="service.py" start="login"/>
	<extension point="xbmc.addon.metadata">
		<summary lang="bg">Информация за предстоящите ТВ сериали.</summary>
		<summary lang="ca">Agafar informació de les sèries de TV que es retransmetran pròximament.</summary>
		<summary lang="de">Erhalten Sie Infos über die nächsten Ausstrahlungstermine Ihrer Serien.</summary>
		<summary lang="el">Λήψη πληροφοριών για την Επόμενη Προβολή των Τηλ. Σειρών</summary>
		<summary lang="en">Get info for TV Shows Next Aired.</summary>
		<summary lang="en_NZ">Get info for TV Shows Next Aired.</summary>
		<summary lang="en_US">Get info for TV Shows Next Aired.</summary>
		<summary lang="es">Obtener información de las siguientes emisiones de series.</summary>
		<summary lang="es_MX">Obtener información de las siguientes emisiones de series.</summary>
		<summary lang="fr">Récupère les dates de diffusions de vos séries</summary>
		<summary lang="fr_CA">Obtenir les infos de prochaine diffusion des séries télé.</summary>
		<summary lang="gl">Obter a info. das Seguintes Emisións das Series de TV.</summary>
		<summary lang="he">קבל פרטי השידור הבא של תכניות הטלוויזיה.</summary>
		<summary lang="hr">Nabavite informacije za sljedeću emitiranu TV seriju.</summary>
		<summary lang="hu">Információ a sorozatok következő vetítési idejéről.</summary>
		<summary lang="it">Ottieni info per le Serie TV trasmesse prossimamente</summary>
		<summary lang="ko">TV 쇼 방송 일정을 가져옵니다.</summary>
		<summary lang="lt">Gauti TV laidos kitos transliacijos informaciją.</summary>
		<summary lang="nl">Ophalen info voor komende TV shows.</summary>
		<summary lang="no">Hent informasjon om kommende TV-programmer.</summary>
		<summary lang="pl">Informacje o Premierach Programów Telewizyjnych.</summary>
		<summary lang="pt">Obter info para Próximas Exibições de Séries TV.</summary>
		<summary lang="pt_BR">Saiba sobre próximas exibições de séries de TV.</summary>
		<summary lang="ro">Află despre emisiuni care urmează să fie difuzate</summary>
		<summary lang="ru">Информация о следующих ТВ передачах.</summary>
		<summary lang="sl">Pridobi informacije TV oddaj ki se bodo predvajale.</summary>
		<summary lang="sv">Hämta info för nästa sändning av TV-serier.</summary>
		<summary lang="zh">获取即将播出的剧集的信息。</summary>
		<description lang="bg">Сваля информация за предстоящите ТВ сериали. Вече никога няма да пропускате епизод от ТВ сериали, които следите.</description>
		<description lang="ca">Agafar informació de les sèries de TV que es retransmetran pròximament. No te'n perdràs cap mai més.</description>
		<description lang="de">TV Show Next Aired liefert Termin-Informationen über die anstehenden Episoden der Serien aus der Datenbank. Dazu gibt es eine Wochenansicht mit allen in der nächsten Woche laufenden Episoden sowie (bei vorhandenem Skin Support) die direkte Integration der Informationen in die Ansichten des jeweiligen Skins. Sie werden nie wieder eine Folge verpassen.</description>
		<description lang="el">Λήψη πληροφοριών για την Επόμενη Προβολή των Τηλ. Σειρών. Δε θα ξαναχάσετε επεισόδιο ποτέ.</description>
		<description lang="en">Get info for TV Shows Next Aired. You'll never miss one again.</description>
		<description lang="en_NZ">Get info for TV Shows Next Aired. You'll never miss one again.</description>
		<description lang="en_US">Get info for TV Shows Next Aired. You'll never miss one again.</description>
		<description lang="es">Obtener información de las siguientes emisiones de series. Nunca te perderás una de nuevo.</description>
		<description lang="es_MX">Obtener información de las siguientes emisiones de series. Nunca te perderás una de nuevo.</description>
		<description lang="fr">Ce script interroge votre médiathèque puis vas récupérer les infos sur les prochaines diffusions de vos séries. vous n'en manquerez plus aucune.</description>
		<description lang="fr_CA">Obtenir les infos de prochaine diffusion des séries télé. Vous n'en manquerez plus jamais une.</description>
		<description lang="gl">Obter a info. das Seguintes Emisións das Series de TV. Non esquecerá ningunha.</description>
		<description lang="he">קבל פרטי השידור הבא של תכניות הטלוויזיה. לעולם לא תחמיץ שוב פרק.</description>
		<description lang="hr">Nabavite informacije za sljedeću emitiranu TV seriju. Nikada nećete propustiti nijednu.</description>
		<description lang="hu">Információ a sorozatok következő vetítési idejéről. Soha nem marad le mégegyszer semmiről.</description>
		<description lang="it">Ottieni info per le Serie TV trasmesse prossimamente. Non ne perderai più una.</description>
		<description lang="ko">TV 쇼 방송 일정을 가져옵니다. 놓치는 일은 절대 없을 것입니다.</description>
		<description lang="lt">Gauti TV laidos kitos transliacijos informaciją. Jūs niekada daugiau jos nepraleisite.</description>
		<description lang="nl">Ophalen info voor komende TV shows. Je zult ze nooit meer missen.</description>
		<description lang="no">Få informasjon om neste TV-sending. Du vil aldri gå glipp av en episode igjen.</description>
		<description lang="pl">Informacje o Premierach Programów Telewizyjnych. Nigdy już żadnego nie przegapisz.</description>
		<description lang="pt">Obter info para Próximas Exibições de Séries TV. Nunca mais vai perder uma.</description>
		<description lang="pt_BR">Saiba sobre próximas exibições de séries de TV. Você nunca perderá um episódio.</description>
		<description lang="ro">Află despre emisiuni care urmează să fie difuzate. Nu vei mai rata nici una.</description>
		<description lang="ru">Получает информацию о следующих ТВ передачах. Теперь Вы никогда не пропустите ни одну ТВ передачу.</description>
		<description lang="sl">Pridobi informacije TV oddaj ki se bodo predvajale. Nikoli več ne boste zamudili nobene epizode.</description>
		<description lang="sv">Hämta info för nästa sändning av TV-Serie. Du kommer inte att missa en igen.</description>
		<description lang="zh">获取即将播出的剧集的信息。你不会再错过好节目了。</description>
		<language></language>
		<platform>all</platform>
		<license>GPL v2.0</license>
		<forum>http://forum.xbmc.org/showthread.php?tid=186090</forum>
		<website>http://github.com/WayneD/script.tv.show.next.aired</website>
		<source>https://github.com/WayneD/script.tv.show.next.aired.git</source>
	</extension>
</addon>

<addon id="script.watchlist" name="Watchlist" provider-name="BigNoid, Unfledged" version="0.0.3">
	<requires>
		<import addon="xbmc.addon" version="12.0.0"/>
		<import addon="xbmc.json" version="6.0.0"/>
		<import addon="xbmc.python" version="2.1.0"/>
		<import addon="script.module.simplejson" version="2.0.10"/>
	</requires>
	<extension point="xbmc.python.pluginsource" library="default.py" />
	<extension point="xbmc.addon.metadata">
		<summary lang="en">Script to provide Watchlist function for reFocus</summary>
		<description lang="en">Script to provide Watchlist of movies in progress and unwatched episodes of in progress shows within the library view. Developed for reFocus.</description>
		<platform>all</platform>
		<language />
		<license>GNU GENERAL PUBLIC LICENSE. Version 2, June 1991</license>
		<forum />
		<website />
		<source>http://github.com/unfledged/script.watchlist</source>
		<email />
		<disclaimer lang="en">This script is based on service.library.data.provider by BigNoid, itself based on service.skin.widgets by Martijn and phil65</disclaimer>
	</extension>
</addon>

<addon id="service.library.data.provider" name="Library Data Provider" provider-name="BigNoid, Unfledged, Martijn" version="0.0.5">
	<requires>
		<import addon="xbmc.addon" version="12.0.0"/>
		<import addon="xbmc.json" version="6.0.0"/>
		<import addon="xbmc.python" version="2.1.0"/>
		<import addon="script.module.simplejson" version="2.0.10"/>
	</requires>
	<extension point="xbmc.python.pluginsource" library="default.py" />
	<extension library="service.py" point="xbmc.service" start="login" />
	<extension point="xbmc.addon.metadata">
		<summary lang="en">Plugin for skins to provide library data throughout the skin.</summary>
		<description lang="en">Plugin for skins to provide library data throughout the skin.</description>
		<disclaimer lang="en">This plugin is not a standalone plugin, your skin must support it.</disclaimer>
		<platform>all</platform>
		<language />
	</extension>
</addon>
</addons>
