<?xml version="1.0" encoding="UTF-8"?>
<colors>
<!--main colors-->
	<color name="base_1">ff114085</color><!--main background color-->
	<color name="base_2">ff004160</color><!--primary overlay / menu color-->
	<color name="base_3">ff0072a9</color><!--secondary overlay / menu color (home menu)-->
	<color name="base_33">ff114076</color><!--secondary overlay / menu color (home menu)-->
	<color name="base_333">ef0072a9</color><!--secondary overlay / menu color (home menu)-->
	<color name="base_4">bf004160</color><!--vignette2-->
	<color name="base_5">ff000000</color><!--main color menu horizontal-->
	<color name="base_6">ffffffff</color><!--main color menu vertical-->
	<color name="base_7">ff0072a9</color><!--main color menu vertical-->
	<color name="base_33">ff004160</color><!--main color menu vertical-->
	<color name="accent_1">ff0c2c40</color><!--primary accent color (seekbar)-->
	<color name="accent_2">ff245678</color><!--secondary accent color (home submenu)-->
	
<!--text-->
	<color name="Color1">ffffffff</color><!--main textcolor-->
	<color name="Color2">ff6aa6cb</color><!--secondary textcolor-->
	<color name="Color3">ffcacaca</color><!--tertiary textcolor-->
	<color name="Color7">FFebebeb</color><!--description / plot textcolor-->
	<color name="Color16">dd0072a9</color><!-- Setting focus-->

<!--buttons / control states-->
	<color name="Focused">FF111111</color>
	<color name="Disabled">ff9a9a9a</color>
	<color name="Selected">ff27ae60</color>
	<color name="Warning">ffff4e4e</color>

<!--columns / lists-->
	<color name="column1">ffffffff</color><!--main columns text color-->
	<color name="column2">ff004160</color><!--primary columns base color-->
	<color name="column3">ff004160</color><!--secondary columns base color-->
	
<!--dialogs-->
	<color name="glyph_nf">ff7d7d7d</color>
	<color name="glyph_fo">ffffffff</color>
	<color name="Color4">FF696a6c</color><!--primary dialog textcolor-->
	<color name="Color5">FF000000</color><!--extra dark dialog textcolor-->

<!--Views-->
    <color name="Color_Art">ff6aa6cb</color><!--frames Panel ART-->
</colors>