<?xml version="1.0" encoding="UTF-8"?>
<colors>
<!--main colors-->
	<color name="base_1">ff90a3b6</color><!--main background color-->
	<color name="base_2">ff7d8994</color><!--primary overlay / menu color-->
	<color name="base_3">ff0c2c40</color><!--secondary overlay / menu color (home menu)-->
	<color name="base_33">ff90a3b6</color><!--secondary overlay / menu color (home menu)-->
	<color name="base_333">ff0c2c40</color><!--secondary overlay / menu color (home menu)-->
	<color name="base_4">eeb9b4a4</color><!--vignette2-->	
	<color name="base_5">ff91a3b0</color><!--main color menu horizontal-->
	<color name="base_6">ff081e2b</color><!--main color menu vertical-->
	<color name="base_7">ff667d8e</color><!--main color menu vertical-->
	<color name="accent_1">ff0c2c40</color><!--primary accent color (seekbar)-->
	<color name="accent_2">ff245678</color><!--secondary accent color (home submenu)-->
	<color name="accent_3">ff7e94a4</color><!--color  top title windows-->
	<color name="accent_4">ff676767</color><!--color supp -->
<!--text-->
    <color name="Color1">FFebebeb</color><!--Home textcolor-->
	<color name="Color11">ffffffff</color><!--main textcolor-->
	<color name="Color2">ff69a0d8</color><!--secondary textcolor -->
	<color name="Color3">ffffffff</color><!--tertiary textcolor-->
	<color name="Color4">FF696a6c</color><!--primary dialog textcolor-->
	<color name="Color5">FF000000</color><!--extra dark dialog textcolor-->
	<color name="Color7">FFf1f7e2</color><!--description / plot textcolor-->
	<color name="Color8">FFbcd4e6</color><!--description / plot textcolor-->
	<color name="Color9">FFd1e0d6</color><!--description / plot textcolor-->
	<color name="Color10">aa9c9c9c</color><!--OSD color info -->
	<color name="Color13">ffffffff</color>
	<color name="Color14">ff69a0d8</color>
	<color name="Color15">ff69a0d8</color>
	<color name="Color16">aa6da3d9</color><!-- Setting focus-->
	<color name="FocusSubmenu">ffffffff</color><!--Home textcolor-->

<!--buttons / control states-->
	<color name="Focused">FF111111</color>
	<color name="Disabled">ff9a9a9a</color>
	<color name="Selected">ff27ae60</color>
	<color name="Warning">ffff4e4e</color>

<!--columns / lists-->
	<color name="column1">ffffffff</color><!--main columns text color-->
	<color name="column2">dd0c2134</color><!--primary columns base color-->
	<color name="column3">ff7d8994</color><!--secondary columns base color-->
<!--Views-->
    <color name="Color_Art">ff90a3b6</color><!--frames Panel ART-->		
</colors>