<?xml version="1.0" encoding="UTF-8"?>
<colors>
<!--main colors-->
	<color name="base_1">ff4c4237</color><!--main background color-->
	<color name="base_2">dd44382f</color><!--primary overlay / menu color-->
	<color name="base_3">ff231b18</color><!--secondary overlay / menu color (home menu)-->
	<color name="base_33">ff231b18</color><!--secondary overlay / menu color (home menu)-->
	<color name="base_333">dd44382f</color><!--secondary overlay / menu color (home menu)-->
	<color name="base_4">dd44382f</color><!--vignette2-->
	<color name="base_5">dd44382f</color><!--main color menu horizontal-->
	<color name="base_6">ffffffff</color><!--main color menu vertical-->
	<color name="base_7">dd44382f</color><!--main color menu vertical-->
	<color name="accent_1">ff231b18</color><!--primary accent color (seekbar)-->
	<color name="accent_2">ff594b42</color><!--secondary accent color (home submenu)-->
	
<!--text-->
	<color name="Color1">ffffffff</color><!--main textcolor-->
	<color name="Color2">ffa29187</color><!--secondary textcolor-->
	<color name="Color3">ffcacaca</color><!--tertiary textcolor-->
	<color name="Color13">ffffffff</color>
	<color name="Color7">FFebebeb</color><!--description / plot textcolor-->
	

<!--buttons / control states-->
	<color name="Focused">FF111111</color>
	<color name="Disabled">ff9a9a9a</color>
	<color name="Selected">ff27ae60</color>
	<color name="Warning">ffff4e4e</color>

<!--columns / lists-->
	<color name="column1">ffffffff</color><!--main columns text color-->
	<color name="column2">dd44382f</color><!--primary columns base color-->
	<color name="column3">ff615346</color><!--secondary columns base color-->
	<color name="Color16">ff44382f</color><!-- Setting focus-->
	
<!--dialogs-->
	<color name="glyph_nf">ff7d7d7d</color>
	<color name="glyph_fo">ffffffff</color>
	<color name="Color4">FF696a6c</color><!--primary dialog textcolor-->
	<color name="Color5">FF000000</color><!--extra dark dialog textcolor-->
<!--Views-->
    <color name="Color_Art">ff4c4237</color><!--frames Panel ART-->			
</colors>