<?xml version="1.0" encoding="UTF-8"?>
<colors>
<!--main colors-->
	<color name="base_1">ff004470</color><!--main background color-->
	<color name="base_2">ff003957</color><!--primary overlay / menu color-->
	<color name="base_3">ff000000</color><!--secondary overlay / menu color (home menu)-->
	<color name="base_33">ff004470</color><!--main color menu vertical-->-->
	<color name="base_333">ff003957</color><!--main color menu vertical-->-->
	<color name="base_4">bb134782</color><!--vignette2-->
	<color name="accent_1">ff0c2c40</color><!--primary accent color (seekbar)-->
	<color name="accent_2">ff245678</color><!--secondary accent color (home submenu)-->
	<color name="accent_3">ff7e94a4</color><!--color  top title windows-->
	<color name="accent_4">ff09233f</color><!--color supp -->
	<color name="accent_5">aa000000</color><!--color overlays strip -->
	<color name="base_5">ff185982</color><!--main color menu horizontal-->
	<color name="base_6">ff081e2b</color><!--main color menu vertical-->
	<color name="base_7">ff295079</color><!--main color menu vertical-->
	<color name="base_8">ff000000</color><!--Submenu Horizontal-->
	<color name="base_9">faa5a5a5</color><!--view panel textbox layou color-->
		
<!--text-->
    <color name="Color1">FFebebeb</color><!--Home textcolor-->	
	<color name="Color2">ff9ec83e</color><!--secondary textcolor-->
	<color name="Color3">ffcacaca</color><!--tertiary textcolor-->
	<color name="Color4">FF696a6c</color><!--primary dialog textcolor-->
	<color name="Color5">FF000000</color><!--extra dark dialog textcolor-->
	<color name="Color7">FFf1f7e2</color><!--description / plot textcolor-->
	<color name="Color8">FFbcd4e6</color><!--description / plot textcolor-->
	<color name="Color9">FFd1e0d6</color><!--description / plot textcolor-->
	<color name="Color10">aa9c9c9c</color><!--OSD color info -->
	<color name="Color11">ffffffff</color><!--main textcolor-->
	<color name="Color13">ffffffff</color>
	<color name="Color16">aa0991ee</color><!-- Setting focus-->
	<color name="FocusSubmenu">ffffffff</color><!--Home textcolor-->

<!--buttons / control states-->
	<color name="Focused">FF111111</color>
	<color name="Disabled">ff9a9a9a</color>
	<color name="Selected">ff27ae60</color>
	<color name="Warning">ffff4e4e</color>

<!--columns / lists-->
	<color name="column1">ffffffff</color><!--main columns text color-->
	<color name="column2">ff185982</color><!--primary columns base color-->
	<color name="column3">ff003957</color><!--secondary columns base color-->
	
<!--Views-->
    <color name="Color_Art">ff003957</color><!--frames Panel ART-->
</colors>