<?xml version="1.0" encoding="UTF-8"?>
<colors>
<!--main colors-->
	<color name="base_1">ffa4d247</color><!--main background color-->
	<color name="base_2">ff9acd32</color><!--primary overlay / menu color-->
	<color name="base_3">ff9acd32</color><!--secondary overlay / menu color (home menu)-->
	<color name="base_33">ffa4d247</color><!--secondary overlay / menu color (home menu)-->
	<color name="base_333">ff9acd32</color><!--secondary overlay / menu color (home menu)-->
	<color name="base_4">ae9acd32</color><!--vignette2-->
	<color name="base_5">ee000000</color><!--main color menu horizontal-->
	<color name="base_6">ffffffff</color><!--main color menu vertical-->
	<color name="base_7">afd0cd65</color><!--main color menu vertical-->
	<color name="accent_1">ff0c402e</color><!--primary accent color (seekbar)-->
	<color name="accent_2">ff9acd32</color><!--secondary accent color (home submenu)-->
	
<!--text-->
	<color name="Color1">ffffffff</color><!--main textcolor-->
	<color name="Color2">ffd0cd65</color><!--secondary textcolor-->
	<color name="Color3">ffffffff</color><!--tertiary textcolor-->
	<color name="Color4">FF696a6c</color><!--primary dialog textcolor-->
	<color name="Color5">FF000000</color><!--extra dark dialog textcolor-->
	<color name="Color7">FFebebeb</color><!--description / plot textcolor-->
	<color name="Color13">ffffffff</color>
	<color name="Color16">ff9acd32</color><!-- Setting focus-->

<!--buttons / control states-->
	<color name="Focused">FF000000</color>
	<color name="Disabled">ff9a9a9a</color>
	<color name="Selected">ff27ae60</color>
	<color name="Warning">ffff4e4e</color>

<!--columns / lists-->
	<color name="column1">ffffffff</color><!--main columns text color-->
	<color name="column2">dd0b3126</color><!--primary columns base color-->
	<color name="column3">fa9acd32</color><!--secondary columns base color-->
	
<!--dialogs-->
	<color name="glyph_nf">ff7d7d7d</color>
	<color name="glyph_fo">ffffffff</color>
	<color name="Color4">FF696a6c</color><!--primary dialog textcolor-->
	<color name="Color5">FF000000</color><!--extra dark dialog textcolor-->
<!--Views-->
    <color name="Color_Art">ff9acd32</color><!--frames Panel ART-->		
</colors>