<?xml version="1.0" encoding="UTF-8"?>
<colors>
<!--main colors-->
	<color name="base_1">ff383838</color><!--main background color-->
	<color name="base_2">ee2d2d2d</color><!--primary overlay / menu color-->
	<color name="base_3">ff232323</color><!--secondary overlay / menu color (home menu)-->
	<color name="base_33">ff383838</color><!--secondary overlay / menu color (home menu)-->
	<color name="base_333">ff888888</color><!--primary overlay / menu color-->
	<color name="base_4">ff383838</color><!--vignette2-->
	<color name="accent_1">ff232323</color><!--primary accent color (seekbar)-->
	<color name="accent_2">ff494949</color><!--secondary accent color (home submenu)-->
	<color name="accent_3">ff7e94a4</color><!--color  top title windows-->
	<color name="accent_4">ff2d2d2d</color><!--color supp -->
	<color name="accent_5">aa000000</color><!--color overlays strip -->
	<color name="colorrefocus">ff004160</color><!--color refocus-->
	<color name="base_5">ddffc40d</color><!--main color menu horizontal-->
	<color name="base_6">ff383838</color><!--main color menu vertical-->
	<color name="base_7">ff7d7d7d</color><!--main color menu vertical-->
<!--text-->
	<color name="Color1">ffffffff</color><!--main textcolor-->
	<color name="Color2">ffffc40d</color><!--secondary textcolor-->
	<color name="Color3">ffffffff</color><!--tertiary textcolor-->
	<color name="Color4">FF696a6c</color><!--primary dialog textcolor-->
	<color name="Color5">FF000000</color><!--extra dark dialog textcolor-->
	<color name="Color7">FFebebeb</color><!--description / plot textcolor-->
	<color name="Color13">ffffffff</color>
	<color name="Color16">aaffc40d</color><!-- Setting focus-->
	<color name="FocusSubmenu">ffffffff</color><!--Home textcolor-->

<!--buttons / control states-->
	<color name="Focused">FF111111</color>
	<color name="Disabled">ff9a9a9a</color>
	<color name="Selected">ff27ae60</color>
	<color name="Warning">ffff4e4e</color>

<!--columns / lists-->
	<color name="column1">ffffffff</color><!--main columns text color-->
	<color name="column2">aaffc40f</color><!--primary columns base color-->
	<color name="column3">ff505050</color><!--secondary columns base color-->
<!--Views-->
    <color name="Color_Art">ff2d2d2d</color><!--frames Panel ART-->			
</colors>