<?xml version="1.0" encoding="UTF-8"?>
<colors>
<!--main colors-->
	<color name="base_1">ff20a5fe</color><!--main background color-->
	<color name="base_2">ff016eb8</color><!--primary overlay / menu color-->
	<color name="base_3">ff040e15</color><!--secondary overlay / menu color (home menu)-->
	<color name="base_333">aa20a5fe</color><!--secondary overlay / menu color (home menu)-->
	<color name="base_4">ee1a5faf</color><!--vignette2-->
	<color name="accent_1">ff0000000</color><!--primary accent color (seekbar)-->
	<color name="accent_2">ff018dea</color><!--secondary accent color (home submenu)-->
	<color name="accent_3">ff7e94a4</color><!--color  top title windows-->
	<color name="accent_4">ff01416c</color><!--color supp -->
	<color name="accent_5">aa000000</color><!--color overlays strip -->
	<color name="colorrefocus">ff004160</color><!--color refocus-->
	<color name="base_5">ff079bfe</color><!--main color menu horizontal-->
	<color name="base_6">ff081e2b</color><!--main color menu vertical-->
	<color name="base_7">aa20a5fe</color><!--main color submenu vertical-->
	
<!--text-->
    <color name="Color1">FFffffff</color><!--Home textcolor-->
	<color name="Color11">ffffffff</color><!--main textcolor-->
	<color name="Color2">ffffffff</color><!--secondary textcolor-->
	<color name="Color3">fff4faff</color><!--tertiary textcolor-->
	<color name="Color4">FF696a6c</color><!--primary dialog textcolor-->
	<color name="Color5">FF000000</color><!--extra dark dialog textcolor-->
	<color name="Color7">FFf1f7e2</color><!--description / plot textcolor-->
	<color name="Color8">FFbcd4e6</color><!--description / plot textcolor-->
	<color name="Color9">FFd1e0d6</color><!--description / plot textcolor-->
	<color name="Color10">aa01dea</color><!--OSD color info -->
	<color name="Color13">ffffffff</color>
	<color name="Color16">ff20a5fe</color><!-- Setting focus-->

<!--buttons / control states-->
	<color name="Focused">FF111111</color>
	<color name="Disabled">ff9a9a9a</color>
	<color name="Selected">ff27ae60</color>
	<color name="Warning">ffff4e4e</color>

<!--columns / lists-->
	<color name="column1">ffffffff</color><!--main columns text color-->
	<color name="column2">ff0c2134</color><!--primary columns base color-->
	<color name="column3">ff079bfe</color><!--secondary columns base color-->
<!--Views-->
    <color name="Color_Art">ff20a5fe</color><!--frames Panel ART-->		
</colors>