<?xml version="1.0" encoding="UTF-8"?>
<window>
	<defaultcontrol always="true">50</defaultcontrol>
	<allowoverlay>yes</allowoverlay>
	<views>50,522,572,574,60</views>
	<controls>

	<!--global includes-->
		<include>global_Background</include>
		<include>global_Includes</include>
		<include>global_MenuGuide</include>
		<include>windowTitle_Addons</include>
		<include>PageControls</include>

	<!--view includes-->
		<include>view_List</include><!--view 50-->
		<include>view_SlideSquare</include><!--view 522-->
		<include>view_IconSquare</include><!--view 572-->
		<include>view_IconSquareSmall</include><!--view 574-->
		<include>view_Tiles</include><!--view 60-->

	<!--content includes-->
		<include>detail_Slide</include>
		<include>detail_ListAddons</include>

	<!--menu-->
		<include>menu_Addons</include>
	</controls>
</window>