<?xml version="1.0" encoding="UTF-8"?>
<window type="dialog" id="710">
	<defaultcontrol>149</defaultcontrol>
	<include>Animation_TopDialogPopup</include>		
	<height>300</height>
	<coordinates>
		<system>1</system>
		<left>0</left>
		<top>0</top>
		<origin x="0" y="0" />
	</coordinates>
	<zorder>1</zorder>
	<controls>	
	<control type="image" id="149">
			<width>270</width>
			<height>80</height>
			<texture border="20,0,20,0">dialogs/frame/menu_bottom.png</texture>
			<colordiffuse>base_2</colordiffuse>
		</control>
		<control type="image">
			<left>4</left>
			<top>18</top>
			<width>650</width>			
			<include>dialog_Separator</include>
		</control>
		<!-- Thumbnails Small-->
		<control type="image">
			<left>0</left>
			<top>60</top>
			<width>270</width>
			<height>720</height>
			<include>dialog_Menu</include>
			<colordiffuse></colordiffuse>
		</control>	
		<control type="image" id="1490">
	<top>185</top>
	<left>0</left>
			<width>270</width>
			<height>20</height>
			<texture border="20,0,20,0">dialogs/frame/menu_bottom.png</texture>
			<colordiffuse>Color3</colordiffuse>
		</control>
		<control type="label">	
					<left>-1050</left>
			<top>15</top>
					    <label>SETTINGS</label>
						<align>center</align>
					    <font>normal</font>
				        <textcolor>Color3</textcolor>					   
					</control>
			<control type="label">	
					<left>-1150</left>
			<top>70</top>
					    <label>LAYOUT</label>
						<align>center</align>
					    <font>normal</font>
				        <textcolor>ff000000</textcolor>					   
					</control>
		<control type="label">	
					<left>-1050</left>
			<top>95</top>
					    <label>Simple</label>
						<align>center</align>
					    <font>normal</font>
				        <textcolor>ff000000</textcolor>					   
					</control>			
		<control type="label">	
					<left>-1170</left>
			<top>125</top>
					    <label>VIEW</label>
						<align>center</align>
					    <font>normal</font>
				        <textcolor>ff000000</textcolor>					   
					</control>
				<control type="label">	
				<left>-1100</left>
			<top>150</top>
					    <label></label>
						<align>center</align>
					    <font>normal</font>
				        <textcolor>ff000000</textcolor>					   
					</control>			
		<control type="label">	
					<left>-1050</left>
			<top>200</top>
					    <label>OPTIONS</label>
						<align>center</align>
					    <font>normal</font>
				        <textcolor>ff000000</textcolor>					   
					</control>						
				
		<control type="grouplist" id="149">
		<onleft>back</onleft>
		<onright>back</onright>
			<left>5</left>
			<top>250</top>
			<width>275</width>
			<height min="40" max="720">auto</height>
			<itemgap>0</itemgap>
					
				 <control type="radiobutton" id="153">					
					<label>Display Info</label>
					<width>260</width>	
					<onclick>Skin.ToggleSetting(SimplePoster.Info)</onclick>
					<onclick>Skin.ToggleSetting(SimplePoster.AutoInfo)</onclick>
		                <selected>Skin.HasSetting(SimplePoster.Info)</selected>	
						<include>menu_Button2</include>
					<include>menu_RadioButton2</include>
				 </control>	
				 <control type="radiobutton" id="154">					
					<label>Display Info Auto</label>
					<width>260</width>	
					<onclick>Skin.ToggleSetting(SimplePoster.AutoInfo)</onclick>
					<onclick>Skin.ToggleSetting(SimplePoster.Info)</onclick>
		                <selected>!Skin.HasSetting(SimplePoster.AutoInfo)</selected>	
						<include>menu_Button2</include>
					<include>menu_RadioButton2</include>
				 </control>	
				 <control type="radiobutton" id="155">					
					<label>Hidden Info </label>
					<width>260</width>	
					<onclick>Skin.ToggleSetting(SimplePoster.noInfo)</onclick>
					
		                <selected>!Skin.HasSetting(SimplePoster.noInfo)</selected>	
						<include>menu_Button2</include>
					<include>menu_RadioButton2</include>
				 </control>	
				 <control type="radiobutton" id="156">					
                        <label>Discart</label>
						<width>260</width>	
		               <onclick>Skin.ToggleSetting(SimpleDiscart.movies.enable)</onclick>
		                <selected>Skin.HasSetting(SimpleDiscart.movies.enable)</selected>
						<include>menu_Button2</include>
					<include>menu_RadioButton2</include>
		            </control>
		</control>
	</controls>
</window>