<?xml version="1.0" encoding="UTF-8"?>
<window id="200" type="dialog">
	<defaultcontrol always="true">10</defaultcontrol>
	<include>transition_Dialog</include>
	<onunload condition="!IsEmpty(Window(200).Property(ConfirmDialog))">ClearProperty(ConfirmDialog,200)</onunload>
	<coordinates>
		<left>365</left>
		<top>235</top>
	</coordinates>
	<controls>
		<control type="image">
			<width>550</width>
			<height>220</height>
			<include>dialog_Window</include>
		</control>
		<control type="label" id="1">
			<width>542</width>
			<label>$VAR[confirm_Windowtitle]</label>
			<include>dialog_Windowtitle</include>
		</control>
		<!--textbox-->
		<control type="textbox" id="9">
			<left>15</left>
			<top>60</top>
			<width>520</width>
			<height max="90">auto</height>
			<label>$VAR[confirm_Textbox]</label>
			<align>center</align>
			<aligny>top</aligny>
			<include>dialog_Text</include>
		</control>
	<!--dialog controls-->
		<control type="group">
			<top>155</top>
			<left>150</left>
			<!--yes-->
			<control type="button" id="11">
				<label>$LOCALIZE[107]</label>
				<onleft>10</onleft>
				<onright>10</onright>
				<onup>11</onup>
				<ondown>11</ondown>
				<onclick>Dialog.Close(all,true)</onclick>
				<!--skin reload-->
				<onclick condition="StringCompare(Window(200).Property(ConfirmDialog),ReloadSkin)">SetProperty(Confirmed,true)</onclick>
				<onclick condition="StringCompare(Window(200).Property(ConfirmDialog),ReloadSkin)">Skin.Reset(HomeBackground)</onclick>
				<onclick condition="StringCompare(Window(200).Property(ConfirmDialog),ReloadSkin)">Skin.SetString(HomeBackground,fanart)</onclick>
				<onclick condition="StringCompare(Window(200).Property(ConfirmDialog),ReloadSkin)">AlarmClock(SkinInit,ReplaceWindow(startup),00:01,silent)</onclick>
				<!--reset skin settings-->
				<onclick condition="StringCompare(Window(200).Property(ConfirmDialog),ResetSettings)">Skin.ResetSettings</onclick>
				<onclick condition="StringCompare(Window(200).Property(ConfirmDialog),ResetSettings)">ActivateWindow(SkinSettings)</onclick>
				<include>dialog_WindowButton</include>
			</control>
			<!--no-->
			<control type="button" id="10">
				<left>130</left>
				<label>$LOCALIZE[106]</label>
				<onleft>11</onleft>
				<onright>11</onright>
				<onup>10</onup>
				<ondown>10</ondown>
				<onclick>Close</onclick>
				<include>dialog_WindowButton</include>
			</control>
		</control>
	</controls>
</window>