<?xml version="1.0" encoding="UTF-8"?>
<window>
	<defaultcontrol always="true">11</defaultcontrol>
	<include>transition_Dialog</include>
	<coordinates>
		<system>1</system>
		<left>290</left>
		<top>65</top>
	</coordinates>
	<controls>
		<control type="group">
			<control type="image">
				<width>700</width>
				<height>590</height>
				<include>dialog_Window</include>
			</control>
			<control type="label" id="1">
				<width>692</width>
				<scroll>true</scroll>
				<label>$INFO[VideoPlayer.ChannelGroup]</label>
				<include>dialog_Windowtitle</include>
				<visible>PVR.IsPlayingTV</visible>
			</control>
			<control type="label" id="1">
				<left>4</left>
				<top>55</top>
				<width>692</width>
				<label>$INFO[System.Date]$INFO[System.Time, - ]</label>
				<include>dialog_Header</include>
				<include>dialog_ControlCommons</include>
			</control>
			<control type="image">
				<left>4</left>
				<top>95</top>
				<width>692</width>
				<include>dialog_SectionSeparator</include>
			</control>
			<control type="list" id="11">
				<left>4</left>
				<top>95</top>
				<width>692</width>
				<height>480</height>
				<onleft>PreviousChannelGroup</onleft>
				<onright>NextChannelGroup</onright>
				<onup>11</onup>
				<ondown>11</ondown>
				<include>global_ListScroll</include>
				<itemlayout width="663" height="80">
					<control type="image">
						<width>692</width>
						<height>80</height>
						<include>dialog_CommonList</include>
					</control>
					<control type="group">
						<left>4</left>
						<top>4</top>
						<control type="image">	
							<width>72</width>
							<height>72</height>
							<texture>thumbs/default_Square.png</texture>
							<visible>IsEmpty(ListItem.Art(thumb))</visible>
						</control>
						<control type="image">
							<left>12</left>
							<top>12</top>
							<width>48</width>
							<height>48</height>
							<texture colordiffuse="Color1">LiveTV.png</texture>
							<visible>IsEmpty(ListItem.Art(thumb))</visible>
						</control>
						<control type="image">
							<width>72</width>
							<height>72</height>
							<texture>$INFO[ListItem.Art(thumb)]</texture>
						</control>
					</control>
					<control type="group">
						<left>75</left>
						<top>7</top>
						<control type="label">
							<width>540</width>
							<label>[B]$INFO[ListItem.Title][/B] ($INFO[ListItem.StartTime,,- ]$INFO[ListItem.EndTime])</label>
							<aligny>top</aligny>
							<include>dialog_CommonListItem</include>
						</control>	
						<control type="progress">
							<left>15</left>
							<top>33</top>
							<width>540</width>
							<height>2</height>
							<reveal>true</reveal>
							<texturebg colordiffuse="Color4">pvr/progress.png</texturebg>
							<lefttexture colordiffuse="Color2">-</lefttexture>
							<midtexture colordiffuse="Selected">pvr/progress-nib.png</midtexture>
							<righttexture colordiffuse="Color2">-</righttexture>
							<info>ListItem.Progress</info>
						</control>
						<control type="label">
							<top>37</top>
							<width>540</width>
							<label>$LOCALIZE[209]$INFO[ListItem.NextTitle,: ]</label>
							<aligny>top</aligny>
							<include>dialog_CommonListItem</include>
						</control>
					</control>
					<control type="image">
						<left>655</left>
						<top>29</top>
						<texture>$VAR[pvr_Status]</texture>
						<include>dialog_PVRstatus</include>
					</control>
				</itemlayout>
				<focusedlayout width="663" height="80">
					<control type="image">
						<width>692</width>
						<height>80</height>
						<include>dialog_CommonList</include>
					</control>
					<control type="image">
						<width>692</width>
						<height>80</height>
						<include>dialog_CommonListFocus</include>
					</control>
					<control type="group">
						<left>4</left>
						<top>4</top>
						<control type="image">	
							<width>72</width>
							<height>72</height>
							<texture>thumbs/default_Square.png</texture>
							<visible>IsEmpty(ListItem.Art(thumb))</visible>
						</control>
						<control type="image">
							<left>12</left>
							<top>12</top>
							<width>48</width>
							<height>48</height>
							<texture colordiffuse="Color1">LiveTV.png</texture>
							<visible>IsEmpty(ListItem.Art(thumb))</visible>
						</control>
						<control type="image">
							<width>72</width>
							<height>72</height>
							<texture>$INFO[ListItem.Art(thumb)]</texture>
						</control>
					</control>
					<control type="group">
						<left>75</left>
						<top>7</top>
						<control type="label">
							<width>540</width>
							<label>[B]$INFO[ListItem.Title][/B] ($INFO[ListItem.StartTime,,- ]$INFO[ListItem.EndTime])</label>
							<aligny>top</aligny>
							<include>dialog_CommonListItemFocus</include>
						</control>	
						<control type="progress">
							<left>15</left>
							<top>33</top>
							<width>540</width>
							<height>2</height>
							<reveal>true</reveal>
							<texturebg colordiffuse="Color4">pvr/progress.png</texturebg>
							<lefttexture colordiffuse="Color2">-</lefttexture>
							<midtexture colordiffuse="Selected">pvr/progress-nib.png</midtexture>
							<righttexture colordiffuse="Color2">-</righttexture>
							<info>ListItem.Progress</info>
						</control>
						<control type="label">
							<top>37</top>
							<width>540</width>
							<label>$LOCALIZE[209]$INFO[ListItem.NextTitle,: ]</label>
							<aligny>top</aligny>
							<include>dialog_CommonListItemFocus</include>
						</control>
					</control>
					<control type="image">
						<left>655</left>
						<top>28</top>
						<texture>$VAR[pvr_Status]</texture>
						<colordiffuse>Color1</colordiffuse>
						<include>dialog_PVRstatus</include>
					</control>
				</focusedlayout>
			</control>
		</control>
	</controls>
</window>