<?xml version="1.0" encoding="UTF-8"?>
<window>	
	<defaultcontrol>1000</defaultcontrol>
	<include>transition_Dialog</include>	
	<coordinates>
		<system>1</system>
		<left>0</left>
		<top>0</top>
		<origin x="485" y="100" />
	</coordinates>
	<controls>
		<control type="image" id="995">
			<width>310</width>
			<height>350</height>
			<include>dialog_Menu</include>
		</control>
		<control type="image">
			<left>4</left>
			<top>18</top>
			<width>302</width>
			<include>dialog_Separator</include>
		</control>
		<control type="grouplist" id="996">
			<left>4</left>
			<top>18</top>
			<width>302</width>
			<height min="40" max="680">auto</height>
			<itemgap>0</itemgap>
			<control type="button" id="997">
				<width>302</width>
				<label>$LOCALIZE[20410]</label>
				<onclick>PlayMedia($ESCINFO[ListItem.Trailer])</onclick>
				<include>dialog_ControlCommons</include>
				<visible>Container.Content(movies) + !IsEmpty(ListItem.Trailer)</visible>
			</control>
			<control type="button" id="998">
			<width>302</width>
        <label>Information $INFO[ListItem.Label]</label>
        <onclick>RunScript(script.metadata.actors,$INFO[ListItem.Label])</onclick>
        <include>dialog_ControlCommons</include>
		<visible>System.HasAddon(script.metadata.actors) + [Container.Content(actors) | Container.Content(artist)]</visible>
    </control>
	<control type="button" id="9980">
			<width>302</width>
        <label>Library Editor</label>
        <onclick>RunScript(script.libraryeditor,DBID=$INFO[ListItem.DBID])</onclick>
        <include>dialog_ControlCommons</include>
		<visible>Skin.HasSetting(libraryeditor.enable) + [Container.Content(movies) | Container.Content(tvshows) | Container.Content(seasons) | Container.Content(episodes) | Container.Content(music) | Container.Content(albums) | Container.Content(songs)]</visible>
    </control>
	</control>
		<!--default button-->
		<control type="button" id="1000">
			<left>9</left>
			<width>335</width>
			<include>dialog_ControlCommons</include>
		</control>
	</controls>
</window>