<?xml version="1.0" encoding="UTF-8"?>
<window>
	<defaultcontrol always="true">8000</defaultcontrol>
	 <onload>ClearProperty(script.metadata.actors.isactive)</onload>
	<allowoverlay>no</allowoverlay>
	<onload condition="System.HasAddon(script.tvtunes) + Skin.HasSetting(tvtunes.enable) + !SubString(Window(Videos).Property(CinemaExperienceRunning),True)">RunScript(script.tvtunes,backend=True)</onload>
	<onload condition="System.HasAddon(script.videoextras) + Skin.HasSetting(Enable.videoextras)">XBMC.RunScript(script.videoextras,check,"$INFO[ListItem.FilenameAndPath]")</onload>
    <onload condition="System.HasAddon(script.metadata.actors) + Skin.HasSetting(metadataactor.enable)">RunScript(script.metadata.actors,backend)</onload> 
	
	<controls>	
		<control type="group">	
		<include>Animation_Window</include>	
	<include>global_Background</include>	
	<animation effect="fade" start="100" end="0" time="300" condition="StringCompare(Window.Property(script.metadata.actors.isactive),1)">Conditional</animation>

			<include>transition_Content</include>
			<!--images-->
			<control type="image">			
			<width>screen_Dimensions</width>
			<height>1080</height>
			<texture background="true"colordiffuse="190000000">view/frame_dialogInfo_back.png</texture>
			<aspectratio>stretch</aspectratio>
			</control>
			<control type="image">
			<top>175</top>
			<left>325</left>
			<width>1000</width>
			<height>43</height>
			<texture background="true"colordiffuse="base_2">frames/strip.png</texture>
			<aspectratio>stretch</aspectratio>
			</control>			
			<control type="group">	
			<top>250</top>
			<left>20</left>
				<width>290</width>
				<height>450</height>
				
				<control type="image">
                        <left>45</left>
                        <top>110</top>
                        <width>205</width>
                        <height>205</height>
                        <aspectratio>keep</aspectratio>
                        <texture background="true">$VAR[Icon_Discart]</texture>
						 <animation type="WindowOpen">
					<effect type="slide" delay="1750" end="0,-230" time="450" tween="quadratic"/>
					<effect type="fade" start="0" end="100" time="600" delay="1100"/>
					</animation>					
					<animation effect="fade" start="100" end="0" time="300">WindowClose</animation>
					<animation type="Hidden">
					<effect type="slide" start="0,-230" end="0" time="150" tween="quadratic" easing="in"/>
					<effect type="fade" start="-100" end="0" time="250"/>
					</animation>
					<visible allowhiddenfocus="true">!Control.HasFocus(50)</visible>
					 </control>					 
				<control type="image">
				<width>290</width>
				<height>42</height>
					<texture>thumbs/default_Portrait.png</texture>
					<aspectratio>scale</aspectratio>
				</control>
				<control type="group">
					<visible>!Control.HasFocus(50)</visible>
					<control type="image">					
						<width>290</width>
				<height>450</height>
						<texture background="true">$VAR[thumb_Portrait]</texture>
						<aspectratio>scale</aspectratio>
						<visible>[Container.Content(movies) | Container.Content(tvshows) | Container.Content(seasons) | Container.Content(episodes)]</visible>
					</control>					
						<control type="image">						
						<top>-35</top>
						<left>700</left>
						<width>580</width>
				<height>520</height>
						<texture diffuse="view\frame_dialogInfo.png">$VAR[thumb_Landscape]</texture>
						<aspectratio>scale</aspectratio>
						<visible>[Container.Content(movies) | Container.Content(tvshows) | Container.Content(seasons) | Container.Content(episodes)]</visible>
					</control>
				</control>
				
				<control type="image">
					<centerleft>200</centerleft>
					<centertop>300</centertop>
					<width>128</width>
					<height>128</height>
					<texture>$INFO[ListItem.ActualIcon]</texture>
					<visible>IsEmpty(ListItem.Art(thumb))</visible>
				</control>
				<control type="group">
					<visible>Control.HasFocus(50)</visible>
					
					<control type="image">
						<width>290</width>
						<height>450</height>
						<texture fallback="thumbs/default_Actor.png" background="true">$INFO[Container(50).Listitem.Art(thumb)]</texture>
						<aspectratio>scale</aspectratio>
						<fadetime>fadetime_Thumb</fadetime>
						<visible>!Container.Content(musicvideos)</visible>
					</control>
					<control type="image">
						<width>49</width>
						<height>414</height>
						<texture background="true" fallback="thumbs/music_landscape.jpg">$INFO[ListItem.Art(thumb)]</texture>
						<aspectratio>scale</aspectratio>
						<visible>Container.Content(musicvideos)</visible>
					</control>
						<control type="image">
						<visible>Control.HasFocus(8004) | Control.HasFocus(50)</visible>
						<top>-35</top>
						<left>700</left>
						<width>580</width>
				<height>520</height>
						<texture diffuse="view\frame_dialogInfo.png">$VAR[thumb_Landscape]</texture>
						<aspectratio>scale</aspectratio>
						<visible>[Container.Content(movies) | Container.Content(tvshows) | Container.Content(seasons) | Container.Content(episodes)]</visible>
					</control>
				</control>
			</control>

			<!--header-->			
				<control type="group">
				<left>325</left>
				<top>60</top>	
				<control type="image">
					<left>725</left>
					<top>-25</top>
					<width>165</width>
					<height>64</height>
					<include>art_ClearLogo</include>					
				</control> 
				<control type="label">
					<width>650</width>
					<height>27</height>
					<label>$INFO[ListItem.Title]</label>
					<font>black_Title</font>
				</control>
				<control type="label">
					<label>$VAR[videoinformation_Header]</label>
					<width>650</width>
				<top>30</top>
					<height>50</height>
					<include>detail_Sub</include>
				</control>
				</control>
				<!--info container-->
				<control type="grouplist" id="1000">
					<orientation>vertical</orientation>
					<top>240</top>
			<left>325</left>
					<height>320</height>
					<itemgap>0</itemgap>
					<control type="group">
						<width>600</width>
						<height>24</height>
						<visible>!IsEmpty(ListItem.Genre)</visible>
						<control type="label">
							<width>720</width>
							<label>$LOCALIZE[515] [COLOR=Color1]$INFO[ListItem.Genre][/COLOR]</label>
							<include>detail_Sub</include>
							<include>autoscroll_Line</include>
						</control>
					</control>
					<!--episode count-->
					<control type="group">
						<width>600</width>
						<height>22</height>
						<visible>Container.Content(tvshows)</visible>
						<control type="label">
							<width>600</width>
							<label>$LOCALIZE[20360] [COLOR=Color1]$INFO[ListItem.Episode] ($INFO[ListItem.Property(UnWatchedEpisodes)] $LOCALIZE[16101])[/COLOR]</label>
							<include>detail_Sub</include>
							<include>autoscroll_Line</include>
						</control>
					</control>
					<!--next air date-->
					<control type="group">
						<width>600</width>
						<height>22</height>
						<visible>Container.Content(tvshows) + !IsEmpty(Window(Home).Property(NextAired.NextDate))</visible>
						<control type="label">
							<width>600</width>
							<label>$LOCALIZE[31502] [COLOR=Color1]$INFO[Window(Home).Property(NextAired.NextDate)][/COLOR]</label>
							<include>detail_Sub</include>
							<include>autoscroll_Line</include>
						</control>
					</control>
					<!--last aired date-->
					<control type="group">
						<width>600</width>
						<height>22</height>
						<visible>Container.Content(tvshows) + !IsEmpty(Window(Home).Property(NextAired.Label))</visible>
						<control type="label">
							<width>600</width>
							<label>$LOCALIZE[31501] [COLOR=Color1]$INFO[Window(Home).Property(NextAired.LatestDate)] ($LOCALIZE[20373]$INFO[Window(Home).Property(NextAired.LatestSeasonNumber), ] - $LOCALIZE[20452]$INFO[Window(Home).Property(NextAired.LatestEpisodeNumber), ])[/COLOR]</label>
							<include>detail_Sub</include>
							<include>autoscroll_Line</include>
							<visible>!IsEmpty(Window(Home).Property(NextAired.LatestDate)) + !StringCompare(Window(Home).Property(NextAired.Status),canceled/ended)</visible>
						</control>
					</control>
					<!--first aired date-->
					<control type="group">
						<width>600</width>
						<height>22</height>
						<visible>Container.Content(tvshows) + !IsEmpty(Window(Home).Property(NextAired.Premiered))</visible>
						<control type="label">
							<width>600</width>
							<label>$LOCALIZE[20416] [COLOR=Color1]$INFO[Window(Home).Property(NextAired.Premiered)][/COLOR]</label>
							<include>detail_Sub</include>
							<include>autoscroll_Line</include>
						</control>
					</control>
					<!--episode air date-->
					<control type="group">
						<width>600</width>
						<height>22</height>
						<visible>!IsEmpty(ListItem.Date) + Container.Content(episodes)</visible>
						<control type="label">
							<width>600</width>
							<label>$LOCALIZE[20416] [COLOR=Color1]$INFO[ListItem.Date][/COLOR]</label>
							<include>detail_Sub</include>
							<include>autoscroll_Line</include>
						</control>
					</control>
					<!--writer-->
					<control type="group">
						<width>600</width>
						<height>22</height>
						<visible>!IsEmpty(ListItem.Writer)</visible>
						<control type="label">
							<width>600</width>
							<label>$LOCALIZE[20417] [COLOR=Color1]$INFO[ListItem.Writer][/COLOR]</label>
							<include>detail_Sub</include>
							<include>autoscroll_Line</include>
						</control>
					</control>
					<!--director-->
					<control type="group">
						<width>600</width>
						<height>22</height>
						<visible>!IsEmpty(ListItem.Director)</visible>
						<control type="label">
							<width>600</width>
							<label>$LOCALIZE[20339] [COLOR=Color1]$INFO[ListItem.Director][/COLOR]</label>
							<include>detail_Sub</include>
							<include>autoscroll_Line</include>
						</control>
					</control>
					<!--studio-->
					<control type="group">
						<width>600</width>
						<height>22</height>
						<visible>Container.Content(movies) + !IsEmpty(ListItem.Studio)</visible>
						<control type="label">
							<width>600</width>
							<label>$LOCALIZE[572] [COLOR=Color1]$INFO[ListItem.Studio][/COLOR]</label>
							<include>detail_Sub</include>
							<include>autoscroll_Line</include>
						</control>
					</control>
					<!--channel-->
					<control type="group">
						<width>600</width>
						<height>22</height>
						<visible>!Container.Content(movies) + !IsEmpty(ListItem.Studio)</visible>
						<control type="label">
							<width>600</width>
							<label>$LOCALIZE[19029] [COLOR=Color1]$INFO[ListItem.Studio][/COLOR]</label>
							<include>detail_Sub</include>
							<include>autoscroll_Line</include>
						</control>
					</control>
					<!--rating-->
					<control type="group">
						<width>600</width>
						<height>22</height>
						<visible>!IsEmpty(ListItem.RatingAndVotes)</visible>
						<control type="label">
							<width>600</width>
							<label>$LOCALIZE[563] [COLOR=Color1]$INFO[ListItem.RatingAndVotes][/COLOR]</label>
							<include>detail_Sub</include>
							<include>autoscroll_Line</include>
						</control>
					</control>
					<!--mpaa-->
					<control type="group">
						<width>600</width>
						<height>22</height>
						<visible>!IsEmpty(ListItem.MPAA)</visible>
						<control type="label">
							<width>600</width>
							<label>$LOCALIZE[31500] [COLOR=Color1]$INFO[ListItem.MPAA][/COLOR]</label>
							<include>detail_Sub</include>
							<include>autoscroll_Line</include>
						</control>
					</control>
					<!--duration-->
					<control type="group">
						<width>600</width>
						<height>22</height>
						<visible>!IsEmpty(ListItem.Duration)</visible>
						<control type="label">
							<width>600</width>
							<label>$LOCALIZE[180] [COLOR=Color1]$INFO[ListItem.Duration] $LOCALIZE[12391][/COLOR]</label>
							<include>detail_Sub</include>
							<include>autoscroll_Line</include>
						</control>
					</control>
					<!--video codec-->
					<control type="group">
						<width>600</width>
						<height>22</height>
						<visible>Container.Content(musicvideos) + !IsEmpty(ListItem.VideoCodec)</visible>
						<control type="label">
							<width>600</width>
							<label>[COLOR=Color2]$LOCALIZE[21445][/COLOR] $INFO[ListItem.VideoCodec]</label>
							<textcolor>Color1</textcolor>
							<include>detail_Sub</include>
							<include>autoscroll_Line</include>
						</control>
					</control>
					<!--audio codec-->
					<control type="group">
						<width>600</width>
						<height>22</height>
						<visible>Container.Content(musicvideos) + !IsEmpty(ListItem.AudioCodec)</visible>
						<control type="label">
							<width>6000</width>
							<label>[COLOR=Color2]$LOCALIZE[21446][/COLOR] $INFO[ListItem.AudioCodec]</label>
							<textcolor>Color1</textcolor>
							<include>detail_Sub</include>
							<include>autoscroll_Line</include>
						</control>
					</control>
					<!--audio channels-->
					<control type="group">
						<width>600</width>
						<height>22</height>
						<visible>Container.Content(musicvideos) + !IsEmpty(ListItem.AudioChannels)</visible>
						<control type="label">
							<width>600</width>
							<label>[COLOR=Color2]$LOCALIZE[21444][/COLOR] $INFO[ListItem.AudioChannels]</label>
							<textcolor>Color1</textcolor>
							<include>detail_Sub</include>
							<include>autoscroll_Line</include>
						</control>
					</control>
					<!--audio language-->
					<control type="group">
						<width>600</width>
						<height>22</height>
						<visible>!IsEmpty(ListItem.AudioLanguage)</visible>
						<control type="label">
							<width>600</width>
							<label>[COLOR=Color2]$LOCALIZE[21447][/COLOR] $INFO[ListItem.AudioLanguage]</label>
							<textcolor>Color1</textcolor>
							<include>detail_Sub</include>
							<include>autoscroll_Line</include>
						</control>
					</control>
					<!--subtitle language-->
					<control type="group">
						<width>600</width>
						<height>22</height>
						<visible>!IsEmpty(ListItem.SubtitleLanguage)</visible>
						<control type="label">
							<width>600</width>
							<label>[COLOR=Color2]$LOCALIZE[287][/COLOR] $INFO[ListItem.SubtitleLanguage]</label>
							<textcolor>Color1</textcolor>
							<include>detail_Sub</include>
							<include>autoscroll_Line</include>
						</control>
					</control>
					<!--path-->
					<control type="group">
						<width>600</width>
						<height>22</height>
						<control type="label">
							<width>600</width>
							<label>[COLOR=Color2]$LOCALIZE[573][/COLOR] $INFO[ListItem.Path]</label>
							<textcolor>Color1</textcolor>
							<include>detail_Sub</include>
							<include>autoscroll_Line</include>
						</control>
					</control>
				</control>
				<!--spacer-->
				<control type="label">
					<label>-</label>
					<height>20</height>
				</control>
				<!--button area-->
				<control type="grouplist" id="8000">
				<top>175</top>
			<left>325</left>
					<height>45</height>
					<width>910</width>
					<itemgap>5</itemgap>
					<orientation>horizontal</orientation>
					<!--play-->
					<control type="group">
						<width>125</width>
						<visible>!Container.Content(tvshows)</visible>
						<control type="button" id="8001">
							<label>$LOCALIZE[208]</label>
							<onclick>SendClick(2003,8)</onclick>
							<onleft>8010</onleft>
							<onright>8002</onright>
							<include>column_Button</include>
						</control>
					</control>
					<!--cinema-->
					<control type="group">
						<width>125</width>
						<visible>Container.Content(movies) + System.HasAddon(script.cinema.experience) + !SubString(ListItem.Path,plugin://) + !Skin.HasSetting(script.cinema.experience)</visible>
						<control type="button" id="8002">
							<label>Cinema</label>
							<onclick>Dialog.Close(MovieInformation)</onclick>
							<onclick>Playlist.Clear</onclick>
							<onclick>XBMC.RunScript(script.cinema.experience,movieid=$INFO[ListItem.DBID])</onclick>
							<onleft>8001</onleft>
							<onright>8003</onright>
							<include>column_Button</include>
						</control>
					</control>
					<!--browse-->
					<control type="group">
						<width>125</width>
						<visible>Container.Content(tvshows)</visible>
						<control type="button" id="8003">
							<label>$LOCALIZE[1024]</label>
							<onclick>SendClick(2003,8)</onclick>
							<onleft>8002</onleft>
							<onright>8004</onright>
							<include>column_Button</include>
						</control>
					</control>
					<!--cast/artists-->
					<control type="group">
						<width>125</width>
						<control type="button" id="8004">
							<label>$VAR[videoinformation_Cast]</label>
							<onclick>SendClick(2003,5)</onclick>
							<ondown>50</ondown>
							<onleft>8003</onleft>
							<onright>8005</onright>
							<include>column_Button</include>
						</control>
					</control>
					<!--trailer-->
					<control type="group">
						<width>125</width>
						<visible>!IsEmpty(ListItem.Trailer)</visible>
						<control type="button" id="8005">
							<label>$LOCALIZE[20410]</label>
							<onclick>SendClick(2003,11)</onclick>
							<onleft>8004</onleft>
							<onright>8006</onright>
							<include>column_Button</include>
						</control>
					</control>
					<!--Video Extras-->
					<control type="group">
						<width>125</width>
							<visible>System.HasAddon(script.videoextras) + !Skin.HasSetting(Enable.videoextras) + !Skin.HasSetting(Enable.videoextrasOverlays)</visible>						
							<control type="button" id="8006">
							<label>Video Extras</label>
							<onclick>XBMC.RunScript(script.videoextras,display,"$INFO[ListItem.FilenameAndPath]")</onclick>
							<onleft>8005</onleft>
							<onright>8007</onright>
							<include>column_Button</include>							
						</control>
					</control>
					<!--Metadata-->
					<control type="group">
						<width>125</width>
						<visible>System.HasAddon(script.metadata.actors) + Skin.HasSetting(metadataactor.enable)</visible>						
						<control type="button" id="8007">
							<label>Actor</label>
							<onclick>RunScript(script.metadata.actors,$INFO[Container(50).Listitem.Label])</onclick>
                           <include>column_Button</include>
							<onleft>8006</onleft>
							<onright>8008</onright>
						</control>
					</control>
					<control type="group">
						<width>125</width>
						<visible>System.HasAddon(script.metadata.actors) + Skin.HasSetting(metadataactor.enable)</visible>						
							<control type="button" id="8008">
							<label>Director / Writer</label>
							<onclick>ActivateWindow(67)</onclick>
							<include>column_Button</include>
							<onleft>8007</onleft>
							<onright>8010</onright>
						</control>
					</control>		
					<!--manage-->
					<control type="group">
						<width>125</width>
						<visible>!SubString(Container.FolderPath,plugin://) + !Skin.HasSetting(global.kiosk)</visible>
						<control type="button" id="8010">
							<label>$LOCALIZE[16106]</label>
							<onclick>ActivateWindow(62)</onclick>
							<include>column_Button</include>
							<onleft>8008</onleft>
							<onright>8001</onright>
						</control>
					</control>
				</control>
				<!--spacer-->
				<control type="label">
					<label>-</label>
					<height>5</height>
			
				</control>
				<!--plot-->
				<control type="textbox" id="400">
				<top>470</top>
			<left>325</left>
					<width>550</width>
					<height>180</height>
					<align>justify</align>
					<label>$INFO[ListItem.Plot]</label>
					<include>detail_Text</include>
					<visible allowhiddenfocus="true">![Control.HasFocus(8004) | Control.HasFocus(50)]</visible>
				</control>
				<!--cast list-->
				<control type="list" id="50">
				<top>475</top>
			<left>320</left>
					<width>550</width>
					<height>176</height>
					<onback>8004</onback>
					<onleft>8003</onleft>
					<onright>8005</onright>
					<onup>50</onup>
					<ondown>50</ondown>
					<include>global_ListScroll</include>
					<visible allowhiddenfocus="true">Control.HasFocus(8004) | Control.HasFocus(50)</visible>
					<itemlayout height="44">
						<control type="image">
							<width>550</width>
							<include>column_ListButton</include>
						</control>
						<control type="label">
							<left>15</left>
							<width>550</width>
							<label>$INFO[ListItem.Label]</label>
							<include>column_ListButtonLabel</include>
						</control>
					</itemlayout>
					<focusedlayout height="44">
						<control type="group">
							<visible>Control.HasFocus(8004)</visible>
							<control type="image">
								<width>550</width>
								<include>column_ListButton</include>
							</control>
							<control type="label">
								<width>550</width>
								<label>$INFO[ListItem.Label]</label>
								<textoffsetx>15</textoffsetx>
								<include>column_ListButtonLabel</include>
							</control>
						</control>
						<control type="group">
							<visible>!Control.HasFocus(8004)</visible>
							<control type="image">
							<width>550</width>
								<include>column_ListButtonFocus</include>
							</control>
							<control type="label">
								<width>550</width>
								<label>$INFO[ListItem.Label]</label>
								<textoffsetx>15</textoffsetx>
								<textcolor>Color5</textcolor>
								<include>column_ListButtonLabel</include>
							</control>
						</control>
					</focusedlayout>
				</control>
			
			<!--flags-->
			<control type="grouplist" id="100">
				<left>320</left>
				<bottom>0</bottom>
				<width>900</width>
				<height>50</height>
				<itemgap>10</itemgap>
				<orientation>horizontal</orientation>
				<control type="image">
					<width>100</width>
					<height>50</height>
					<texture>$INFO[ListItem.StarRating,rating/nf-,]</texture>
					<aspectratio align="center">keep</aspectratio>
				</control>
				<control type="image">
					<width>86</width>
					<height>50</height>
					<texture>$INFO[ListItem.VideoResolution,flags/video/resolution/,.png]</texture>
					<aspectratio align="center">keep</aspectratio>
					<visible>[Container.Content(movies) | Container.Content(episodes) | Container.Content(musicvideos)] + !IsEmpty(Listitem.VideoResolution)</visible>
				</control>
				<control type="image">
					<width>86</width>
					<height>50</height>
					<texture>$INFO[Listitem.VideoCodec,flags/codec/,.png]</texture>
					<aspectratio align="center">keep</aspectratio>
					<visible>[Container.Content(movies) | Container.Content(episodes) | Container.Content(musicvideos)] + !IsEmpty(Listitem.VideoCodec)</visible>
				</control>
				<control type="image">
					<width>86</width>
					<height>50</height>
					<texture>$INFO[Listitem.AudioCodec,flags/codec/,.png]</texture>
					<aspectratio align="center">keep</aspectratio>
					<visible>[Container.Content(movies) | Container.Content(episodes) | Container.Content(musicvideos)] + !IsEmpty(Listitem.AudioCodec)</visible>
				</control>
				<control type="image">
					<width>86</width>
					<height>50</height>
					<texture>$INFO[Listitem.VideoAspect,flags/video/aspectratio/,.png]</texture>
					<aspectratio align="center">keep</aspectratio>
					<visible>[Container.Content(movies) | Container.Content(episodes) | Container.Content(musicvideos)] + !IsEmpty(Listitem.VideoAspect)</visible>
				</control>
				<control type="image">
					<width>86</width>
					<height>50</height>
					<texture>$VAR[flag_Studio]</texture>
					<aspectratio align="center">keep</aspectratio>					
					<visible>Container.Content(movies) | Container.Content(tvshows) | Container.Content(episodes) | Container.Content(musicvideos)</visible>
				</control>
			</control>
		</control>
	</controls>
</window>