<?xml version="1.0" encoding="UTF-8"?>
<window>
	<defaultcontrol always="true">3</defaultcontrol>
	<include>transition_Dialog</include>
	<coordinates>
		<system>1</system>
		<left>328</left>
		<top>68</top>
	</coordinates>
	<controls>
		<control type="image">
			<width>625</width>
			<height>585</height>
			<include>dialog_Window</include>
		</control>
		<control type="label" id="1">
			<width>617</width>
			<label>$LOCALIZE[20333]</label>
			<include>dialog_Windowtitle</include>
		</control>
		<control type="group" id="9002">
			<left>4</left>
			<top>60</top>
			<control type="group" id="9003">
				<control type="label">
					<width>617</width>
					<label>$LOCALIZE[20344]</label>
					<include>dialog_Header</include>
					<include>dialog_ControlCommons</include>
				</control>
				<control type="image">
					<top>38</top>
					<width>617</width>
					<include>dialog_SectionSeparator</include>
				</control>
				<control type="group">
					<top>40</top>
					<!--content picker-->
					<control type="spincontrolex" id="3">
						<!--important-->
						<top>0</top>
						<!---->
						<width>617</width>
						<label>-</label>
						<font>-</font>
						<onleft>-</onleft>
						<onup>9001</onup>
						<ondown>4</ondown>
						<include>dialog_Spin</include>
					</control>
					<control type="label">
						<width>556</width>
						<label>$INFO[Control.GetLabel(3)]</label>
						<include>dialog_ControlCommons</include>
						<visible>!Control.HasFocus(3)</visible>
					</control>
					<control type="label">
						<width>556</width>
						<label>$INFO[Control.GetLabel(3)]</label>
						<textcolor>Color1</textcolor>
						<include>dialog_ControlCommons</include>
						<visible>Control.HasFocus(3)</visible>
					</control>
				</control>
			</control>
			<!--scrapers-->
			<control type="group" id="9004">
				<top>80</top>
				<visible>!SubString(Control.GetLabel(3),$LOCALIZE[231])</visible>
				<control type="label">
					<width>613</width>
					<label>$LOCALIZE[20195]</label>
					<include>dialog_Header</include>
					<include>dialog_ControlCommons</include>
				</control>
				<control type="image">
					<top>38</top>
					<width>617</width>
					<include>dialog_SectionSeparator</include>
				</control>
				<control type="list" id="4">
					<top>40</top>
					<width>617</width>
					<height>120</height>
					<onleft>-</onleft>
					<onright>-</onright>
					<onup>3</onup>
					<ondown>5</ondown>
					<include>global_ListScroll</include>
					<itemlayout height="40">
						<control type="image">
							<width>617</width>
							<include>dialog_CommonList</include>
						</control>
						<control type="label">
							<width>617</width>
							<info>ListItem.Label</info>
							<include>dialog_CommonListItem</include>
						</control>
					</itemlayout>
					<focusedlayout height="40">
						<control type="image">
							<width>617</width>
							<include>dialog_CommonList</include>
						</control>
						<control type="label">
							<width>617</width>
							<info>ListItem.Label</info>
							<include>dialog_CommonListItem</include>
							<visible>!Control.HasFocus(4)</visible>
						</control>
						<control type="group">
							<visible>Control.HasFocus(4)</visible>
							<control type="image">
								<width>617</width>
								<include>dialog_CommonListFocus</include>
							</control>
							<control type="label">
								<width>617</width>
								<info>ListItem.Label</info>
								<include>dialog_CommonListItemFocus</include>
							</control>
						</control>
					</focusedlayout>
				</control>
			</control>
			<!--options-->
			<control type="group" id="9005">
				<top>240</top>
				<animation effect="slide" start="0,0" end="0,-135"  time="0" condition="SubString(Control.GetLabel(3),$LOCALIZE[231])">Conditional</animation>
				<control type="label">
					<width>617</width>
					<label>$LOCALIZE[33063]</label>
					<visible>Control.IsEnabled(5)</visible>
					<include>dialog_Header</include>
					<include>dialog_ControlCommons</include>
				</control>
				<control type="image">
					<top>38</top>
					<width>617</width>
					<include>dialog_SectionSeparator</include>
				</control>
				<!--controls area-->
				<control type="grouplist" id="5">
					<top>40</top>
					<width>617</width>
					<height>200</height>
					<itemgap>0</itemgap>
					<onleft>-</onleft>
					<onright>-</onright>
					<onup>4</onup>
					<ondown>9001</ondown>
				</control>
			</control>
			<!--default button-->
			<control type="button" id="7">
				<include>dialog_ControlCommons</include>
			</control>
			<!--default radiobutton-->
			<control type="radiobutton" id="8">
				<include>dialog_ControlCommons</include>
				<include>dialog_Radio</include>
			</control>
		</control>
		<!--dialog buttons-->
		<control type="group" id="9001">
			<left>19</left>
			<top>520</top>
			<!--settings-->
			<control type="button" id="6">
				<label>$LOCALIZE[5]</label>
				<onleft>29</onleft>
				<onright>28</onright>
				<onup>5</onup>
				<ondown>9003</ondown>
				<include>dialog_WindowButton</include>
			</control>
			<!--ok-->
			<control type="button" id="28">
				<left>332</left>
				<label>$LOCALIZE[186]</label>
				<onleft>6</onleft>
				<onright>29</onright>
				<onup>5</onup>
				<ondown>9003</ondown>
				<include>dialog_WindowButton</include>
			</control>
			<!--cancel-->
			<control type="button" id="29">
				<left>462</left>
				<label>$LOCALIZE[222]</label>
				<onleft>28</onleft>
				<onright>6</onright>
				<onup>5</onup>
				<ondown>9003</ondown>
				<include>dialog_WindowButton</include>
			</control>
		</control>
	</controls>
</window>