<includes>
<!--textures-->
	<include name="dialog_Window">
		<texture border="10">dialogs/frame/window.png</texture>
	</include>

	<include name="dialog_Separator">
		<height>1</height>
		<texture>dialogs/separator/horizontal.png</texture>
	</include>

	<include name="dialog_SectionSeparator">
		<height>2</height>
		<texture>dialogs/separator/section.png</texture>
	</include>

	<include name="dialog_Separator-y">
		<width>1</width>
		<texture>dialogs/separator/vertical.png</texture>
	</include>

	<include name="dialog_Menu">
		<texture border="20">dialogs/frame/menu.png</texture>		
	</include>
	<include name="dialog_Menu2">
		<texture border="20">dialogs/frame/menu.png</texture>
		
	</include>

<!--window-->
	<include name="dialog_Windowtitle">
		<left>4</left>
		<top>5</top>
		<font>light_Dialog</font>
		<align>center</align>
		<aligny>center</aligny>
		<height>51</height>
		<textcolor>Color4</textcolor>
		<scroll>false</scroll>
	</include>
	<include name="dialog_WindowButton">	
		<width>120</width>
		<height>41</height>
		<font>regular</font>
		<align>center</align>
		<textoffsety>5</textoffsety>
		<textcolor>Color4</textcolor>
		<focusedcolor>Color1</focusedcolor>
		<texturenofocus>dialogs/button-nf.png</texturenofocus>
		<texturefocus>dialogs/button-fo.png</texturefocus>
	</include>

<!--global-->
	<include name="dialog_ControlCommons">
		<height>40</height>
		<font>regular</font>
		<textoffsetx>15</textoffsetx>
		<textoffsety>5</textoffsety>
		<textcolor>Color4</textcolor>
		<focusedcolor>Color1</focusedcolor>
		<selectedcolor>Selected</selectedcolor>
		<texturefocus border="3">dialogs/select-fo.png</texturefocus>
		<texturenofocus border="3">dialogs/select-nf.png</texturenofocus>
		<alttexturefocus border="3">dialogs/select-fo.png</alttexturefocus>
		<alttexturenofocus border="3">dialogs/select-nf.png</alttexturenofocus>
	</include>

	<include name="dialog_MenuButton">
		<height>40</height>
		<font>regular</font>
		<textoffsetx>15</textoffsetx>
		<textoffsety>5</textoffsety>
		<textcolor>Color4</textcolor>
		<focusedcolor>Color1</focusedcolor>
		<selectedcolor>Selected</selectedcolor>
		<texturefocus border="20,0,20,0">dialogs/frame/menu_select.png</texturefocus>
		<texturenofocus border="20,0,20,0">dialogs/frame/menu_center.png</texturenofocus>
		<alttexturefocus border="20,0,20,0">dialogs/frame/menu_select.png</alttexturefocus>
		<alttexturenofocus border="20,0,20,0">dialogs/frame/menu_center.png</alttexturenofocus>
	</include>

	<include name="dialog_Text">
		<font>regular</font>
		<textcolor>Color4</textcolor>
	</include>

	<include name="dialog_Edit">
		<height>40</height>
		<font>regular</font>
		<textoffsetx>15</textoffsetx>
		<textoffsety>5</textoffsety>
		<textcolor>Color5</textcolor>
	</include>

	<include name="dialog_Header">
		<font>regular-U</font>
	</include>

	<include name="dialog_Title">
		<font>semibold-U</font>
	</include>

	<include name="dialog_Progress">
		<texturebg border="16,0,16,0" colordiffuse="Color4">dialogs/progress/back.png</texturebg>
		<lefttexture border="16,0,0,0" colordiffuse="Color4">dialogs/progress/left.png</lefttexture>
		<midtexture border="0,0,0,0" colordiffuse="Color4">dialogs/progress/mid.png</midtexture>
		<righttexture border="0,0,16,0" colordiffuse="Color4">dialogs/progress/right.png</righttexture>
	</include>

	<include name="dialog_KeyboardButton">
		<font>regular</font>
		<texturenofocus border="0">dialogs/button-nf.png</texturenofocus>
		<texturefocus border="0">dialogs/button-fo.png</texturefocus>
		<textcolor>Color4</textcolor>
		<focusedcolor>Color1</focusedcolor>
		<width>48</width>
		<height>48</height>
		<align>center</align>
		<textoffsety>9</textoffsety>
	</include>

	<include name="dialog_Radio">
		<height>40</height>
		<font>regular</font>
		<textoffsetx>15</textoffsetx>
		<textoffsety>5</textoffsety>
		<radiowidth>48</radiowidth>
		<radioheight>24</radioheight>
		<textureradioonnofocus colordiffuse="Color4">dialogs/radio/on-nf.png</textureradioonnofocus>
		<textureradiooffnofocus colordiffuse="Color4">dialogs/radio/off-nf.png</textureradiooffnofocus>
		<textureradioonfocus colordiffuse="Color1">dialogs/radio/on-fo.png</textureradioonfocus>
		<textureradioofffocus colordiffuse="Color1">dialogs/radio/off-fo.png</textureradioofffocus>
		<texturefocus border="3">dialogs/select-fo.png</texturefocus>
		<texturenofocus border="3">dialogs/select-nf.png</texturenofocus>
		<textcolor>Color4</textcolor>
		<focusedcolor>Color1</focusedcolor>
		<disabledcolor>Disabled</disabledcolor>
		<selectedcolor>Selected</selectedcolor>
	</include>

	<include name="dialog_Spin">
		<textoffsety>-2</textoffsety>
		<aligny>center</aligny>
		<spinwidth>26</spinwidth>
		<spinheight>26</spinheight>
		<texturefocus border="3">dialogs/select-fo.png</texturefocus>
		<texturenofocus border="3">dialogs/select-nf.png</texturenofocus>
		<textureup>dialogs/spin/up-nf.png</textureup>
		<texturedown>dialogs/spin/down-nf.png</texturedown>
		<textureupfocus>dialogs/spin/up-fo.png</textureupfocus>
		<texturedownfocus>dialogs/spin/down-fo.png</texturedownfocus>
	</include>

	<include name="dialog_Slider">
		<sliderwidth>125</sliderwidth>
		<sliderheight>32</sliderheight>
		<texturesliderbar>dialogs/slider/bar.png</texturesliderbar>
		<textureslidernib>dialogs/slider/nib-nf.png</textureslidernib>
		<textureslidernibfocus>dialogs/slider/nib-fo.png</textureslidernibfocus>
	</include>

	<include name="dialog_Scrollbar">
		<texturesliderbackground>-</texturesliderbackground>
		<texturesliderbar colordiffuse="Color4">dialogs/pagecontrol/grip-nf.png</texturesliderbar>
		<texturesliderbarfocus colordiffuse="Color5">dialogs/pagecontrol/grip-fo.png</texturesliderbarfocus>
	</include>

<!--list controls-->
	<include name="dialog_CommonListItem">
		<left>15</left>
		<height>40</height>
		<font>regular</font>
		<aligny>center</aligny>
		<textcolor>Color4</textcolor>
		<selectedcolor>Selected</selectedcolor>
	</include>

	<include name="dialog_CommonList">
		<height>40</height>
		<texture border="3">dialogs/select-nf.png</texture>
	</include>

	<include name="dialog_CommonListItemFocus">
		<left>15</left>
		<height>40</height>
		<font>regular</font>
		<aligny>center</aligny>
		<textcolor>Color1</textcolor>
		<selectedcolor>Selected</selectedcolor>
		<include>autoscroll_Line</include>
	</include>
	
	<include name="dialog_CommonListFocus">
		<height>40</height>
		<texture border="3">dialogs/select-fo.png</texture>
	</include>

<!--filebrowser-->
	<include name="dialog_Inline-remove">
		<width>40</width>
		<height>40</height>
		<texturenofocus>dialogs/inline/remove-nf.png</texturenofocus>
		<texturefocus>dialogs/inline/remove-fo.png</texturefocus>
	</include>
	<include name="dialog_Inline-add">
		<width>40</width>
		<height>40</height>
		<texturenofocus>dialogs/inline/add-nf.png</texturenofocus>
		<texturefocus>dialogs/inline/add-fo.png</texturefocus>
	</include>
	<include name="dialog_Inline-edit">
		<width>40</width>
		<height>40</height>
		<texturenofocus>dialogs/inline/edit-nf.png</texturenofocus>
		<texturefocus>dialogs/inline/edit-fo.png</texturefocus>
	</include>
	<include name="dialog_Inline-up">
		<width>40</width>
		<height>40</height>
		<texturenofocus>dialogs/inline/up-nf.png</texturenofocus>
		<texturefocus>dialogs/inline/up-fo.png</texturefocus>
	</include>
	<include name="dialog_Inline-down">
		<width>40</width>
		<height>40</height>
		<texturenofocus>dialogs/inline/down-nf.png</texturenofocus>
		<texturefocus>dialogs/inline/down-fo.png</texturefocus>
	</include>

<!--pvr-->
	<include name="dialog_PVRstatus">
		<width>22</width>
		<height>22</height>
		<colordiffuse>Color4</colordiffuse>
	</include>
	<include name="dialog_PVRstatus-focus">
		<width>22</width>
		<height>22</height>
		<colordiffuse>Color1</colordiffuse>
	</include>
</includes>