<?xml version="1.0" encoding="UTF-8"?>
<includes>

    <include file="script-skinshortcuts-includes.xml" />
    <include file="Defaults.xml" />
	<include file="HomeMenu.xml" />
	<include file="IncludesAddons.xml" />
	<include file="IncludesAnimations.xml" />
	<include file="IncludesBackgrounds.xml" />
	<include file="IncludesDialogs.xml" />
	<include file="IncludesHome.xml" />
	<include file="Menu.xml" />
	<include file="Variables.xml" />
	<include file="ViewBanner.xml" /><!--(541)-(632)-(54)-->
	<include file="ViewGallery.xml" /><!--(53)-(531)-(532)-(533)-(534)-->
	<include file="ViewIcon.xml" /><!--(57)-(571)-(573)-(578)-(526)-(542)-(579)-->
	<include file="ViewIcon2.xml" /><!--(581)-->
	<include file="View_IconAlbum.xml" /><!--(68)-->
	<include file="ViewList.xml" /><!--(50)-(51)-(67)-->
	<include file="View_BigList2.xml" /><!--(511)-->
	<include file="ViewSlide.xml" /><!--(52)-(521)-(523)-(525)-(526)-->
	<include file="ViewsTV.xml" />
	<include file="ViewFanartPoster.xml" /><!--(59)-(591)-->
	<include file="ViewIconWall.xml" /><!--(592)-(62)-->
	<include file="ViewPosterLandscape.xml" />
	<include file="ViewShelf.xml" /><!--(594)-->
	<include file="ViewSimple.xml" /><!--(595)-->
	<include file="ViewBigFanart.xml" /><!--(596)-->
	<include file="ViewStripFanart.xml" /><!--(597)-->
	<include file="ViewPosterList.xml" /><!--(61)/(611)-->
	<include file="ViewEpisode.xml" /><!--(63)-(631)-->
	<include file="IncludesViews.xml" />
	<include file="View_Showcase.xml" /><!--(527)-->
	<include file="ViewPanelTextbox.xml" /><!--(69)-->
	<include file="ViewPanel_Art.xml" /><!--(691)-(692)-(694)-->
	<include file="ViewPanelStrip.xml" /><!--(693)-->
	<include file="viewPoster_Handbone.xml" /><!--(535)-->(Strip Small 2)
	
	
	

<!--CONSTANTS-->
	<constant name="screen_Width">1280</constant>
	<constant name="screen_Height">720</constant>
	<constant name="screen_Center">640,360</constant>
	<constant name="screen_Centerx">640</constant>
	<constant name="screen_Centery">360</constant>
	<constant name="fadetime_Thumb">185</constant>
	<constant name="fadetime_Fanart">270</constant>
	<constant name="fadetime_Slideshow">900</constant>
	<constant name="transition_Open">250</constant>
	<constant name="transition_Close">180</constant>
	<constant name="transition_Visible">50</constant>
	<constant name="transition_Hidden">50</constant>
	<constant name="transition_Opacity">95</constant>
	<constant name="transition_DialogOpen">200</constant>
	<constant name="transition_DialogClose">200</constant>
	<constant name="slideshow_Timer">20000</constant>
	<constant name="autoscroll_Delay">3000</constant>
	<constant name="autoscroll_Time">2200</constant>
	<constant name="autoscroll_Repeat">1000</constant>
	<constant name="autoscroll_Speed">40</constant>

	

<!--GLOBAL-->	
	<include name="TriggerButton">
		<width>1</width>
		<height>1</height>
		<texturenofocus>-</texturenofocus>
		<texturefocus>-</texturefocus>
		<visible allowhiddenfocus="true">false</visible>
	</include>
	<include name="global_ListScroll">
		<scrolltime tween="Quadratic" easing="Out">300</scrolltime>
	</include>
	<include name="global_Scrolltime">
		<scrolltime tween="Quadratic" easing="Out">400</scrolltime>
	</include>

	<include name="autoscroll_Line">
		<scroll>true</scroll>
		<scrollspeed>autoscroll_Speed</scrollspeed>
	</include>
	<include name="screen_Dimensions">
		<width>screen_Width</width>
		<height>screen_Height</height>
	</include>
	<include name="global_Includes">
		<include>global_Clock</include>
		<include>global_Sortletter</include>
		<include>global_Itemcount</include>	
	</include>

	<include name="global_Clock">
		<control type="group">
			<include>toggle_Menu</include>
			<visible>[![Player.HasMedia + !Skin.HasSetting(mediaoverlay.disable)] | [Player.HasMedia + !IsEmpty(Window(10025).Property(TvTunesIsAlive))]] + ![Window.IsActive(infodialog) | Window.IsActive(extendedprogressdialog) | Window.IsActive(movieinformation) | Window.IsActive(musicinformation) | Window.IsActive(weather)]</visible>
			<control type="label">
				<label>$VAR[toast_Top]</label>
				<include>toast_Top</include>
			</control>
			<control type="label">
				<label>$VAR[toast_Bottom]</label>
				<textcolor>Color2</textcolor>
				<include>toast_Bottom</include>
			</control>
			<control type="image">
				<top>18</top>
				<include>toast_Icon</include>
				<texture>$VAR[toast_Icon]</texture>
				<visible>!Player.Muted + IntegerGreaterThan(Player.Volume,0)</visible>
			</control>
		</control>
	</include>
	<include name="clock">
		<control type="group">
			<visible>![Library.IsScanningVideo | Library.IsScanningMusic | Window.IsActive(infodialog) | Control.HasFocus(9210)]</visible>
			<control type="label">
				<label>$VAR[toast_Top]</label>
				<textcolor>Color13</textcolor>
				<shadowcolor>black</shadowcolor>
				<include>toast_Top</include>
			</control>
			<control type="label">
				<label>$VAR[toast_Bottom]</label>
				<textcolor>Color13</textcolor>
				<shadowcolor>black</shadowcolor>
				<include>toast_Bottom</include>
			</control>
			<control type="group">
				<visible>!Player.Muted + IntegerGreaterThan(Player.Volume,0)</visible>
				<control type="image">
					<top>19</top>
					<colordiffuse>black</colordiffuse>
					<include>toast_Icon</include>
					<texture>$VAR[toast_Icon]</texture>
				</control>
				<control type="image">
					<top>18</top>
					<include>toast_Icon</include>
					<texture>$VAR[toast_Icon]</texture>
				</control>
			</control>
		</control>
	</include>

	<include name="global_Sortletter">
		<control type="label" id="9900">
			<left>34</left>
			<top>14</top>
			<width>950</width>
			<aligny>center</aligny>
			<font>light_Window</font>
			<textcolor>Color1</textcolor>
			<label>[B]$INFO[ListItem.SortLetter][/B]</label>
			<include>transition_WindowTitle</include>
			<include>toggle_Menu</include>
			<visible>Skin.HasSetting(sortletter.enable) + Container.Scrolling + [StringCompare(Container.SortMethod,$LOCALIZE[551]) | StringCompare(Container.SortMethod,$LOCALIZE[561]) | StringCompare(Container.SortMethod,$LOCALIZE[558]) | StringCompare(Container.SortMethod,$LOCALIZE[557]) | StringCompare(Container.SortMethod,$LOCALIZE[556])] + !Window.IsActive(script-globalsearch-main.xml)</visible>
		</control>
	</include>		
	
	<include name="global_Itemcount">
		<control type="label">
			<left>35</left>
			<top>53</top>
			<width>500</width>
			<label>$VAR[global_Itemcount]</label>
			<font>regular_Small-U</font>
			<textcolor>Color3</textcolor>
			<include>transition_WindowTitle</include>
			<include>toggle_Menu</include>
			<visible>!Control.IsVisible(531)</visible>
			<visible>Skin.HasSetting(Disable.global_Itemcount)</visible>			
		</control>
	</include>	    
	<include name="global_MenuGuide">
		<control type="group" id="6100">
			<left>20</left>
			<top>16</top>
			<include>toggle_Menu</include>
			<visible>!Skin.HasSetting(global.kiosk) + [Window.IsActive(SettingsCategory.xml) | Window.IsActive(programs) | Window.IsActive(weather) | Window.IsActive(musicplaylist) | Window.IsActive(videoplaylist) | Window.IsActive(addonbrowser) | Window.IsActive(videolibrary) | Window.IsActive(musiclibrary) | Window.IsActive(musicfiles) | Window.IsActive(pictures) | Window.IsActive(pvr) | Window.IsActive(600)] + !Control.IsVisible(9900)</visible>
			<include>transition_Indicator</include>
			<control type="image">
				<width>32</width>
				<height>32</height>
				<texture>navigation/left.png</texture>
				<visible>[Control.IsVisible(50) | Control.IsVisible(51)  | Control.IsVisible(511) | Control.IsVisible(512) | Control.IsVisible(501) | Control.IsVisible(524) | Control.IsVisible(54) | Control.IsVisible(541) | Control.IsVisible(542) | Control.IsVisible(543) | Control.IsVisible(544) | Control.IsVisible(57) | Control.IsVisible(571) | Control.IsVisible(572)  | Control.IsVisible(573) | Control.IsVisible(574) | Control.IsVisible(575) | Control.IsVisible(576) | Control.IsVisible(577) | Control.IsVisible(578) | Control.IsVisible(579) | Control.IsVisible(591) | Control.IsVisible(61) | Control.IsVisible(611) | Control.IsVisible(622) | Control.IsVisible(63) | Control.IsVisible(631) | Control.IsVisible(632) | Control.IsVisible(67) | Control.IsVisible(68) | Control.IsVisible(692) | Control.IsVisible(695) | Control.IsVisible(694) | Window.IsActive(weather) | Window.IsActive(pvr) | Window.IsActive(600) | Window.IsActive(SettingsCategory.xml)] + ![Window.IsActive(movieinformation) | Window.IsActive(musicinformation)]</visible>
				<include>nav_IndicatorLeft</include>
				<colordiffuse>Color1</colordiffuse>
			</control>
			<control type="image">
				<width>32</width>
				<height>32</height>
				<texture>navigation/up.png</texture>
				<visible>[Control.IsVisible(52) | Control.IsVisible(521) | Control.IsVisible(522) | Control.IsVisible(523) | Control.IsVisible(525) | Control.IsVisible(526) | Control.IsVisible(527) | Control.IsVisible(53) | Control.IsVisible(535) | Control.IsVisible(581) | Control.IsVisible(59) | Control.IsVisible(592) | Control.IsVisible(593) | Control.IsVisible(594) | Control.IsVisible(595) | Control.IsVisible(596) | Control.IsVisible(597) | Control.IsVisible(60) | Control.IsVisible(62) | Control.IsVisible(621) | Control.IsVisible(69) | Control.IsVisible(691) | Control.IsVisible(693)] + ![Window.IsActive(movieinformation) | Window.IsActive(musicinformation)] + !Window.IsActive(weather)</visible>
				<include>nav_IndicatorUp</include>
				<colordiffuse>Color1</colordiffuse>
			</control>
		</control>
	</include>

<!--DETAILS-->
	<include name="detail_Header">
		<height>32</height>
		<font>light_Header</font>
	</include>
	<include name="detail_Title">
		<height>28</height>
		<aligny>center</aligny>
		<font>semibold_Big-U</font>
		<textcolor>Color1</textcolor>
		<selectedcolor>Selected</selectedcolor>
	</include>
	<include name="detail_Title_ART">
		<height>25</height>
		<aligny>center</aligny>
		<font>semibold_Big-U</font>
		<textcolor>Color1</textcolor>		
	</include>
	<include name="detail_Sub">
		<height>25</height>
		<aligny>center</aligny>
		<scroll>true</scroll>
		<font>semibold_Small-U</font>
		<textcolor>Color2</textcolor>
		<selectedcolor>Selected</selectedcolor>
		<visible>!StringCompare(ListItem.Label,..)</visible>
	</include>
	<include name="detail_Text">
		<textcolor>Color7</textcolor>
		<font>regular</font>
		<aligny>top</aligny>
<!--use a numeric value for repeat here, change into constant again when xbmc bug is fixed-->
		<autoscroll delay="autoscroll_Delay" time="autoscroll_Time" repeat="1000">Skin.HasSetting(autoscroll.enable)</autoscroll>
	</include>
	<include name="detail_StarRating">
		<width>128</width>
		<height>48</height>
		<texture>$VAR[global_Rating]</texture>
		<aspectratio>keep</aspectratio>
	</include>

<!--CONTAINER-->
	<include name="container_Title">
		<height>40</height>
		<font>regular_Bigger</font>
		<aligny>center</aligny>
		<textcolor>Color1</textcolor>
		<selectedcolor>Selected</selectedcolor>
		<scroll>false</scroll>
	</include>
	<include name="container_Title-focus">
		<height>40</height>
		<font>regular_Bigger</font>
		<aligny>center</aligny>
		<textcolor>Focused</textcolor>
		<selectedcolor>Color5</selectedcolor>
		<scroll>false</scroll>
	</include>
	<include name="container_Sub">
		<height>40</height>
		<font>regular_Small-U</font>
		<aligny>center</aligny>
		<textcolor>Color2</textcolor>
		<selectedcolor>Selected</selectedcolor>
		<scroll>false</scroll>
	</include>
	<include name="container_Sub-focus">
		<height>40</height>
		<font>regular_Small-U</font>
		<aligny>center</aligny>
		<textcolor>Focused</textcolor>
		<selectedcolor>Focused</selectedcolor>
	</include>
	<include name="container_Text">
		<font>regular</font>
		<aligny>top</aligny>
		<textcolor>Color3</textcolor>
	</include>
	<include name="container_Text-focus">
		<font>regular</font>
		<aligny>top</aligny>
		<textcolor>Color5</textcolor>
		<autoscroll delay="autoscroll_Delay" time="autoscroll_Time" repeat="autoscroll_Repeat">Skin.HasSetting(autoscroll.enable)</autoscroll>
	</include>
	<include name="container_TextSmall">
		<font>regular_Small</font>
		<aligny>top</aligny>
		<textcolor>Color3</textcolor>
	</include>
	<include name="container_TextSmall-focus">
		<font>regular_Small</font>
		<aligny>top</aligny>
		<textcolor>Color5</textcolor>
	</include>
	<include name="container_Single">
		<height>38</height>
		<font>regular_Big</font>
		<aligny>center</aligny>
		<textcolor>Color1</textcolor>
		<selectedcolor>Selected</selectedcolor>
		<scroll>false</scroll>
	</include>
	<include name="container_Single-focus">
		<height>38</height>
		<font>regular_Big</font>
		<aligny>center</aligny>
		<textcolor>Focused</textcolor>
		<selectedcolor>Selected</selectedcolor>
		<scroll>false</scroll>
	</include>

<!--COLUMN STYLES-->
	<include name="column_Header">
		<height>20</height>
		<font>light_ColumnHeader</font>
		<textcolor>Color2</textcolor>
		<aligny>center</aligny>
	</include>
	<include name="column_CommonList">
		<width>98</width>
		<height>44</height>
		<texture colordiffuse="column2">white.png</texture>
	</include>
	<include name="column_CommonListItem">
		<height>40</height>
		<font>regular</font>
		<textcolor>Color1</textcolor>
		<selectedcolor>Selected</selectedcolor>
	</include>
	<include name="column_CommonListFocus">
		<width>98</width>
		<height>44</height>
		<texture colordiffuse="Color1">views/focus.png</texture>
	</include>
	<include name="column_CommonListItem-focus">
		<height>40</height>
		<font>regular</font>
		<textcolor>Color5</textcolor>
		<selectedcolor>Selected</selectedcolor>
	</include>
	<include name="column_Button">
		<width>125</width>
		<font>regular</font>
		<align>center</align>
		<textoffsety>4</textoffsety>
		<textcolor>Color3</textcolor>
		<focusedcolor>Color5</focusedcolor>
		<selectedcolor>Color5</selectedcolor>
		<texturenofocus colordiffuse="column2">white.png</texturenofocus>
		<texturefocus colordiffuse="Color1">white.png</texturefocus>
	</include>
	<include name="column_ListButton">
		<height>42</height>
		<texture colordiffuse="column2">white.png</texture>
	</include>
	<include name="column_ListButtonLabel">
		<font>regular</font>
		<height>40</height>
		<textoffsety>4</textoffsety>
		<textcolor>Color3</textcolor>
		<focusedcolor>Color1</focusedcolor>
		<selectedcolor>Color5</selectedcolor>
	</include>
	<include name="column_ListButtonFocus">
		<height>42</height>
		<texture colordiffuse="Color1">white.png</texture>
	</include>

<!--SETTINGS-->
	<include name="settings_Menu">
		<width>300</width>
		<height>44</height>
		<font>light_Settings</font>
		<align>left</align>
		<textoffsety>4</textoffsety>
		<textoffsetx>15</textoffsetx>
		<textcolor>Color1</textcolor>
		<texturenofocus colordiffuse="column2"></texturenofocus>
		<texturefocus colordiffuse="Color1">frames/frame-fo.png</texturefocus>
		<alttexturenofocus colordiffuse="column2">frames/frame-fo.png</alttexturenofocus>
		<alttexturefocus colordiffuse="Color1">frames/frame-fo.png</alttexturefocus>
	</include>
	<include name="settings_Listbutton">
		<width>850</width>
		<height>44</height>
		<font>regular</font>
		<textoffsetx>15</textoffsetx>
		<textoffsety>7</textoffsety>
		<textcolor>Color1</textcolor>
		<focusedcolor>Focused</focusedcolor>
		<texturenofocus colordiffuse="column2"></texturenofocus>
		<texturefocus colordiffuse="Color1">frames/frame-fo.png</texturefocus>
		<radioheight>30</radioheight>
		<radiowidth>30</radiowidth>
	</include>
	<include name="settings_Radiobutton">
		<width>850</width>
		<height>44</height>
		<font>regular</font>
		<textoffsetx>15</textoffsetx>
		<textoffsety>7</textoffsety>
		<textcolor>Color1</textcolor>
		<focusedcolor>Focused</focusedcolor>
		<texturenofocus colordiffuse="column2"></texturenofocus>
		<texturefocus colordiffuse="Color1">frames/frame-fo.png</texturefocus>
		<textureradioonnofocus colordiffuse="Color3">settings/radio/on.png</textureradioonnofocus>
		<textureradiooffnofocus colordiffuse="Color3">settings/radio/off.png</textureradiooffnofocus>
		<textureradioonfocus colordiffuse="Color5">settings/radio/on.png</textureradioonfocus>
		<textureradioofffocus colordiffuse="Color5">settings/radio/off.png</textureradioofffocus>
		<radiowidth>34</radiowidth>
		<radioheight>28</radioheight>
		<disabledcolor>Disabled</disabledcolor>
	</include>
	<include name="menu_Button2">
		<width>270</width>
		<height>40</height>
		<font>light_Menu</font>
		<textcolor>ff000000</textcolor>
		<focusedcolor>ff000000</focusedcolor>
		<textoffsety>3</textoffsety>
		<textoffsetx>15</textoffsetx>
		<texturenofocus>-</texturenofocus>
		<texturefocus colordiffuse="ffffffff">white.png</texturefocus>
		<alttexturefocus colordiffuse="ff666666">white.png</alttexturefocus>
		<alttexturenofocus>-</alttexturenofocus>		
	</include>
	<include name="menu_RadioButton2">
		<textureradioonnofocus colordiffuse="ff000000">settings/radio/on.png</textureradioonnofocus>
		<textureradiooffnofocus colordiffuse="ff000000">settings/radio/off.png</textureradiooffnofocus>
		<textureradioonfocus colordiffuse="ff000000">settings/radio/on.png</textureradioonfocus>
		<textureradioofffocus colordiffuse="ff000000">settings/radio/off.png</textureradioofffocus>
		<radiowidth>30</radiowidth>
		<radioheight>25</radioheight>
		<disabledcolor>Disabled</disabledcolor>
	</include>

<!--PAGECONTROLS-->
	<include name="PageControls">
		<!--vertical-->
		<control type="scrollbar" id="70">
			<left>1272</left>
			<height>screen_Height</height>
			<onleft condition="Window.IsActive(SettingsCategory.xml)">5</onleft>
			<onleft condition="!Window.IsActive(videoplaylist)">50</onleft>			
			<onleft condition="Control.IsVisible(591)">591</onleft>
			<onleft condition="Control.IsVisible(591)">591</onleft>
			<onleft condition="Control.IsVisible(61) | Control.IsVisible(611)">61</onleft>
			<onleft condition="Control.IsVisible(63) | Control.IsVisible(631)">63</onleft>			
			<onleft condition="Window.IsActive(videoplaylist)">99</onleft>
			<visible>![Control.IsVisible(52) | Control.IsVisible(521) | Control.IsVisible(522) | Control.IsVisible(60)] + ![Window.IsActive(movieinformation) | Window.IsActive(musicinformation)]</visible>
		</control>
		<!--horizontal-->
		<control type="scrollbar" id="71">
			<top>712</top>
			<width>screen_Width</width>			
			<onup condition="Control.IsVisible(52) | Control.IsVisible(521) | Control.IsVisible(523) | Control.IsVisible(525) | Control.IsVisible(526) | Control.IsVisible(527)">52</onup>
			<onup condition="Control.IsVisible(522)">522</onup>
			<onup condition="Control.IsVisible(53) | Control.IsVisible(531) | Control.IsVisible(532)">53</onup>
			<onup condition="Control.IsVisible(581)">581</onup>
			<onup condition="Control.IsVisible(59)">59</onup>
			<onup condition="Control.IsVisible(592)">592</onup>
			<onup condition="Control.IsVisible(593)">593</onup>
			<onup condition="Control.IsVisible(594)">594</onup>
			<onup condition="Control.IsVisible(535) | Control.IsVisible(595)">535</onup>
			<onup condition="Control.IsVisible(596)">596</onup>	
			<onup condition="Control.IsVisible(597)">597</onup>	
			<onup condition="Control.IsVisible(60)">60</onup>
			<onup condition="Control.IsVisible(62)">62</onup>
			<onup condition="Control.IsVisible(69) | Control.IsVisible(693) ">69</onup>
			<onup condition="Control.IsVisible(691) | Control.IsVisible(692)">69</onup>
			<orientation>horizontal</orientation>
			<visible>[Control.IsVisible(52) | Control.IsVisible(521) | Control.IsVisible(522) | Control.IsVisible(523) | Control.IsVisible(525) | Control.IsVisible(526) | Control.IsVisible(527) | Control.IsVisible(53) | Control.IsVisible(531) | Control.IsVisible(535) | Control.IsVisible(532) | Control.IsVisible(58) | Control.IsVisible(581) | Control.IsVisible(59) | Control.IsVisible(592) | Control.IsVisible(593) | Control.IsVisible(594) | Control.IsVisible(595) | Control.IsVisible(596) | Control.IsVisible(597) | Control.IsVisible(60) | Control.IsVisible(62) | Control.IsVisible(69)  | Control.IsVisible(691) | Control.IsVisible(693)] + ![Window.IsActive(movieinformation) | Window.IsActive(musicinformation)]</visible>
		</control>
	</include>	

<!--ART-->
    <include name="art_ClearLogo">
		<texture>$VAR[art_ClearLogo]</texture>
		<aspectratio align="center" aligny="bottom">keep</aspectratio>
	</include>	
	<include name="art_DefaultIcon">
		<texture>$INFO[ListItem.ActualIcon]</texture>
		<aspectratio>keep</aspectratio>
		<visible>IsEmpty(ListItem.Art(thumb)) + ![Container.Content(actors) + !SubString(ListItem.Icon,DefaultFolderBack)]</visible>
	</include>
	<include name="art_Frame-nf">
		<texture border="0">frames/frame-nf.png</texture>
		<aspectratio>stretch</aspectratio>
	</include>
	<include name="art_Frame-fo">
		<texture border="0">frames/frame-fo.png</texture>
		<aspectratio>stretch</aspectratio>
	</include>

	<include name="art_FanartExtra">
		<texture>$VAR[extrafanart.path]</texture>
		<visible>Skin.HasSetting(fanart.extra)</visible>
		<aspectratio align="center" aligny="bottom">keep</aspectratio>
	</include>
	
	<include name="art_ClearArt">
		<texture>$VAR[art_ClearArt]</texture>
		<aspectratio align="center" aligny="bottom">keep</aspectratio>
	</include>
	
	
	<include name="art_Discart">
		<texture>$VAR[art_Discart]</texture>
		<aspectratio align="center" aligny="bottom">keep</aspectratio>
	</include>	
	
	
	<include name="art_DefaultIcon">
		<texture>$INFO[ListItem.ActualIcon]</texture>
		<aspectratio>keep</aspectratio>
		<visible>IsEmpty(ListItem.Art(thumb)) + ![Container.Content(actors) + !SubString(ListItem.Icon,DefaultFolderBack)]</visible>
	</include>
		
	<include name="glass">
		<texture>frames/Glass.png</texture>
        <visible>Skin.HasSetting(Enable.Glass)</visible>
      <aspectratio align="center" aligny="top">scale</aspectratio>	
	</include>	
	
		<include name="art_Frame-white">
		<texture border="0">frames/frame-white.png</texture>		
		<aspectratio>stretch</aspectratio>
	</include>

	
<!--STATUS INDICATORS-->
	<include name="status_List">
		<right>15</right>
		<top>21.5</top>
		<width>24</width>
		<height>24</height>
		<aspectratio>keep</aspectratio>
	</include> 
	<include name="status_Info">
		<control type="image">
			<width>26</width>
			<height>26</height>
			<aspectratio>keep</aspectratio>
			<texture>$VAR[status_Info]</texture>
		</control>
	</include>
	<include name="pvr_Status">
		<width>22</width>
		<height>22</height>
		<texture>$VAR[pvr_Status]</texture>
		<colordiffuse>Color3</colordiffuse>	
	</include>
	<include name="pvr_Status-fo">
		<width>22</width>
		<height>22</height>
		<texture>$VAR[pvr_Status]</texture>
		<colordiffuse>Color4</colordiffuse>	
	</include>
	<!--watchedOverlayAlt-->
	<include name="overlay_UnWatchedAlt">
		<width>32</width>
		<height>32</height>
		<info>ListItem.Overlay</info>
		<aspectratio align="right">keep</aspectratio>
	</include>
	<include name="overlay_UnWatched">
		<width>32</width>
		<height>32</height>
		<info>ListItem.Overlay</info>
		<aspectratio align="right">keep</aspectratio>
	</include>
	<include name="overlay_UnWatchedOriginal">
		<width>32</width>
		<height>32</height>
		<texture>$INFO[ListItem.Overlay,overlays/,/default-fo.png]</texture>
		<aspectratio align="right">keep</aspectratio>
	</include>
	<!-- fin -->	
	

<!--NOTIFICATIONS-->
	<include name="toast_Top">
		<right>70</right>
		<top>3</top>
		<width>400</width>
		<height>40</height>
		<font>regular_Small-U</font>
		<align>right</align>
		<aligny>center</aligny>
		<textcolor>Color1</textcolor>
		<include>transition_Toast</include>
	</include>
	<include name="toast_Bottom">
		<right>70</right>
		<top>29</top>
		<width>400</width>
		<align>right</align>
		<font>regular_Small</font>
		<aligny>center</aligny>
		<textcolor>Color3</textcolor>
		<scroll>false</scroll>
		<pauseatend>2000</pauseatend>
		<include>transition_Toast</include>
	</include>
	<include name="toast_Icon">
		<right>26</right>
		<top>19</top>
		<width>32</width>
		<height>32</height>
		<aspectratio>keep</aspectratio>
		<include>transition_Toast</include>
	</include>

<!--PLAYER CONTROLS-->
	<include name="player_Button">
		<width>48</width>
		<height>48</height>
	</include>
	<include name="player_Controls-commons">	
		<control type="image">
			<width>322</width>
			<height>60</height>
			<texture border="20,0,20,1">dialogs/frame/menu_player.png</texture>
		</control>
		<control type="grouplist" id="700">
			<left>7</left>
			<top>8</top>
			<onup>613</onup>
			<ondown>601</ondown>
			<itemgap>4</itemgap>
			<orientation>horizontal</orientation>
			<!--channel down-->
			<control type="button" id="701">
				<texturefocus>player/down-fo.png</texturefocus>
				<texturenofocus>player/down-nf.png</texturenofocus>
				<include>player_Button</include>
				<onclick>ChannelDown</onclick>
				<visible>VideoPlayer.Content(LiveTV)</visible>
			</control>
			<!--channel up-->
			<control type="button" id="702">
				<texturefocus>player/up-fo.png</texturefocus>
				<texturenofocus>player/up-nf.png</texturenofocus>
				<include>player_Button</include>
				<onclick>ChannelUp</onclick>
				<visible>VideoPlayer.Content(LiveTV)</visible>
			</control>
			<!--previous-->
			<control type="button" id="703">
				<texturefocus>player/prev-fo.png</texturefocus>
				<texturenofocus>player/prev-nf.png</texturenofocus>
				<include>player_Button</include>
				<onclick>PlayerControl(Previous)</onclick>
				<visible>!VideoPlayer.Content(LiveTV)</visible>
			</control>
			<!--rewind-->
			<control type="button" id="704">
				<texturefocus>player/rwd-fo.png</texturefocus>
				<texturenofocus>player/rwd-nf.png</texturenofocus>
				<include>player_Button</include>
				<onclick>PlayerControl(Rewind)</onclick>
				<enable>Player.SeekEnabled</enable>
				<animation effect="fade" start="100" end="50" time="0" condition="!Player.SeekEnabled">Conditional</animation>
			</control>
			<!--pause-->
			<control type="togglebutton" id="705">
				<texturenofocus>player/pause-nf.png</texturenofocus>
				<texturefocus>player/pause-fo.png</texturefocus>
				<alttexturenofocus>player/play-nf.png</alttexturenofocus>
				<alttexturefocus>player/play-fo.png</alttexturefocus>
				<usealttexture>Player.Paused | Player.Forwarding | Player.Rewinding</usealttexture>
				<include>player_Button</include>
				<onclick>PlayerControl(Play)</onclick>
				<visible>!VideoPlayer.Content(LiveTV)</visible>
				<enable>Player.PauseEnabled</enable>
			</control>
			<!--stop-->
			<control type="button" id="706">
				<texturefocus>player/stop-fo.png</texturefocus>
				<texturenofocus>player/stop-nf.png</texturenofocus>
				<include>player_Button</include>
				<onclick>PlayerControl(Stop)</onclick>
			</control>
			<!--forward-->
			<control type="button" id="707">
				<texturefocus>player/fwd-fo.png</texturefocus>
				<texturenofocus>player/fwd-nf.png</texturenofocus>
				<include>player_Button</include>
				<onclick>PlayerControl(Forward)</onclick>
				<enable>Player.SeekEnabled</enable>
				<animation effect="fade" start="100" end="50" time="0" condition="!Player.SeekEnabled">Conditional</animation>
			</control>
			<!--next-->
			<control type="button" id="708">
				<texturefocus>player/next-fo.png</texturefocus>
				<texturenofocus>player/next-nf.png</texturenofocus>
				<include>player_Button</include>
				<onclick>PlayerControl(Next)</onclick>
				<visible>!VideoPlayer.Content(LiveTV)</visible>
			</control>
			<!--record-->
			<control type="togglebutton" id="709">
				<texturefocus>player/rec-fo.png</texturefocus>
				<texturenofocus>player/rec-nf.png</texturenofocus>
				<usealttexture>Player.Recording</usealttexture>
				<alttexturefocus>player/rec-fo.png</alttexturefocus>
				<alttexturenofocus>player/rec-fo.png</alttexturenofocus>
				<include>player_Button</include>
				<onclick>PlayerControl(Record)</onclick>
				<visible>VideoPlayer.Content(LiveTV)</visible>
				<animation effect="fade" start="100" end="50" time="0" condition="!Player.CanRecord">Conditional</animation>
			</control>
		</control>
	</include>

<!--OSD / SLIDESHOW-->
	<include name="osd_Title">
		<font>bold_Title</font>
		<textcolor>Color1</textcolor>
	</include>
	<include name="osd_Sub">
		<font>semibold-U</font>
		<textcolor>Color1</textcolor>
		<selectedcolor>Color1</selectedcolor>
	</include>
	<include name="osd_Text">
		<font>regular_Small</font>
		<textcolor>Color3</textcolor>
		<autoscroll delay="autoscroll_Delay" time="autoscroll_Time" repeat="1000">Skin.HasSetting(autoscroll.enable)</autoscroll>
	</include>

	<include name="osd_Seekbar">
		<top>680</top>
		<control type="group">
			<control type="image">
				<width>screen_Width</width>
				<height>40</height>
				<texture>white.png</texture>
				<colordiffuse>accent_1</colordiffuse>
			</control>
			<control type="group">
				<left>100</left>
				<top>5</top>
				<!--cache progress-->
				<control type="progress" id="12">
					<width>1080</width>
					<height>32</height>
					<info>Player.ProgressCache</info>
					<texturebg colordiffuse="Color3">player/progress_Background.png</texturebg>
					<lefttexture>-</lefttexture>
					<midtexture colordiffuse="Color2">player/progress_Background.png</midtexture>
					<righttexture>-</righttexture>
				</control>
				<control type="slider">
					<width>1080</width>
					<height>32</height>
					<sliderwidth>125</sliderwidth>
					<sliderheight>32</sliderheight>
					<texturesliderbar>player/progress_Opaque.png</texturesliderbar>
					<textureslidernib colordiffuse="Color3">player/progress_Slider.png</textureslidernib>
					<textureslidernibfocus colordiffuse="Color1">player/progress_Slider.png</textureslidernibfocus>
					<info>Player.Progress</info>
					<action>seek</action>
				</control>
			</control>
			<control type="group">
				<left>20</left>
				<top>6</top>
				<control type="label">
					<left>0</left>
					<width>200</width>
					<label>$VAR[player_Time]</label>
					<textcolor>Color3</textcolor>
					<include>detail_Sub</include>
				</control>
				<control type="label">
					<right>20</right>
					<width>200</width>
					<label>$VAR[player_Duration]</label>
					<align>right</align>
					<textcolor>Color3</textcolor>
					<include>detail_Sub</include>
				</control>
			</control>
		</control>
	</include>

	<include name="osd_Music">
		<control type="group">			
			<top>450</top>
			<control type="image">
				<width>370</width>
				<height>250</height>
				<texture border="29">white.png</texture>
				<animation condition="true" effect="Fade" start="85" end="85" time="0">Conditional</animation>
  				<colordiffuse>base_2</colordiffuse>
			</control>
			<control type="image">
				<width>screen_Width</width>
				<height>250</height>
				<texture border="29">white.png</texture>
				<animation condition="true" effect="Fade" start="45" end="45" time="0">Conditional</animation>
  				<colordiffuse>base_2</colordiffuse>
			</control>
			<control type="group">
				<left>150</left>
				<top>10</top>
				<control type="image">
					<width>215</width>
					<height>215</height>
					<include>art_Frame-nf</include>
				</control>
				<control type="image">
						<left>0</left>
						<top>15</top>
						<description>Cd Disc</description>
						<animation effect="fade" start="100" end="0" time="700" tween="cubic" easing="out" condition="Window.IsActive(musicosd)">Conditional</animation>
						<animation effect="slide" start="0" end="-105" time="900" tween="cubic" easing="out" delay="800">WindowOpen</animation>
						<animation effect="slide" start="-105" end="0" time="900" tween="cubic" easing="out">WindowClose</animation>
						<animation effect="rotate" end="-360" center="auto" time="4200" loop="true" reversible="false" condition="!Player.Paused">Conditional</animation>
						<width>180</width>
						<height>180</height>
						<texture>$INFO[Player.FolderPath]cdart.png</texture>
						<aspectratio>keep</aspectratio>
					</control>
					
				<control type="group">
					<left>7</left>
					<top>7</top>
					<control type="image">
						<width>200</width>
						<height>200</height>
						<texture>thumbs/default_Square.png</texture>
						<aspectratio align="left" aligny="top">scale</aspectratio>
					</control>
					<control type="image">
						<width>200</width>
						<height>200</height>
						<texture>$VAR[osd_Art]</texture>
						<aspectratio align="center" aligny="center">scale</aspectratio>
					</control>					
				</control>
				<control type="group">
					<left>250</left>
					<top>25</top>
					<control type="label">
						<width>700</width>
						<label>$VAR[osd_Title]</label>
						<include>osd_Title</include>
					</control>
					<control type="label">
						<top>30</top>
						<width>700</width>
						<label>$INFO[MusicPlayer.Artist]</label>
						<textcolor>Color3</textcolor>
						<include>osd_Sub</include>
					</control>
					<control type="label">
						<top>55</top>
						<width>700</width>
						<label>$INFO[MusicPlayer.Album]$INFO[MusicPlayer.Year, • ]</label>
						<textcolor>Color2</textcolor>
						<include>osd_Sub</include>
					</control>
					<control type="label">
						<top>82</top>
						<width>700</width>
						<label>$INFO[MusicPlayer.Offset(1).Artist,[B]$LOCALIZE[209]: [/B]]$INFO[MusicPlayer.Offset(1).Title, - ] ($INFO[MusicPlayer.PlaylistPosition,]$INFO[MusicPlayer.PlaylistLength,/])</label>
						<include>osd_Text</include>
						<visible>MusicPlayer.HasNext</visible>
					</control>					
				</control>
				<control type="image">
					<right>20</right>
					<top>4</top>
					<width>147</width>
					<height>28</height>
					<texture>$INFO[Player.StarRating,rating/nf-,]</texture>
					<aspectratio align="right">keep</aspectratio>
					<visible>Player.HasAudio</visible>
				</control>
			</control>
		</control>
		<control type="group">
			<top>680</top>
			<include>osd_Seekbar</include>
		</control>
	</include>

	<include name="osd_Video">
		<control type="group">			
			<top>545</top>
			<control type="image">
				<width>screen_Width</width>
				<height>135</height>
				<texture border="29">white.png</texture>
				<colordiffuse>base_2</colordiffuse>
			</control>
			<control type="group">
				<left>10</left>
				<top>10</top>
				<control type="image">
					<width>192</width>
					<height>114</height>
					<include>art_Frame-nf</include>
					<visible>!VideoPlayer.Content(LiveTV)</visible>
				</control>
				<control type="image">
					<width>114</width>
					<height>114</height>
					<include>art_Frame-nf</include>
					<visible>VideoPlayer.Content(LiveTV)</visible>
				</control>
				<control type="group">
					<left>7</left>
					<top>7</top>
					<width>178</width>
					<height>100</height>
					<control type="image">
						<width>178</width>
						<height>100</height>
						<texture>$VAR[osd_Art]</texture>
						<aspectratio align="center" aligny="center">scale</aspectratio>
						<visible>!VideoPlayer.Content(LiveTV)</visible>
					</control>
					<control type="image">
						<width>100</width>
						<height>100</height>
						<texture>$VAR[osd_Art]</texture>
						<aspectratio align="center" aligny="center">scale</aspectratio>
						<visible>VideoPlayer.Content(LiveTV)</visible>
					</control>
					<control type="image">
						<centerleft>50%</centerleft>
						<width>128</width>
						<height>96</height>
						<texture>$VAR[osd_ClearLogo]</texture>
						<aspectratio align="center" aligny="bottom">keep</aspectratio>
					</control>
				</control>
				<control type="group">
					<left>210</left>
					<top>3</top>
					<visible>!VideoPlayer.Content(LiveTV)</visible>
					<control type="label">
						<width>1050</width>
						<label>$VAR[osd_Title]</label>
						<include>osd_Title</include>
					</control>
					<control type="label">
						<top>25</top>
						<width>1050</width>
						<label>$VAR[osd_Info]</label>
						<textcolor>Color2</textcolor>
						<include>osd_Sub</include>
						<visible>Player.HasVideo</visible>
					</control>
					<control type="textbox">
						<top>55</top>
						<width>1050</width>
						<height>55</height>
						<label>$VAR[player_Plot]</label>
						<include>osd_Text</include>
						<visible>Player.HasVideo</visible>
					</control>
				</control>
				<control type="group">
					<left>132</left>
					<top>3</top>
					<visible>VideoPlayer.Content(LiveTV)</visible>
					<control type="label">
						<width>1128</width>
						<label>$VAR[osd_Title]</label>
						<include>osd_Title</include>
					</control>
					<control type="label">
						<top>28</top>
						<width>1128</width>
						<label>$VAR[osd_Info]</label>
						<include>detail_Sub</include>
						<visible>Player.HasVideo</visible>
					</control>
					<control type="textbox">
						<top>55</top>
						<width>1128</width>
						<height>55</height>
						<label>$VAR[player_Plot]</label>
						<include>osd_Text</include>
						<visible>Player.HasVideo</visible>
					</control>
				</control>				
			</control>
			<visible>!Skin.HasSetting(videoosd.poster)</visible>
		</control>
		
	
		<control type="group">			
			<top>545</top>
			<control type="image">
				<width>screen_Width</width>
				<height>135</height>
				<texture border="29">white.png</texture>
				<colordiffuse>base_2</colordiffuse>
			</control>
			<control type="group">
				<left>10</left>
				<top>10</top>				
				<control type="image">
					<top>-150</top>
						<width>170</width>
						<height>300</height>
					<include>art_Frame-nf</include>
					<visible>VideoPlayer.Content(LiveTV)</visible>
				</control>
				<control type="group">
					<left>7</left>
					<top>7</top>
					<width>178</width>
					<height>100</height>
					<control type="image">
						<width>170</width>
						<height>100</height>
						<texture>$VAR[osd_Art]</texture>
						<aspectratio align="center" aligny="center">keep</aspectratio>
						<visible>!VideoPlayer.Content(LiveTV)</visible>
					</control>
					<control type="image">					
					<top>-150</top>
						<width>170</width>
						<height>300</height>
						<texture>$VAR[osd_ArtAlt]</texture>
						<aspectratio align="center" aligny="center">keep</aspectratio>
						<visible>!VideoPlayer.Content(LiveTV)</visible>
					</control>
					<control type="image">
						<top>-150</top>
						<width>170</width>
						<height>300</height>
						<texture>$VAR[osd_ArtAlt]</texture>
						<aspectratio align="center" aligny="center">keep</aspectratio>
						<visible>VideoPlayer.Content(LiveTV)</visible>
					</control>					
				</control>
				<control type="group">
					<left>210</left>
					<top>3</top>
					<visible>!VideoPlayer.Content(LiveTV)</visible>
					<control type="label">
						<width>1050</width>
						<label>$VAR[osd_Title]</label>
						<include>osd_Title</include>
					</control>
					<control type="label">
						<top>25</top>
						<width>1050</width>
						<label>$VAR[osd_Info]</label>
						<textcolor>Color2</textcolor>
						<include>osd_Sub</include>
						<visible>Player.HasVideo</visible>
					</control>
					<control type="textbox">
						<top>55</top>
						<width>1050</width>
						<height>55</height>
						<label>$VAR[player_Plot]</label>
						<include>osd_Text</include>
						<visible>Player.HasVideo</visible>
					</control>
				</control>
				<control type="group">
					<left>132</left>
					<top>3</top>
					<visible>VideoPlayer.Content(LiveTV)</visible>
					<control type="label">
						<width>1128</width>
						<label>$VAR[osd_Title]</label>
						<include>osd_Title</include>
					</control>
					<control type="label">
						<top>28</top>
						<width>1128</width>
						<label>$VAR[osd_Info]</label>
						<include>detail_Sub</include>
						<visible>Player.HasVideo</visible>
					</control>
					<control type="textbox">
						<top>55</top>
						<width>1128</width>
						<height>55</height>
						<label>$VAR[player_Plot]</label>
						<include>osd_Text</include>
						<visible>Player.HasVideo</visible>
					</control>
				</control>			
			</control>
			<visible>Skin.HasSetting(videoosd.poster)</visible>
		</control>		
	</include>

<!--WINDOW TITLES-->
	<include name="windowTitle">
		<left>59</left>
		<top>15</top>
		<width>950</width>
		<aligny>center</aligny>
		<font>light_Window</font>
		<textcolor>Color1</textcolor>
		<include>transition_WindowTitle</include>
		<include>toggle_Menu</include>
		<visible>![Window.IsActive(movieinformation) | Window.IsActive(musicinformation) | Window.IsActive(busydialog) | Control.IsVisible(531)] +
 !Control.IsVisible(9900)</visible>
		<animation effect="slide" end="-27" time="0" condition="Skin.HasSetting(global.kiosk)">Conditional</animation>
	</include>
	<include name="windowTitle_Video">
		<control type="label">
			<label>$VAR[window_Title.Video]</label>
			<include>windowTitle</include>
		</control>
	</include>		
	<include name="windowTitle_Music">
		<control type="label">
			<label>$VAR[window_Title.Music]</label>
			<include>windowTitle</include>
		</control>
	</include>
	<include name="windowTitle_Pictures">
		<control type="label">
			<label>$VAR[window_Title.Pictures]</label>
			<include>windowTitle</include>
		</control>
	</include>
	<include name="windowTitle_Programs">
		<control type="label">
			<label>$VAR[window_Title.Programs]</label>
			<include>windowTitle</include>
		</control>
	</include>
	<include name="windowTitle_System">
		<control type="label">
			<label>$VAR[window_Title.System]</label>
			<include>windowTitle</include>
			<animation effect="slide" end="-27" time="0" condition="Window.IsActive(settings) | Window.IsActive(systeminfo) | Window.IsActive(profiles) | Window.IsActive(skinsettings) | Window.IsActive(filemanager)">Conditional</animation>
		</control>
	</include>
	<include name="windowTitle_Addons">
		<control type="label">
			<label>$VAR[window_Title.Addons]</label>
			<include>windowTitle</include>
		</control>
	</include>
	<include name="windowTitle_PVR">
		<control type="label">
			<label>$VAR[window_Title.PVR]</label>
			<include>windowTitle</include>
		</control>
	</include>
	<include name="windowTitle_Playlists">
		<control type="label">
			<label>$VAR[window_Title.Playlists]</label>
			<include>windowTitle</include>
		</control>
	</include>
	<include name="windowTitle_Weather">
		<control type="label">
			<label>$VAR[window_Title.Weather]</label>
			<include>windowTitle</include>
		</control>
	</include>	
</includes>