<?xml version="1.0" encoding="UTF-8"?>
<window>
	<defaultcontrol always="true">50</defaultcontrol>
	<allowoverlay>yes</allowoverlay>
	<views>50,51,511,512,52,521,522,525,526,527,53,531,532,534,535,54,541,542,543,544,57,571,572,573,574,575,576,577,578,579,581,59,591,592,593,594,595,596,597,60,61,611,62,621,622,623,63,631,67,69,691,692,693,694,695</views>
	<onload condition="System.HasAddon(script.tv.show.next.aired) + !Skin.HasSetting(nextaired.disable)">XBMC.RunScript(script.tv.show.next.aired,backend=True)</onload>
	<onload condition="System.HasAddon(script.tvtunes) + Skin.HasSetting(tvtunes.enable)">XBMC.RunScript(script.tvtunes,backend=True)</onload>
	<onload condition="System.HasAddon(script.metadata.actors)">RunScript(script.metadata.actors,backend)</onload> 
	<controls>
	<!--trigger-->
		<control type="button" id="8000">
			<label>-</label>
			<onup>53</onup>
			<ondown>71</ondown>
			<onleft>53</onleft>
			<onright>53</onright>
			<width>500</width>
			<visible allowhiddenfocus="true">false</visible>
		</control>
	<!--global includes-->
		<include>global_Background</include>
		<include>global_Includes</include>
		<include>global_MenuGuide</include>
		<include>windowTitle_Video</include>
	<!--view includes-->			
		<include>view_List</include><!--50-->		
		<include>view_BigList</include><!--51-->
		<include>view_BigList2</include><!--511-->
		<include>view_BigList3</include><!--511-->
		<include>view_SlidePoster</include><!--52-->
		<include>view_SlideLandscape</include><!--521-->
		<include>view_SlideSquare</include><!--522-->			
		<include>view_SlideCoverflow</include><!--525-->
		<include>view_SlideCoverflowSmall</include><!--526-->
		<include>View_Showcase</include><!--527-->
		<include>view_Gallery</include><!--53-->
		<include>view_GalleryFull</include><!--531-->
		<include>view_GalleryFullAlt</include><!--532-->	
		<include>view_Banner</include><!--54-->
		<include>view_BigBanner</include><!--541-->	
		<include>view_SmallBanner</include><!--541-->
		<include>view_BannerFanart</include><!--541-->
		<include>view_IconPortrait</include><!--57-->
		<include>view_IconPortraitSmall</include><!--571-->			
		<include>view_IconSquare</include><!--572-->
		<include>view_IconPortraitSmallAlt</include><!--573-->	
		<include>view_IconSquareSmall</include><!--574-->
		<include>view_IconWide</include><!--575-->
		<include>view_IconPortraitSmallOriginal</include><!--576-->		
		<include>view_IconWideSmall</include><!--577-->	
		<include>view_IconPortraitFull</include><!--578-->		
		<include>view_Icon2PortraitSmall</include><!--581(strip)-->		
		<include>view_FanartPosterPortrait</include><!--59-->
		<include>view_FanartPosterPortraitSmall</include><!--591-->
		<include>view_IconWallPortrait</include><!--592-->		
		<include>view_PosterLandscapePortrait</include><!--593-->		
		<include>view_SimplePoster</include><!--595-->
		<include>view_BigFanartPortrait</include><!--596-->	
		<include>view_StripFanart</include><!--597-->	
		<include>view_Tiles</include><!--60-->
		<include>view_PosterList</include><!--61-->
		<include>view_IconWall2Portrait</include><!--62-->
		<include>view_IconWall3Portrait</include><!--621-->
		<include>view_IconWall4Portrait</include><!--622-->
		<include>view_IconWall5Portrait</include><!--623-->
		<include>view_Episode</include><!--63-->
		<include>view_EpisodeLandscape</include><!--631-->			
		<include>view_ListSmall</include><!--67-->
		<include>view_MovieSet</include><!--579-->
		<include>view_MovieSet2</include><!--542-->
		<include>viewPanelTextbox</include><!--69-->
		<include>viewPanelStrip</include><!--693-->
		<include>viewPanel_Art</include><!--691-->
		<include>viewPanel_Art2</include><!--692-->
		<include>viewTriPanel_Art</include><!--694-->
		<include>viewPanelLandscapeList_Poster_Art</include><!--695-->
		<include>viewPoster_Handbone</include><!--535-->
		<include>view_FanartList_Handbone</include><!--535-->
	<!--detail includes-->
		<include>detail_ListMusic</include>
		<include>detail_BigList2</include>
		<include>detail_BigList3</include>
		<include>detail_ListAddons</include>
		<include>detail_BannerFanart</include>
		<include>detail_Slide</include>		
		<include>detail_SlideBigPosterLandscape</include>
		<include>detail_SlideCoverflow</include>
		<include>detail_SlideCoverflowSmall</include>
		<include>detail_Thumbnails</include>
		<include>detail_ThumbnailsFull</include>
		<include>detail_Strip</include>
		<include>detail_posterfanart</include>
		<include>detail_ThumbnailsWall</include>
		<include>detail_ThumbnailsWall2</include>
		<include>detail_ThumbnailsWall3</include>
		<include>detail_ThumbnailsWall4</include>
		<include>detail_ThumbnailsWall5</include>
		<include>detail_PosterLandscape</include>		
		<include>detail_Simple</include>
		<include>detail_BigFanart</include>
		<include>detail_StripFanart</include>
		<include>detail_PosterList</include>
		<include>detail_Episode</include>
		<include>detail_EpisodeLandscape</include>		
		<include>detail_ThumbnailsSmall</include>
		<include>detail_MovieSet</include>
		<include>detail_PanelTextbox</include>		
		<include>detail_Panel_Art</include>
        <include>detail_Panel_Art2</include>
		<include>detail_TriPanel_Art</include>
		<include>detail_PanelLandscapeList_Poster_Art</include>
		<include>detail_PanelStrip</include>
		<include>detail_Poster_Handbone</include>
		<include>detail_FanartList_Handbone</include>		
	
	<!--list (50)-->
		<control type="group">
			<include>toggle_Menu</include>
			<include>transition_Info</include>
			<include>transition_Content</include>
			<include>fadeinout</include>
			<visible>Control.IsVisible(50)</visible>
			<!--landscape-->
			<control type="group">
				<control type="group">
					<left>680</left>
					<top>90</top>
					 <visible>[[Container.Content(movies) | Container.Content(tvshows)] + Skin.HasSetting(view.list.fanart) + !SubString(Container.FolderPath,plugin://)] | [Container.Content(episodes) | Container.Content(artists)]</visible>
					<control type="group">
						<left>7</left>
						<top>7</top>
						<control type="image">
						    <left>-22</left>
						    <top>-5</top>
							<width>575</width>
							<height>325</height>
							<texture>frames/frame-landscape-back-alt.png</texture>
							<aspectratio>stretch</aspectratio>
							</control>
						<control type="image">	
							<width>532</width>
							<height>295</height>
							<texture background="true">thumbs/default_Landscape.png</texture>
							<aspectratio>stretch</aspectratio>
							<fadetime>fadetime_Thumb</fadetime>
						</control>
						<control type="image">
							<left>202</left>
							<top>83.5</top>
							<width>128</width>
							<height>128</height>
							<include>art_DefaultIcon</include>
							<fadetime>fadetime_Thumb</fadetime>
						</control>
						<control type="image">
							<width>532</width>
							<height>295</height>
							<texture background="true">$VAR[thumb_Landscape]</texture>
							<fadetime>fadetime_Thumb</fadetime>
							<aspectratio align="center" aligny="top">scale</aspectratio>
						</control>
		<control type="image">
					<left>500</left>
					<top>10</top>
					<width>32</width>
            <height>32</height>
			<texture background="true" diffuse="videoextras_overlay.png">$VAR[VideoextrasOverlay]</texture>
			<visible>Control.IsVisible(50) + System.HasAddon(script.videoextras) + Window.IsVisible(Videos) + Container.Content(Movies) + !Skin.HasSetting(Enable.videoextrasOverlays)</visible>
		<colordiffuse>FFFFFFFF</colordiffuse>	
		</control>
						<control type="image">
							<centerleft>266</centerleft>
							<top>189</top>
							<width>532</width>
							<height>96</height>
							<aspectratio align="center" aligny="bottom">keep</aspectratio>
							<include>art_ClearLogo</include>
						</control>
						<control type="textbox">
							 <left>0</left>
							<top>320</top>
							<width>530</width>
							<align>justify</align>
							<height max="274">auto</height>
							<label>$VAR[global_Plot]</label>
							<include>detail_Text</include>
						</control>						
					</control>
				</control>
			</control>
			<!--portrait-->			
			<control type="group">
				<left>750</left>
				<top>80</top>
			<control type="group">
					<visible>[Container.Content(movies) | Container.Content(tvshows)] + [!Skin.HasSetting(view.list.fanart) | SubString(Container.FolderPath,plugin://)] | Container.Content(actors) | Container.Content(seasons) | Container.Content(sets)</visible>
				<control type="group">
						<left>-80</left>
						<top>7</top>
						<control type="image">	
						    <left>-15</left>
						    <top>8</top>
							<width>431</width>
							<height>634</height>
							<texture>frames/frame-landscape-back-alt.png</texture>
							<animation type="Conditional" condition="!Skin.HasSetting(ListDiscart.movies.enable)" reversible="false">
				<effect type="Slide"  center="auto" start="0,0" end="80,0" easing="Out" tween="Cubic"/>
			</animation>	
			<visible>Control.IsVisible(50)</visible>
							</control>
							  <control type="image">
					<left>300</left>
					<top>200</top>
					<width>250</width>
					<height>250</height>
					<texture background="true">$VAR[Icon_Discart]</texture>
					<visible>Skin.HasSetting(ListDiscart.movies.enable)</visible>
					<visible>Control.IsVisible(50)</visible>
					<animation type="WindowOpen">
					<effect type="fade" start="0" end="150" time="500" delay="800" tween="sine" easing="out"/>
					<effect type="slide" start="-50,0" end="0,0" time="980" delay="750" tween="sine" easing="out"/>
					</animation>
				  </control>
						<control type="image">	
							<width>406</width>
							<height>600</height>
							<texture background="true">thumbs/default_Portrait.png</texture>
							<aspectratio>stretch</aspectratio>
							<fadetime>fadetime_Thumb</fadetime>
							<animation type="Conditional" condition="!Skin.HasSetting(ListDiscart.movies.enable)" reversible="false">
				<effect type="Slide"  center="auto" start="0,0" end="80,0" easing="Out" tween="Cubic"/>
			</animation>	
			<visible>Control.IsVisible(50)</visible>
						</control>
						<control type="image">
							<left>139</left>
							<top>236</top>
							<width>128</width>
							<height>128</height>
							<include>art_DefaultIcon</include>
							<fadetime>fadetime_Thumb</fadetime>
							<animation type="Conditional" condition="!Skin.HasSetting(ListDiscart.movies.enable)" reversible="false">
				<effect type="Slide"  center="auto" start="0,0" end="80,0" easing="Out" tween="Cubic"/>
			</animation>	
						<visible>Control.IsVisible(50)</visible>
						</control>
						<control type="image">
							<width>406</width>
							<height>600</height>
							<texture background="true">$VAR[thumb_Portrait]</texture>
							<aspectratio align="center" aligny="center">scale</aspectratio>
							<fadetime>fadetime_Thumb</fadetime>
							<animation type="Conditional" condition="!Skin.HasSetting(ListDiscart.movies.enable)" reversible="false">
				<effect type="Slide"  center="auto" start="0,0" end="80,0" easing="Out" tween="Cubic"/>
			</animation>
			<visible>Control.IsVisible(50)</visible>
						</control>						
			            <control type="image">
			                <left>370</left>
			                <top>40</top>
			                <width>32</width>
                            <height>32</height>
			                <texture background="true" diffuse="videoextras_overlay.png">$VAR[VideoextrasOverlay]</texture>
			                <visible>Control.IsVisible(50) + System.HasAddon(script.videoextras) + Window.IsVisible(Videos) + Container.Content(Movies) + !Skin.HasSetting(Enable.videoextrasOverlays)</visible>
		                    <colordiffuse>FFFFFFFF</colordiffuse>
							<animation type="Conditional" condition="!Skin.HasSetting(ListDiscart.movies.enable)" reversible="false">
				<effect type="Slide"  center="auto" start="0,0" end="80,0" easing="Out" tween="Cubic"/>
			</animation>
		                </control>									
				</control>
			</control>		
			</control>
		</control>	
			<!--List Small (67) -->
		<control type="group">
			<include>toggle_Menu</include>
			<include>transition_Info</include>
			<include>transition_Content</include>
			<include>fadeinout</include>
			<visible>Control.IsVisible(67)</visible>
		<control type="group">
				<control type="group">
					<left>680</left>
					<top>90</top>
					 <visible>[[Container.Content(movies) | Container.Content(tvshows)] + Skin.HasSetting(view.listsmall.fanart) | [Container.Content(episodes) | Container.Content(artists)]</visible>
					<control type="group">
						<left>7</left>
						<top>7</top>
						<control type="image">
						    <left>-22</left>
						    <top>-5</top>
							<width>575</width>
							<height>325</height>
							<texture>frames/frame-landscape-back-alt.png</texture>
							<aspectratio>stretch</aspectratio>
							</control>
						<control type="image">	
							<width>532</width>
							<height>295</height>
							<texture background="true">thumbs/default_Landscape.png</texture>
							<aspectratio>stretch</aspectratio>
							<fadetime>fadetime_Thumb</fadetime>
						</control>
						<control type="image">
							<left>202</left>
							<top>83.5</top>
							<width>128</width>
							<height>128</height>
							<include>art_DefaultIcon</include>
							<fadetime>fadetime_Thumb</fadetime>
						</control>
						<control type="image">
							<width>532</width>
							<height>295</height>
							<texture background="true">$VAR[thumb_Landscape]</texture>
							<fadetime>fadetime_Thumb</fadetime>
							<aspectratio align="center" aligny="top">scale</aspectratio>
							<visible>Control.IsVisible(67)</visible>
						</control>						
						<control type="image">
					<left>500</left>
					<top>10</top>
					<width>32</width>
            <height>32</height>
			<texture background="true" diffuse="videoextras_overlay.png">$VAR[VideoextrasOverlay]</texture>
			<visible>Control.IsVisible(67) + System.HasAddon(script.videoextras) + Window.IsVisible(Videos) + Container.Content(Movies) + !Skin.HasSetting(Enable.videoextrasOverlays)</visible>
		<colordiffuse>FFFFFFFF</colordiffuse>	
		</control>
						<control type="image">
							<centerleft>266</centerleft>
							<top>189</top>
							<width>532</width>
							<height>96</height>
							<aspectratio align="center" aligny="bottom">keep</aspectratio>
							<include>art_ClearLogo</include>
						</control>
						<control type="textbox">
						 <left>0</left>
							<top>320</top>
							<width>530</width>
							<align>justify</align>
							<height max="274">auto</height>
							<label>$VAR[global_Plot]</label>
							<include>detail_Text</include>
						</control>										
					</control>
					<control type="group">
					 <left>-635</left>
				  <top>330</top>
					<control type="label">					
						<label>$VAR[gallery_Header]</label>
						<width>535</width>
						<textcolor>Color3</textcolor>
						<include>detail_Title</include>
						 <visible>Control.IsVisible(67)</visible>
					</control>
					<control type="label">
					<top>35</top>
						<width>535</width>
						<label>$VAR[global_Info]</label>
						<include>detail_Sub</include>
						<visible>Control.IsVisible(67)</visible>	
					</control>
				</control>	
				</control>
			</control>
			<control type="group">
			 <left>45</left>
				  <top>455</top>		
                    <control type="grouplist"> 
					 <top>30</top>
                        <width>450</width>
                        <orientation>horizontal</orientation>
                        <itemgap>10</itemgap>
                        <control type="label">
                            <width min="50" max="400">auto</width>
                            <aligny>bottom</aligny>
                            <label>$LOCALIZE[20339]:</label>
							<include>detail_Sub</include>
                        </control>
                        <control type="label">
                            <width min="50" max="450">auto</width>
                            <aligny>bottom</aligny>
                            <label fallback="N/A">$INFO[ListItem.Director]</label>
                            <scroll>true</scroll>							
                        </control>
                    </control>
                    <control type="grouplist"> 
					 <top>60</top>
                        <width>450</width>
                        <orientation>horizontal</orientation>
                        <itemgap>10</itemgap>
                        <control type="label">
                            <width min="50" max="400">auto</width>
                            <aligny>bottom</aligny>
                            <label>$LOCALIZE[20417]:</label>
							<include>detail_Sub</include>
                        </control>
                        <control type="label">
                            <width min="50" max="450">auto</width>
                            <aligny>bottom</aligny>
                            <label fallback="N/A">$INFO[ListItem.Writer]</label>
                            <scroll>true</scroll>
                        </control>
                    </control>
                    <control type="grouplist"> 
					 <top>90</top>
                        <width>450</width>
                        <orientation>horizontal</orientation>
                        <itemgap>10</itemgap>
                        <control type="label">
                            <width min="50" max="400">auto</width>
                            <aligny>bottom</aligny>
                            <label>$LOCALIZE[563]:</label>
							<include>detail_Sub</include>
                        </control>
                        <control type="label">
                            <width min="50" max="450">auto</width>
                            <aligny>bottom</aligny>
                            <label fallback="N/A">$INFO[ListItem.Rating]</label>
                            <scroll>true</scroll>
                        </control>
                    </control>                  
                    <control type="grouplist">
					 <top>120</top>
                        <width>450</width>
                        <orientation>horizontal</orientation>
                        <itemgap>10</itemgap>
                        <control type="label">
                            <width min="50" max="400">auto</width>
                            <aligny>bottom</aligny>
                            <label>$LOCALIZE[572]:</label>
							<include>detail_Sub</include>
                        </control>
                        <control type="label">
                            <width min="50" max="450">auto</width>
                            <aligny>bottom</aligny>
                            <label fallback="N/A">$INFO[ListItem.Studio]</label>
                            <scroll>true</scroll>
                        </control>
                    </control>
                    <control type="grouplist">   
                     <top>150</top>
                        <width>450</width>
                        <orientation>horizontal</orientation>
                        <itemgap>10</itemgap>
                        <control type="label">
                            <width min="50" max="400">auto</width>
                            <aligny>bottom</aligny>
                            <label>$LOCALIZE[20074]:</label>
							<include>detail_Sub</include>
                        </control>
                        <control type="label">
                            <width>450</width>
                            <aligny>bottom</aligny>
                            <label fallback="N/A">$INFO[ListItem.Mpaa]</label>                           
                            <scroll>true</scroll>
                            <wrapmultiline>true</wrapmultiline>
                        </control>
                    </control>   
				 </control> 	
			<!--portrait-->
			<control type="grouplist" id="100">
			<visible>Control.IsVisible(67)</visible>	
				<left>-50</left>
				<bottom>20</bottom>
				<width>900</width>
				<height>64</height>
				<itemgap>13</itemgap>
				<orientation>horizontal</orientation>
				<control type="image">
				<width>96</width>
				    <height>64</height>
				    <aspectratio align="center">keep</aspectratio>
				    <texture colordiffuse="Color11">$VAR[flag_VideoType-fo]</texture>
				    <visible>Control.IsVisible(67)</visible>
			    </control>	
				<control type="image">
					<width>96</width>
					<height>64</height>
					<texture colordiffuse="Color11">$INFO[ListItem.VideoResolution,flags/video/resolution/,.png]</texture>
					<aspectratio align="center">keep</aspectratio>
					<visible>[Container.Content(movies) | Container.Content(episodes)] + !IsEmpty(Listitem.VideoResolution)</visible>
				</control>
				<control type="image">
					<width>96</width>
					<height>64</height>
					<texture colordiffuse="Color11">$INFO[Listitem.VideoCodec,flags/codec/,.png]</texture>
					<aspectratio align="center">keep</aspectratio>
					<visible>[Container.Content(movies) | Container.Content(episodes)] + !IsEmpty(Listitem.VideoCodec)</visible>
				</control>
				<control type="image">
					<width>96</width>
					<height>64</height>
					<texture colordiffuse="Color11">$INFO[Listitem.AudioCodec,flags/codec/,.png]</texture>
					<aspectratio align="center">keep</aspectratio>
					<visible>[Container.Content(movies) | Container.Content(episodes)] + !IsEmpty(Listitem.AudioCodec)</visible>
				</control>
				<control type="image">
					<width>96</width>
					<height>64</height>
					<texture colordiffuse="Color11">$INFO[Listitem.VideoAspect,flags/video/aspectratio/,.png]</texture>
					<aspectratio align="center">keep</aspectratio>
					<visible>[Container.Content(movies) | Container.Content(episodes)] + !IsEmpty(Listitem.VideoAspect)</visible>
				</control>
				<control type="image">
					<width>96</width>
					<height>64</height>
					<texture colordiffuse="Color11">$VAR[flag_Studio]</texture>
					<aspectratio align="center">keep</aspectratio>
					<visible>Container.Content(movies) | Container.Content(tvshows) | Container.Content(episodes)</visible>
				</control>
			</control>
			<control type="group">
				<left>750</left>
				<top>80</top>
			<control type="group">
					<visible>[Container.Content(movies) | Container.Content(tvshows)] + [!Skin.HasSetting(view.listsmall.fanart)] | Container.Content(actors) | Container.Content(seasons) | Container.Content(sets)</visible>
				<control type="group">
						<left>-80</left>
						<top>7</top>
						<control type="image">	
						    <left>-15</left>
						    <top>8</top>
							<width>431</width>
							<height>634</height>
							<texture>frames/frame-landscape-back-alt.png</texture>
							<animation type="Conditional" condition="!Skin.HasSetting(ListSmallDiscart.movies.enable)" reversible="false">
				<effect type="Slide"  center="auto" start="0,0" end="80,0" easing="Out" tween="Cubic"/>
			</animation>	
							</control>
							  <control type="image">
					<left>300</left>
					<top>200</top>
					<width>250</width>
					<height>250</height>
					<texture background="true">$VAR[Icon_Discart]</texture>
					<visible>Skin.HasSetting(ListSmallDiscart.movies.enable)</visible>
					<visible>Control.IsVisible(67)</visible>
					<animation type="WindowOpen">
					<effect type="fade" start="0" end="150" time="500" delay="800" tween="sine" easing="out"/>
					<effect type="slide" start="-50,0" end="0,0" time="980" delay="750" tween="sine" easing="out"/>
					</animation>
				  </control>
						<control type="image">	
							<width>406</width>
							<height>600</height>
							<texture background="true">thumbs/default_Portrait.png</texture>
							<aspectratio>stretch</aspectratio>
							<fadetime>fadetime_Thumb</fadetime>
							<animation type="Conditional" condition="!Skin.HasSetting(ListSmallDiscart.movies.enable)" reversible="false">
				<effect type="Slide"  center="auto" start="0,0" end="80,0" easing="Out" tween="Cubic"/>
			</animation>	
						</control>
						<control type="image">
							<left>139</left>
							<top>236</top>
							<width>128</width>
							<height>128</height>
							<include>art_DefaultIcon</include>
							<fadetime>fadetime_Thumb</fadetime>
							<animation type="Conditional" condition="!Skin.HasSetting(ListSmallDiscart.movies.enable)" reversible="false">
				<effect type="Slide"  center="auto" start="0,0" end="80,0" easing="Out" tween="Cubic"/>
			</animation>	
						</control>
						<control type="image">
							<width>406</width>
							<height>600</height>
							<texture background="true">$VAR[thumb_Portrait]</texture>
							<aspectratio align="center" aligny="center">scale</aspectratio>
							<fadetime>fadetime_Thumb</fadetime>
							<animation type="Conditional" condition="!Skin.HasSetting(ListSmallDiscart.movies.enable)" reversible="false">
				<effect type="Slide"  center="auto" start="0,0" end="80,0" easing="Out" tween="Cubic"/>
			</animation>	
						</control>						
			            <control type="image">
			                <left>370</left>
			                <top>40</top>
			                <width>32</width>
                            <height>32</height>
			                <texture background="true" diffuse="videoextras_overlay.png">$VAR[VideoextrasOverlay]</texture>
			                <visible>Control.IsVisible(67) + System.HasAddon(script.videoextras) + Window.IsVisible(Videos) + Container.Content(Movies) + !Skin.HasSetting(Enable.videoextrasOverlays)</visible>
		                    <colordiffuse>FFFFFFFF</colordiffuse>
							<animation type="Conditional" condition="!Skin.HasSetting(ListSmallDiscart.movies.enable)" reversible="false">
				<effect type="Slide"  center="auto" start="0,0" end="80,0" easing="Out" tween="Cubic"/>
			</animation>
		                </control>									
				</control>
				  <control type="group">
				  <left>-705</left>
				  <top>340</top>
				  <control type="label">					
						<label>$VAR[gallery_Header]</label>
						<width>595</width>
						<textcolor>Color3</textcolor>
						<include>detail_Title</include>
						 <visible>Control.IsVisible(67)</visible>
					</control>
					<control type="label">					
					 <top>35</top>
						<width>595</width>
						<label>$VAR[global_Info]</label>
						<include>detail_Sub</include>
						<visible>Control.IsVisible(67)</visible>	
					</control>
				</control>
			</control>		
			</control>
			</control>
			<!--files-->
			<control type="group">
				<visible>Container.Content(musicvideos) | Container.Content(files)</visible>
				<control type="group">
					<left>680</left>
					<top>80</top>
					<control type="image">
					<include>toggle_Menu</include>
			<include>transition_Info</include>
			<include>transition_Content</include>
						<width>532</width>
						<height>614</height>
						<texture  background="true">$INFO[ListItem.Thumb]</texture>
						<bordertexture border="7">frames/frame-nf.png</bordertexture>
						<bordersize>7</bordersize>
						<aspectratio align="center" aligny="top">keep</aspectratio>
						<fadetime>fadetime_Thumb</fadetime>
						<visible>Control.IsVisible(50)</visible>
						</control>
				</control>
				<visible>Control.IsVisible(50) | Container.Content(musicvideos) | Container.Content(files)</visible>
				</control>			
		<!--scrollbars-->
		<include>PageControls</include>
	<!--menu-->
		<include>menu_Video</include>
	</controls>
</window>