<?xml version="1.0" encoding="UTF-8"?>
<window>
	<defaultcontrol>2</defaultcontrol>
	<allowoverlay>yes</allowoverlay>
	<backgroundcolor>0xff000000</backgroundcolor>
	<controls>
		<!--top left mover-->
		<control type="mover" id="8">
			<texturefocus>calibration/topleft-focus.png</texturefocus>
			<texturenofocus>calibrate-topleft.png</texturenofocus>
		</control>
		<!--right button mover-->
		<control type="mover" id="9">
			<left>700</left>
			<top>500</top>
			<texturefocus>calibration/bottomright-focus.png</texturefocus>
			<texturenofocus>calibration/bottomright.png</texturenofocus>
		</control>
		<!--coordinates label-->
		<control type="label" id="3">
			<left>0</left>
			<top>20</top>
			<include>screen_Dimensions</include>
			<label>5</label>
			<align>center</align>
			<font>regular</font>
		</control>
	</controls>
</window>
