﻿<?xml version="1.0" encoding="UTF-8"?>
<window>
	<defaultcontrol always="true">2</defaultcontrol>
	<include>transition_Dialog</include>
	<coordinates>
		<system>1</system>
		<left>239</left>
		<top>70</top>
	</coordinates>
	<controls>
		<control type="group">
			<visible>Player.HasVideo</visible>
			<control type="image" id="1">
				<include>dialog_Window</include>
				<width>803</width>
				<height>505</height>
			</control>
			<control type="label">
				<width>795</width>
				<label>$LOCALIZE[298]</label>
				<include>dialog_Windowtitle</include>
			</control>
			<control type="group">
				<left>4</left>
				<top>60</top>
				<control type="image">
					<width>795</width>
					<include>dialog_Separator</include>
				</control>
				<control type="panel" id="11">
					<width>795</width>
					<height>380</height>
					<onleft>-</onleft>
					<onright>-</onright>
					<onup>-</onup>
					<ondown>2</ondown>
					<orientation>vertical</orientation>
					<include>global_Scrolltime</include>
					<include>fadeinout</include>
					<itemlayout width="265" height="185">
						<control type="image">
							<left>85</left>
							<top>32</top>
							<width>96</width>
							<height>96</height>
							<texture>DefaultVideo.png</texture>
							<colordiffuse>Color4</colordiffuse>
						</control>
						<control type="image">
							<left>10</left>
							<top>10</top>
							<width>245</width>
							<height>138</height>
							<texture>$INFO[ListItem.Icon]</texture>
							<aspectratio>scale</aspectratio>
						</control>
						<control type="label">
							<left>132</left>
							<top>145</top>
							<width>265</width>
							<align>center</align>
							<label>$INFO[ListItem.Label]</label>
							<include>dialog_ControlCommons</include>
						</control>
					</itemlayout>
					<focusedlayout width="265" height="185">
						<control type="image">
							<width>265</width>
							<height>185</height>
							<texture>views/focus.png</texture>
							<colordiffuse>Color5</colordiffuse>
						</control>
						<control type="image">
							<left>85</left>
							<top>32</top>
							<width>96</width>
							<height>96</height>
							<texture>DefaultVideo.png</texture>
							<colordiffuse>Color1</colordiffuse>
						</control>
						<control type="image">
							<left>10</left>
							<top>10</top>
							<width>245</width>
							<height>138</height>
							<texture>$INFO[ListItem.Icon]</texture>
							<aspectratio>scale</aspectratio>
						</control>
						<control type="label">
							<left>132</left>
							<top>145</top>
							<width>265</width>
							<label>$INFO[ListItem.Label]</label>
							<textcolor>Color1</textcolor>
							<align>center</align>
							<include>dialog_ControlCommons</include>
						</control>
					</focusedlayout>	
				</control>
				<control type="image">
					<top>185</top>
					<width>796</width>
					<include>dialog_Separator</include>
				</control>
				<control type="image">
					<top>370</top>
					<width>796</width>
					<include>dialog_Separator</include>
				</control>
			</control>
			<control type="grouplist" id="999">
				<left>91</left>
				<top>445</top>
				<onup>11</onup>
				<ondown>-</ondown>
				<itemgap>10</itemgap>
				<orientation>horizontal</orientation>
				<include>fadeinout</include>
				<control type="button" id="2">
					<width>200</width>
					<label>$LOCALIZE[294]</label>
					<include>dialog_WindowButton</include>
				</control>
				<control type="button" id="3">
					<width>200</width>
					<label>$LOCALIZE[296]</label>
					<include>dialog_WindowButton</include>
				</control>
				<control type="button" id="4">
					<width>200</width>
					<label>$LOCALIZE[20406]</label>
					<include>dialog_WindowButton</include>
					<enable>VideoPlayer.Content(episodes)</enable>
				</control>
			</control>
		</control>
	</controls>
</window>