<?xml version="1.0" encoding="UTF-8"?>
<includes>

			
<include name="detail_BigFanart">	
		<control type="group">
			<include>transition_Content</include>
			<include>transition_Info</include>
			<include>toggle_Menu</include>	
			<!--large grid-->
			<control type="group">
			<top>-145</top>
			<left>5</left>
		            <control type="label">
						<label>$VAR[global_Title]</label>
						<textcolor>Color13</textcolor>
						<left>250</left>
						<top>665</top>
						<width>800</width>
						<include>detail_Title</include>						
					<visible>Container.Content(movies)</visible>					
					<visible>Control.IsVisible(596)</visible>
					</control>
					<control type="image">
						<width>90</width>
					<left>30</left>
					<top>675</top>
					<include>detail_StarRating</include>
					<aspectratio align="right" aligny="top">keep</aspectratio>
					<visible>IntegerGreaterThan(ListItem.Rating,0)</visible>
					<visible>Control.IsVisible(596)</visible>	
				</control>
					<control type="image">
				    <top>673</top>
				    <left>150</left>
					<bottom>40</bottom>
					<width>80</width>
					<height>45</height>
					<aspectratio align="left">keep</aspectratio>
					<texture>$VAR[flag_Studio]</texture>
					<visible>Control.IsVisible(596)</visible>
				</control>				
				<control type="label">
				<left>250</left>
					<top>690</top>
					<width>960</width>
							<label>$VAR[global_Info]</label>							
							<include>detail_Sub</include>							
							<visible>![Container.Content(addons) | Container.Content(programs)]</visible>
						<visible>Control.IsVisible(596)</visible>
						</control>
						<control type="label">
						<left>250</left>
					<top>690</top>
							<width>960</width>
							<label>$LOCALIZE[19114] $INFO[ListItem.Property(Addon.Version),, • ]$LOCALIZE[31144] $INFO[ListItem.Property(Addon.Creator)]</label>
							<include>detail_Sub</include>							
							<visible>[Container.Content(addons) | Container.Content(programs)]</visible>
						<visible>Control.IsVisible(596)</visible>
						</control>
				<visible>!Skin.HasSetting(infotitle.disable)</visible>		
				</control>		
					<control type="group">		
						<control type="group">				
					<top>680</top>
					<left>1250</left>
					<include>status_Info</include>
					<visible>Control.IsVisible(596)</visible>
					<visible>Skin.HasSetting(overlay_statu.disable)</visible>
			</control>
				<control type="group">
					<top>678</top>
					<left>1245</left>
					<width>32</width>
					<height>32</height>
					<visible>Skin.HasSetting(watched.alternative)</visible>
					<visible>Control.IsVisible(596)</visible>
					<control type="image">
						<info>ListItem.Overlay</info>
					</control>
				</control>
				
				<!--info 1 big Fanart-->
						
				<control type="group">
				<top>45</top>
				<visible>Control.IsVisible(596)</visible>
				  <control type="image">
					 <left>20</left>
					<top>100</top>
				      <width>1250</width>
				     <height>350</height>
				      <texture background="true">frames/contentpanel.png</texture>					
					 </control>					 
					<control type="textbox">
					<top>120</top>
					<left>350</left>
					<width>530</width>
					<align>justify</align>
					<height max="248">auto</height>
					<label>$VAR[global_Plot]</label>
					<textcolor>ffffffff</textcolor>
					<include>detail_Text</include>
					<visible>Control.IsVisible(596)</visible>
				</control>
				 <control type="image">
			    <top>400</top>
				<left>350</left>
				<width>96</width>
				<height>34</height>
				<aspectratio align="center">keep</aspectratio>
				<texture>$INFO[Listitem.VideoResolution,flags/video/resolution/,.png]</texture>
				<visible>!IsEmpty(Listitem.VideoResolution)</visible>
			</control>	
			<control type="image">
				<top>400</top>
				<left>480</left>
				<width>96</width>
				<height>34</height>
				<aspectratio align="center">keep</aspectratio>
				<texture>$INFO[Listitem.AudioChannels,flags/audio/,.png]</texture>
				<visible>!IsEmpty(Listitem.AudioChannels)</visible>
				</control>
				<control type="image">
			        <top>400</top>
			        <left>635</left>
					<width>70</width>
					<height>35</height>
					<texture>$INFO[Listitem.VideoCodec,flags/codec/,.png]</texture>
					<aspectratio align="center">keep</aspectratio>
					<visible>[Container.Content(movies) | Container.Content(episodes) | Container.Content(musicvideos)] + !IsEmpty(Listitem.VideoCodec)</visible>
				</control>
				<control type="image">
				    <top>395</top>
			        <left>795</left>
					<width>70</width>
					<height>45</height>
					<texture>$INFO[Listitem.AudioCodec,flags/codec/,.png]</texture>
					<aspectratio align="center">keep</aspectratio>
					<visible>[Container.Content(movies) | Container.Content(episodes) | Container.Content(musicvideos)] + !IsEmpty(Listitem.AudioCodec)</visible>
				</control>
				<control type="image">					
					<top>120</top>
			        <left>80</left>					
				<width>220</width>
				<height>310</height>
				<texture background="true">thumbs/default_Portrait.png</texture>
				<aspectratio>scale</aspectratio>				
			</control>			
			<control type="image">					
					<top>120</top>
			        <left>80</left>					
				<width>220</width>
				<height>310</height>
				<texture background="true">$VAR[thumb_Portrait]</texture>
				<aspectratio>scale</aspectratio>				
			</control>			
			<control type="image">
				   <top>150</top>
			        <left>900</left>
					<width>320</width>
					<height>160</height>
				  <include>art_ClearLogo</include>
				  </control>
			 <visible>!Skin.HasSetting(bigfanartInfo1.enable)</visible>			 
		</control>
		<!--Fin info 1 big Fanart-->
		
		<!--info 2 big Fanart-->
						
				<control type="group">
				<top>45</top>
				<visible>Control.IsVisible(596)</visible>
				  <control type="image">
					 <left>20</left>
					<top>100</top>
				      <width>1250</width>
				     <height>350</height>
				      <texture background="true">frames/contentpanel.png</texture>	
					  
					 </control>	
					<control type="textbox">
					<top>120</top>
					<left>350</left>
					<width>480</width>
					<align>justify</align>
					<height max="248">auto</height>
					<label>$VAR[global_Plot]</label>
					<textcolor>ffffffff</textcolor>
					<include>detail_Text</include>
					<visible>Control.IsVisible(596)</visible>
				</control>
				 <control type="image">
			    <top>400</top>
				<left>350</left>
				<width>96</width>
				<height>34</height>
				<aspectratio align="center">keep</aspectratio>
				<texture>$INFO[Listitem.VideoResolution,flags/video/resolution/,.png]</texture>
				<visible>!IsEmpty(Listitem.VideoResolution)</visible>
			</control>	
			<control type="image">
				<top>400</top>
				<left>480</left>
				<width>96</width>
				<height>34</height>
				<aspectratio align="center">keep</aspectratio>
				<texture>$INFO[Listitem.AudioChannels,flags/audio/,.png]</texture>
				<visible>!IsEmpty(Listitem.AudioChannels)</visible>
				</control>
				<control type="image">
			        <top>400</top>
			        <left>635</left>
					<width>70</width>
					<height>35</height>
					<texture>$INFO[Listitem.VideoCodec,flags/codec/,.png]</texture>
					<aspectratio align="center">keep</aspectratio>
					<visible>[Container.Content(movies) | Container.Content(episodes) | Container.Content(musicvideos)] + !IsEmpty(Listitem.VideoCodec)</visible>
				</control>
				<control type="image">
				    <top>395</top>
			        <left>795</left>
					<width>70</width>
					<height>45</height>
					<texture>$INFO[Listitem.AudioCodec,flags/codec/,.png]</texture>
					<aspectratio align="center">keep</aspectratio>
					<visible>[Container.Content(movies) | Container.Content(episodes) | Container.Content(musicvideos)] + !IsEmpty(Listitem.AudioCodec)</visible>
				</control>
				<control type="image">					
					<top>120</top>
			        <left>80</left>					
				<width>220</width>
				<height>310</height>
				<texture background="true">thumbs/default_Portrait.png</texture>
				<aspectratio>scale</aspectratio>				
			</control>			
			<control type="image">					
					<top>120</top>
			        <left>80</left>					
				<width>220</width>
				<height>310</height>
				<texture background="true">$VAR[thumb_Portrait]</texture>
				<aspectratio>scale</aspectratio>				
			</control>			
			<control type="image">
				<left>855</left>
				<top>132</top>
				<width>380</width>
				<height>230</height>
				<texture background="true">$VAR[view_Extra.Thumb3]</texture>
				<aspectratio>stretch</aspectratio>				
			</control>
			 <visible>Skin.HasSetting(bigfanartInfo2.enable)</visible>
		</control>
		<!--Fin info 2 big Fanart-->
		
		<!--info 3 big Fanart-->
						
				<control type="group">
				<top>45</top>
				<visible>Control.IsVisible(596)</visible>
				  <control type="image">
					 <left>20</left>
					<top>100</top>
				      <width>1250</width>
				     <height>350</height>
				      <texture background="true">frames/contentpanel.png</texture>					
					 </control>	
					<control type="textbox">
					<top>120</top>
					<left>900</left>
					<width>340</width>
					<align>justify</align>
					<height max="248">auto</height>
					<label>$VAR[global_Plot]</label>
					<textcolor>ffffffff</textcolor>
					<include>detail_Text</include>
					<visible>Control.IsVisible(596)</visible>
				</control>					
			<control type="group">
			<left>80</left>	
			
			 <control type="image">
			    <top>400</top>
				<left>895</left>
				<width>96</width>
				<height>34</height>
				<aspectratio align="center">keep</aspectratio>
				<texture>$INFO[Listitem.VideoResolution,flags/video/resolution/,.png]</texture>
				<visible>!IsEmpty(Listitem.VideoResolution)</visible>
			</control>
			<control type="image">
				<top>400</top>
				<left>795</left>
				<width>96</width>
				<height>34</height>
				<aspectratio align="center">keep</aspectratio>
				<texture>$INFO[Listitem.AudioChannels,flags/audio/,.png]</texture>
				<visible>!IsEmpty(Listitem.AudioChannels)</visible>
				</control>
				<control type="image">
			        <top>400</top>
			        <left>995</left>
					<width>70</width>
					<height>35</height>
					<texture>$INFO[Listitem.VideoCodec,flags/codec/,.png]</texture>
					<aspectratio align="center">keep</aspectratio>
					<visible>[Container.Content(movies) | Container.Content(episodes) | Container.Content(musicvideos)] + !IsEmpty(Listitem.VideoCodec)</visible>
				</control>
				<control type="image">
				    <top>395</top>
			        <left>1095</left>
					<width>70</width>
					<height>45</height>
					<texture>$INFO[Listitem.AudioCodec,flags/codec/,.png]</texture>
					<aspectratio align="center">keep</aspectratio>
					<visible>[Container.Content(movies) | Container.Content(episodes) | Container.Content(musicvideos)] + !IsEmpty(Listitem.AudioCodec)</visible>
				</control>
				</control>
				<control type="image">					
					<top>120</top>
			        <left>80</left>					
				<width>220</width>
				<height>310</height>
				<texture background="true">thumbs/default_Portrait.png</texture>
				<aspectratio>scale</aspectratio>				
			</control>			
			<control type="image">					
					<top>120</top>
			        <left>80</left>					
				<width>220</width>
				<height>310</height>
				<texture background="true">$VAR[thumb_Portrait]</texture>
				<aspectratio>scale</aspectratio>				
			</control>			
			<control type="image">
				<left>320</left>
				<top>121</top>
				<width>551</width>
				<height>310</height>
				<texture background="true">$VAR[view_Extra.Thumb3]</texture>
				<aspectratio>stretch</aspectratio>				
			</control>
			 <visible>Skin.HasSetting(bigfanartInfo3.enable)</visible>
		</control>
		
						
				
		</control>
		</control>
	</include>

<!--POSTER--> 
	<include name="view_BigFanartPortrait-ContainerCommons">
	
	<visible>Control.IsVisible(596)</visible>	
			<control type="group">	
             <left>7</left>
			<top>7</top>
			<include></include>			
			<control type="image">	
				<width>70</width>
				<height>100</height>
				<texture background="true">thumbs/default_Portrait.png</texture>
				<aspectratio>scale</aspectratio>
			</control>			
			<control type="image">
				<width>70</width>
				<height>100</height>
				<texture background="true">$VAR[thumb_Portrait]</texture>
				<aspectratio>scale</aspectratio>				
			</control>
		</control>
	</include>	
	<include name="view_BigFanartPortrait"> 
	 <control type="group">
				<include>global_ListScroll</include>
			<include>toggle_Menu</include>
			<include>transition_Content</include>
			<include>transition_Info</include>	
			<control type="image">
			<include>screen_Dimensions</include>
			<texture background="true">thumbs/default_Landscape.png</texture>
			<aspectratio align="center">scale</aspectratio>
			<visible>Control.IsVisible(596)</visible>
		</control>
			 <control type="image">			 
			<include>screen_Dimensions</include>
			<texture background="true">$VAR[thumb_Landscape]</texture>
			<aspectratio align="center" aligny="top">scale</aspectratio>
			<visible>Control.IsVisible(596)</visible>	
		</control>
		<control type="group">	
		
				<control type="multiimage">				
				<include>screen_Dimensions</include>
				<include>fadeinout</include>
				<imagepath>$INFO[ListItem.Path,,extrafanart]</imagepath>
					<aspectratio align="center" aligny="top">scale</aspectratio>								
				<timeperimage>7000</timeperimage>				 
                    <randomize>true</randomize> 
                    <loop>yes</loop>
					</control>					
				<visible>Control.IsVisible(596) + Skin.HasSetting(gallery.extrafanart)</visible>
				<visible>!Container().Scrolling</visible>
            <animation effect="fade" start="0" end="100" time="800" delay="2500">Visible</animation>
				</control>	
		<control type="image">
			<width>1920</width>
			<height>720</height>
			<texture>overlays/vignetteFullscreen.png</texture>
			<colordiffuse>base_2</colordiffuse>
			<aspectratio>stretch</aspectratio>
			<visible>Control.IsVisible(596)</visible>	
		</control>
		</control>
		<control type="image">
		<include>transition_Content</include>
			<include>transition_Info</include>
			<include>toggle_Menu</include>	
					 <left>0</left>
					<top>515</top>
				     <width>1290</width>
				     <height>220</height>
				     <texture background="true">frames/contentpanel.png</texture>	
					 <aspectratio align="center">stretch</aspectratio>
					 <visible>Control.IsVisible(596)</visible>	
					 <visible>!Skin.HasSetting(infotitle.disable)</visible>	
			      </control>
	<control type="image">
	<include>transition_Content</include>
			<include>transition_Info</include>
			<include>toggle_Menu</include>	
					 <left>0</left>
					<top>565</top>
				     <width>1290</width>
				     <height>190</height>
				     <texture background="true">frames/contentpanel.png</texture>					 
					 <visible>Control.IsVisible(596)</visible>					 
			      </control>
				  
	<visible>Control.IsVisible(596)</visible>
		<control type="fixedlist" id="596">
			<viewtype label="Poster & Fanart">Big</viewtype>           		
            <left>18</left>
            <top>580</top>
            <width>1250</width>
            <height>300</height>
            <onup>6000</onup>
			<ondown>71</ondown>
			<onleft>596</onleft>
			<onright>596</onright>
			<focusposition>6</focusposition>
			<pagecontrol>71</pagecontrol>
			<orientation>horizontal</orientation>
			<include>global_Scrolltime</include>
			<include>transition_Content</include>
			<include>transition_Info</include>
			<include>toggle_Menu</include>
			<visible>Container.Content(movies) | Container.Content(tvshows) | Container.Content(sets)</visible>
			<itemlayout height="130" width="97">
				<include>view_BigFanartPortrait-ContainerCommons</include>
			</itemlayout>											
			<focusedlayout height="130" width="97">
			<control type="image">
			<left>0</left>
			<top>0</top>
			<width>85</width>
			<height>115</height>
			<include>art_Frame-fo</include>			
				</control>			
				<include>view_BigFanartPortrait-ContainerCommons</include>				
			</focusedlayout>
			
		</control>
	</include>	
	
	
	
</includes>
