﻿<?xml version="1.0" encoding="UTF-8"?>
<includes>
<!--STRIP LAYOUT-->	
	<include name="view_Gallery">
		<!--content detail-->
		<control type="group">
			<visible>Control.IsVisible(53)</visible>
			<include>transition_Info</include>
			<include>toggle_Menu</include>
			<include>transition_Content</include>
			<!--flags-->
			<control type="image">
				<left>105</left>
				<top>590</top>
				<width>128</width>
				<height>64</height>
				<aspectratio align="right">keep</aspectratio>
				<texture colordiffuse="Color11">$VAR[flag_Studio]</texture>
			</control>
			<!--strip bottom-->
			<control type="group">
				<left>265</left>
				<top>585</top>
				<control type="group">
					<control type="label">
						<label>$VAR[gallery_Header]</label>
						<width>940</width>						
						<include>detail_Title</include>
					</control>
					<control type="group">
						<visible>Container.Content(movies) + ![ListItem.IsFolder + SubString(Container.FolderPath,videodb) + !IsEmpty(ListItem.Title)]</visible>
						<control type="label">
							<top>24</top>
							<label>$INFO[ListItem.Genre]</label>
							<width>750</width>
							<include>detail_Sub</include>
						</control>
						<control type="label">
							<top>47</top>
							<label>$INFO[ListItem.Year,, • ]$INFO[ListItem.Duration,, $LOCALIZE[31701]]</label>
							<width>750</width>
							<include>detail_Sub</include>
						</control>
					</control>
					<control type="group">
						<visible>Container.Content(tvshows) + !IsEmpty(ListItem.TVShowTitle)</visible>
						<control type="label">
							<top>24</top>
							<label>$INFO[ListItem.Property(UnWatchedEpisodes),, $LOCALIZE[16101] $LOCALIZE[20360]]</label>
							<width>750</width>
							<include>detail_Sub</include>
						</control>
						<control type="label">
							<top>47</top>
							<label>$VAR[nextaired_Info]</label>
							<width>750</width>
							<include>detail_Sub</include>
						</control>
					</control>
					<control type="group">
						<visible>Window.IsActive(Pictures)</visible>
						<control type="label">
							<top>24</top>
							<label>[UPPERCASE]$INFO[ListItem.PictureResolution,$LOCALIZE[21805] - ][/UPPERCASE]</label>
							<width>750</width>
							<include>detail_Sub</include>
						</control>
					</control>
				</control>
			</control>
		</control>
		<!--strip top-->
		<control type="group">
			<include>toggle_Menu</include>
			<include>transition_Content</include>
			<include>transition_Info</include>
			<visible>Control.IsVisible(53)</visible>
			<control type="group">
				<left>265</left>
				<top>93</top>
				<control type="group">
					<control type="label">
						<label>$INFO[ListItem.Label]</label>						
						<width>750</width>
						<include>detail_Title</include>						
					</control>
					<control type="label">
						<left>772</left>
						<label>$INFO[Container(53).ListItem(1).Label]</label>
						<width>750</width>
						<include>detail_Title</include>
						<animation effect="fade" start="100" end="30" time="0" condition="true">Conditional</animation>
					</control>
				</control>
			</control>
			<!--container-->
			<control type="wraplist" id="53">
				<viewtype label="$LOCALIZE[31111]">info</viewtype>
				<left>-515</left>
				<top>129</top>
				<width>1900</width>
				<height>800</height>
				<onleft>53</onleft>
				<onright>53</onright>
				<onup>6000</onup>
				<ondown condition="!Window.IsActive(Pictures)">8000</ondown>
				<ondown condition="Window.IsActive(Pictures)">71</ondown>
				<focusposition>1</focusposition>
				<include>global_Scrolltime</include>
				<pagecontrol>71</pagecontrol>
				<orientation>horizontal</orientation>
				<visible>Container.Content(movies) | Container.Content(tvshows) | Window.IsActive(pictures)</visible>
				<itemlayout width="770" height="442">
					<control type="image">
						<width>770</width>
						<height>442</height>
						<aspectratio align="center">stretch</aspectratio>
						<texture>frames/frame_Landscape-nf.png</texture>
					</control>
					<control type="group">
						<left>10</left>
						<top>10</top>
						<control type="image">
							<width>750</width>
							<height>422</height>
							<texture background="true">thumbs/default_Landscape.png</texture>
							<aspectratio align="center" aligny="center">keep</aspectratio>
						</control>
						<control type="image">
							<centerleft>375</centerleft>
							<centertop>211</centertop>
							<width>128</width>
							<height>128</height>
							<texture>$INFO[ListItem.ActualIcon]</texture>
							<visible>StringCompare(ListItem.Icon,DefaultFolderBack.png) | Window.IsActive(pictures) + ListItem.IsFolder</visible>
						</control>
						<control type="image">
							<width>750</width>
							<height>422</height>
							<texture background="true">$VAR[thumb_Landscape]</texture>
							<aspectratio align="center" aligny="center">scale</aspectratio>
						</control>
						<control type="image">
							<centerleft>375</centerleft>
							<top>300</top>
							<width>289</width>
							<height>112</height>
							<include>art_ClearLogo</include>							
						</control>
						<control type="group">
							<left>724</left>
							<top>396</top>
							<include>status_Info</include>
			<visible>Skin.HasSetting(overlay_statu.disable)</visible>
			</control>
				<control type="group">
					<left>720</left>
							<top>390</top>
					<width>32</width>
					<height>32</height>
					<visible>Skin.HasSetting(watched.alternative)</visible>					
					<control type="image">
						<info>ListItem.Overlay</info>
						<visible>Control.IsVisible(531)</visible>
					</control>
				</control>
					</control>
				</itemlayout>
				<focusedlayout width="770" height="422">
					<control type="image">
						<width>770</width>
						<height>442</height>
						<aspectratio align="center">stretch</aspectratio>
						<texture>frames/frame_Landscape-nf.png</texture>
					</control>
					<control type="group">
						<left>10</left>
						<top>10</top>
						<control type="image">
							<width>750</width>
							<height>422</height>
							<texture background="true">thumbs/default_Landscape.png</texture>
							<aspectratio align="center" aligny="center">keep</aspectratio>
						</control>
						<control type="image">
							<centerleft>375</centerleft>
							<centertop>211</centertop>
							<width>128</width>
							<height>128</height>
							<texture>$INFO[ListItem.ActualIcon]</texture>
							<visible>StringCompare(ListItem.Icon,DefaultFolderBack.png) | Window.IsActive(pictures) + ListItem.IsFolder</visible>
						</control>
						<control type="image">
							<width>750</width>
							<height>422</height>
							<texture background="true">$VAR[thumb_Landscape]</texture>
							<aspectratio align="center" aligny="center">scale</aspectratio>
							<animation effect="zoom" start="100" end="173" time="200" center="352,205" tween="Cubic" condition="Control.HasFocus(8000) + !IsEmpty(ListItem.Title)">Conditional</animation>
						</control>
						<control type="image">
							<centerleft>375</centerleft>
							<top>300</top>
							<width>289</width>
							<height>112</height>
							<include>art_ClearLogo</include>
							<animation effect="zoom" start="100" end="173" time="200" center="352,205" tween="Cubic" condition="Control.HasFocus(8000) + !IsEmpty(ListItem.Title)">Conditional</animation>
						</control>
						<control type="group">
							<left>724</left>
							<top>396</top>
							<include>status_Info</include>
							<visible>!Control.HasFocus(8000)</visible>
							<visible>Skin.HasSetting(overlay_statu.disable)</visible>
							<animation effect="zoom" start="100" end="173" time="200" center="352,205" tween="Cubic" condition="Control.HasFocus(8000) + !IsEmpty(ListItem.Title)">Conditional</animation>
						</control>
					<control type="group">
					<left>718</left>
							<top>390</top>
					<width>32</width>
					<height>32</height>
					<visible>Skin.HasSetting(watched.alternative)</visible>
					<animation effect="zoom" start="100" end="173" time="200" center="352,205" tween="Cubic" condition="Control.HasFocus(8000) + !IsEmpty(ListItem.Title)">Conditional</animation>
					<control type="image">
						<info>ListItem.Overlay</info>						
						</control>
				</control>						
					</control>
				</focusedlayout>
			</control>
			<!--frame-->																
			<control type="image">
				<left>255</left>
				<top>129</top>
				<width>770</width>
				<height>442</height>
				<aspectratio align="center">stretch</aspectratio>
				<texture>frames/frame_Landscape-fo.png</texture>
				 <colordiffuse>accent_5</colordiffuse>	
				<animation type="Conditional" condition="Control.HasFocus(8000) + !IsEmpty(ListItem.Title)" reversible="true">
					<effect type="zoom" time="200" center="640,330" start="100"  end="173" tween="Cubic" />
					<effect type="Fade" time="200" start="100" end="0" tween="Cubic" />
					</animation>
			</control>
		</control>
	</include>
<!--fullscreen 1 layout-->
	<include name="view_GalleryFull-Commons">	
		<control type="image">
			<include>screen_Dimensions</include>
			<texture background="true">thumbs/default_Landscape.png</texture>
			<aspectratio align="center">scale</aspectratio>
		</control>
		<control type="image">
			 <fadetime>fadetime_Fanart</fadetime>
			<include>screen_Dimensions</include>
			<texture background="true">$VAR[global_Fanart]</texture>
			<aspectratio align="center" aligny="top">scale</aspectratio>
		</control>
		<control type="image">
			<include>screen_Dimensions</include>
			<texture>overlays/vignetteFullscreen.png</texture>
			<colordiffuse>base_2</colordiffuse>
			<aspectratio>stretch</aspectratio>
		</control>
		<control type="image">
			<left>40</left>
			<top>20</top>
			<width>256</width>
			<height>99</height>
			<aspectratio align="center" aligny="top">keep</aspectratio>
			<include>art_ClearLogo</include>
		</control>
		<control type="image">
			<centerleft>640</centerleft>
			<centertop>360</centertop>
			<width>96</width>
			<height>96</height>
			<include>art_DefaultIcon</include>
		</control>
	</include>
	<include name="view_GalleryFull">																													
		<control type="wraplist" id="531">
			<viewtype label="$LOCALIZE[31111]">biginfo</viewtype>
			<include>screen_Dimensions</include>
			<onleft>531</onleft>
			<onright>531</onright>
			<onup>6000</onup>
			<ondown condition="!Window.IsActive(Pictures)">8000</ondown>
			<ondown condition="Window.IsActive(Pictures)">71</ondown>
			<preloaditems>2</preloaditems>
			<pagecontrol>71</pagecontrol>
			<include>toggle_Menu</include>
			<include>global_Scrolltime</include>
			<orientation>horizontal</orientation>
			<include>transition_Content</include>
			<include>transition_Info</include>
			<visible>Container.Content(movies) | Container.Content(tvshows)</visible>
			<itemlayout height="screen_Height" width="screen_Width">
				<include>view_GalleryFull-Commons</include>
			</itemlayout>
			<focusedlayout height="screen_Height" width="screen_Width">
				<include>view_GalleryFull-Commons</include>
			</focusedlayout>
		</control>
		<control type="group">
			<include>toggle_Menu</include>
			<include>fadeinout</include>
			<include>transition_Info</include>
			<visible>Control.IsVisible(531) + !Window.IsActive(Pictures) + !IsEmpty(ListItem.Title)</visible>
			<control type="image">
				<texture>overlays/vignette2.png</texture>
				<include>screen_Dimensions</include>
				<aspectratio>stretch</aspectratio>
				<include>fadeinout</include>
				<visible>Control.IsVisible(53) + Control.HasFocus(8000)</visible>
			</control>
			 <control type="group">
			 <top>5</top>
			 <control type="image">
					<left>40</left>
					<top>280</top>
					<width>180</width>
					<height>180</height>
					<texture background="true">$VAR[Icon_Discart]</texture>					
					<animation type="WindowOpen">
					<effect type="slide" start="0,0" end="100," time="550" delay="850" tween="cubic" easing="out"/>
	                <effect type="fade" start="0" end="100" time="600" delay="500"/>
	                </animation>
	                </control>
			        <control type="image">
			        <left>40</left>
				    <top>250</top>
					<width>185</width>
					<height>275</height>
					<texture background="true">$VAR[thumb_Portrait]</texture>
					<aspectratio align="center" aligny="top">scale</aspectratio>
				</control>
				<visible>Control.HasFocus(8000)</visible>
				</control>	
			<control type="group">
				<left>40</left>
				<top>540</top>
				<animation effect="slide" start="0,495" end="0,0" easing="Out" tween="Quadratic" time="350">Visible</animation>
				<animation effect="slide" start="0,0" end="0,495" easing="Out" tween="Quadratic" time="350">Hidden</animation>
				<control type="label">
					<width>1150</width>
					<label>$VAR[global_Title]</label>
					<include>detail_Title</include>	
				</control>
				<control type="label">
					<top>30</top>		
					<width>1150</width>
					<label>$VAR[global_Info]</label>
					<include>detail_Sub</include>	
				</control>
				<control type="image">
					<right>40</right>
					<top>32</top>
					<width>128</width>
					<height>22</height>
					<aspectratio align="right">keep</aspectratio>
					<include>detail_StarRating</include>
					<visible>!SubString(ListItem.Icon,default)</visible>
				</control>
				<control type="textbox">
					<top>55</top>
					<width>1200</width>
					<height>80</height>
					<label>$VAR[global_Plot]</label>												
					<visible>!SubString(ListItem.Icon,default)</visible>
				</control>				
			</control>
		</control>
	</include>
	<!--fullscreen 2 layout-->
	<include name="view_GalleryFullAlt2-Commons">
	<control type="image">
			<include>screen_Dimensions</include>
			<texture background="true">thumbs/default_Landscape.png</texture>
			<aspectratio align="center">scale</aspectratio>
		</control>
		<control type="image">
			 <fadetime>fadetime_Fanart</fadetime>
			<include>screen_Dimensions</include>
			<texture background="true">$VAR[global_Fanart]</texture>
			<aspectratio align="center" aligny="top">scale</aspectratio>
			<fadetime>fadetime_Fanart</fadetime>
		</control>
		<control type="image">
			<centerleft>640</centerleft>
			<centertop>360</centertop>
			<width>96</width>
			<height>96</height>
			<include>art_DefaultIcon</include>
		</control>
	</include>
	<!--fullscreen 2 layout-->
	<include name="view_GalleryFullAlt-Commons">
	<control type="image">
			<include>screen_Dimensions</include>
			<texture background="true">thumbs/default_Landscape.png</texture>
			<aspectratio align="center">scale</aspectratio>
		</control>
		<control type="image">
			<include>screen_Dimensions</include>
			<texture background="true">$VAR[thumb_Landscape]</texture>
			<aspectratio align="center" aligny="top">scale</aspectratio>
			<fadetime>fadetime_Fanart</fadetime>
		</control>
		<control type="image">
			<centerleft>640</centerleft>
			<centertop>360</centertop>
			<width>96</width>
			<height>96</height>
			<include>art_DefaultIcon</include>
		</control>
	</include>
	<include name="view_GalleryFullAlt">	
		<control type="wraplist" id="532">		
			<viewtype label="$LOCALIZE[31111]">biginfo</viewtype>
			<include>screen_Dimensions</include>
			<onleft>532</onleft>
			<onright>532</onright>
			<onup>6000</onup>
			<ondown>71</ondown>
			<preloaditems>2</preloaditems>
			<pagecontrol>71</pagecontrol>
			<include>toggle_Menu</include>
			<include>global_Scrolltime</include>
			<orientation>horizontal</orientation>
			<include>transition_Content</include>
			<include>transition_Info</include>
			<visible>Container.Content(movies) | Container.Content(tvshows)</visible>
				<itemlayout height="screen_Height" width="screen_Width">
				<include>view_GalleryFullAlt-Commons</include>
			</itemlayout>
			<focusedlayout height="screen_Height" width="screen_Width">
				<include>view_GalleryFullAlt-Commons</include>
			</focusedlayout>	
		</control>
		<control type="group">
			<include>toggle_Menu</include>			
			<include>transition_Info</include>
			<include>transition_Content</include>
			<include>fadeinout</include>
			<visible>[[Control.IsVisible(53) + Control.HasFocus(8000)] | Control.IsVisible(532)] + !IsEmpty(ListItem.Title)</visible>
			<control type="group">				
				<control type="multiimage">
				<include>screen_Dimensions</include>
				<imagepath>$INFO[ListItem.Path,,extrafanart]</imagepath>
					<aspectratio align="center" aligny="top">scale</aspectratio>								
				<timeperimage>9000</timeperimage>				 
                    <randomize>true</randomize> 
                    <loop>yes</loop>
					</control>					
				<visible>Control.IsVisible(532) + Skin.HasSetting(gallery.extrafanart)</visible>
				<visible>!Container().Scrolling</visible>
            <animation effect="fade" start="0" end="100" time="800" delay="2500">Visible</animation>
				</control>			
				<control type="group">
				<control type="image">
				<left>-40</left>
				<top>540</top>
				<width>1920</width>
				<height>190</height>
				<aspectratio align="center">stretch</aspectratio>
				<texture border="5">frames/frame-fo.png</texture>
				<colordiffuse>base_2</colordiffuse>
			<aspectratio>stretch</aspectratio>
			</control>			
			      </control>
				  <control type="group">
				<control type="image">
					<left>40</left>
					<top>550</top>
					<width>180</width>
					<height>180</height>
					<texture background="true">$VAR[Icon_Discart]</texture>					
					<animation type="WindowOpen">
					<effect type="slide" start="0,0" end="0,-250" time="550" delay="850" tween="cubic" easing="out"/>
	<effect type="fade" start="0" end="100" time="600" delay="500"/>
	</animation>	
	<animation effect="fade" start="100" end="0" time="300">WindowClose</animation>
	<animation type="Hidden">
	<effect type="slide" start="-80" end="0" time="400" tween="cubic" easing="out"/>
	<effect type="fade" start="-50" end="0" time="200"/>
	</animation>					
	</control>
	<visible>Skin.HasSetting(GalleryFullAltDiscart.movies.enable)</visible>
					<visible>Control.IsVisible(532)</visible>
					</control>			
				  <control type="group">
				  <top>690</top>
					<left>1250</left>
					<include>status_Info</include>
					<visible>Control.IsVisible(532)</visible>
					<visible>Skin.HasSetting(overlay_statu.disable)</visible>
					</control>					
				<control type="group">
					<top>687</top>
					<left>1247</left>
					<width>32</width>
					<height>32</height>
					<visible>Control.IsVisible(532)</visible>
					<visible>Skin.HasSetting(watched.alternative)</visible>
					<control type="image">
						<info>ListItem.Overlay</info>
					</control>
				</control>
					<control type="image">
				    <top>630</top>
				    <left>1130</left>
					<bottom>40</bottom>
					<width>100</width>
					<height>60</height>
					<aspectratio align="left">keep</aspectratio>
					<texture>$VAR[flag_Studio]</texture>
					<visible>Control.IsVisible(532)</visible>
				</control>
			<control type="group">
				<left>275</left>
				<top>555</top>
				<animation effect="slide" start="0,495" end="0,0" easing="Out" tween="Quadratic" time="350">Visible</animation>
				<animation effect="slide" start="0,0" end="0,495" easing="Out" tween="Quadratic" time="350">Hidden</animation>
				<control type="label">
					<width>900</width>
					<label>$VAR[global_Title]</label>
					<include>detail_Title</include>	
				</control>
				<control type="label">
					<top>30</top>		
					<width>750</width>
					<label>$VAR[global_Info]</label>
					<include>detail_Sub</include>	
				</control>
				<control type="image">
					<right>40</right>
					<top>32</top>
					<width>128</width>
					<height>22</height>
					<aspectratio align="right">keep</aspectratio>
					<include>detail_StarRating</include>
					<visible>!SubString(ListItem.Icon,default)</visible>
				</control>
				<control type="textbox">
					<top>60</top>
					<width>800</width>
					<height>80</height>
					<align>justify</align>
					<label>$VAR[global_Plot]</label>				
					<visible>!SubString(ListItem.Icon,default)</visible>
				</control>
				<control type="image">
				<left>-250</left>
				<top>-145</top>
				<width>213</width>
				<height>306</height>	
				<texture background="true">$VAR[thumb_Portrait]</texture>
				<aspectratio>scale</aspectratio>				
			</control>	
		<control type="group">	
				<top>-410</top>
				<left>-210</left>				
				<visible>Control.IsVisible(532)</visible>				
				<control type="image">
					 <left>825</left>
				<top>-89</top>
				<width>380</width>
				<height>223</height>
				     <texture background="true">frames/frame-landscape-back-alt.png</texture>
					 <colordiffuse>base_2</colordiffuse>
					 <visible>Control.IsVisible(532)</visible>
					 </control>
				<control type="image">
					  <left>825</left>
				<top>130</top>
				<width>380</width>
				<height>223</height>
				     <texture background="true">frames/frame-landscape-back-alt.png</texture>
					 <colordiffuse>base_2</colordiffuse>
					 <visible>Control.IsVisible(532)</visible>
					 </control>
				<control type="image">
				<left>850</left>
				<top>-70</top>
				<width>330</width>
				<height>180</height>
				<texture background="true">$VAR[view_Extra.Thumb]</texture>
				<aspectratio>stretch</aspectratio>				
			</control>			
				<control type="image">
				<left>850</left>
				<top>150</top>
				<width>330</width>
				<height>180</height>
				<texture background="true">$VAR[view_Extra.Thumb2]</texture>
				<aspectratio>stretch</aspectratio>				
			</control>						
			<control type="group">	
				<top>-20</top>
				<left>300</left>						
				<control type="image">
					 <left>300</left>
					<top>370</top>
				     <width>620</width>
				     <height>50</height>
				     <texture background="true"colordiffuse="bb000000">frames/strip2.png</texture>					 
					 <visible>Control.IsVisible(532)</visible></control>					 
				 <control type="image">
			    <top>380</top>
				<left>370</left>
				<width>96</width>
				<height>34</height>
				<aspectratio align="center">keep</aspectratio>
				<texture>$INFO[Listitem.VideoResolution,flags/video/resolution/,.png]</texture>
				<visible>!IsEmpty(Listitem.VideoResolution)</visible>
			</control>	
			<control type="image">
				<top>380</top>
				<left>500</left>
				<width>96</width>
				<height>34</height>
				<aspectratio align="center">keep</aspectratio>
				<texture>$INFO[Listitem.AudioChannels,flags/audio/,.png]</texture>
				<visible>!IsEmpty(Listitem.AudioChannels)</visible>
				</control>
				<control type="image">
			        <top>380</top>
			        <left>655</left>
					<width>70</width>
					<height>35</height>
					<texture>$INFO[Listitem.VideoCodec,flags/codec/,.png]</texture>
					<aspectratio align="center">keep</aspectratio>
					<visible>[Container.Content(movies) | Container.Content(episodes) | Container.Content(musicvideos)] + !IsEmpty(Listitem.VideoCodec)</visible>
				</control>
				<control type="image">
				    <top>370</top>
			        <left>815</left>
					<width>70</width>
					<height>45</height>
					<texture>$INFO[Listitem.AudioCodec,flags/codec/,.png]</texture>
					<aspectratio align="center">keep</aspectratio>
					<visible>[Container.Content(movies) | Container.Content(episodes) | Container.Content(musicvideos)] + !IsEmpty(Listitem.AudioCodec)</visible>
				</control>
				</control>
				<visible>!Skin.HasSetting(galleryInfo1.enable)</visible>
		</control>
		<control type="group">
		<control type="image">
			<left>-210</left>
			<top>-520</top>
			<width>256</width>
			<height>99</height>
			<aspectratio align="center" aligny="top">keep</aspectratio>
			<include>art_ClearLogo</include>			
		</control>
		<visible>Skin.HasSetting(logogallery.disable)</visible>
		</control>
		<control type="group">	
				<top>-430</top>
				<left>90</left>				
				<visible>Control.IsVisible(532)</visible>				
				<control type="image">
					 <left>300</left>
					<top>370</top>
				     <width>620</width>
				     <height>50</height>
				     <texture background="true"colordiffuse="bb000000">frames/strip2.png</texture>					 
					 <visible>Control.IsVisible(532)</visible></control>					 
				 <control type="image">
			    <top>380</top>
				<left>370</left>
				<width>96</width>
				<height>34</height>
				<aspectratio align="center">keep</aspectratio>
				<texture>$INFO[Listitem.VideoResolution,flags/video/resolution/,.png]</texture>
				<visible>!IsEmpty(Listitem.VideoResolution)</visible>
			</control>	
			<control type="image">
				<top>380</top>
				<left>500</left>
				<width>96</width>
				<height>34</height>
				<aspectratio align="center">keep</aspectratio>
				<texture>$INFO[Listitem.AudioChannels,flags/audio/,.png]</texture>
				<visible>!IsEmpty(Listitem.AudioChannels)</visible>
				</control>
				<control type="image">
			        <top>380</top>
			        <left>655</left>
					<width>70</width>
					<height>35</height>
					<texture>$INFO[Listitem.VideoCodec,flags/codec/,.png]</texture>
					<aspectratio align="center">keep</aspectratio>
					<visible>[Container.Content(movies) | Container.Content(episodes) | Container.Content(musicvideos)] + !IsEmpty(Listitem.VideoCodec)</visible>
				</control>
				<control type="image">
				    <top>375</top>
			        <left>815</left>
					<width>70</width>
					<height>45</height>
					<texture>$INFO[Listitem.AudioCodec,flags/codec/,.png]</texture>
					<aspectratio align="center">keep</aspectratio>
					<visible>[Container.Content(movies) | Container.Content(episodes) | Container.Content(musicvideos)] + !IsEmpty(Listitem.AudioCodec)</visible>
				</control>							
				<visible>Skin.HasSetting(galleryInfo2.enable)</visible>
		</control>	
			</control>
		</control>
	</include>
</includes>