﻿<?xml version="1.0" encoding="UTF-8"?>
<includes>
<include name="detail_Poster_Handbone">	
<control type="group">
<include>toggle_Menu</include>			
			<include>transition_Info</include>
			<include>transition_Content</include>
<visible>Control.IsVisible(535) + !Control.HasFocus(8000)</visible>
<control type="group">
 <animation condition="true" effect="Fade" start="70" end="70" time="0">Conditional</animation>					 
<!--frame-->
		<control type="image">	
		<!--frame-->
		<left>85</left>
	<top>115</top>
					<width>1110</width>
					<height>50</height>
					 <texture background="true">frames/contentpanel.png</texture>			
			</control>
			<control type="image">	
		<left>90</left>
	<top>170</top>
					<width>545</width>
					<height>190</height>
					  <texture background="true">frames/contentpanel.png</texture>			
			</control>
		<control type="image">	
		<left>90</left>
	<top>365</top>
					<width>545</width>
					<height>50</height>
					 <texture background="true">frames/contentpanel.png</texture>			
			</control>		
		<control type="image">	
		<left>645</left>
	<top>170</top>
					<width>545</width>
					<height>190</height>
					 <texture background="true">frames/contentpanel.png</texture>			
			</control>
		<control type="image">	
		<left>645</left>
	<top>365</top>
					<width>545</width>
					<height>50</height>
					  <texture background="true">frames/contentpanel.png</texture>			
			</control>	
</control>				
<control type="group">
<!--Left-->
<control type="textbox">
				<left>110</left>
	<top>175</top>
				<width>500</width>
				<align>justify</align>
				<height max="170">auto</height>
				<label>$VAR[global_Plot]</label>
				<include>detail_Text</include>				 
				</control>
	</control>	
<control type="group">
<!--right-->
	<control type="image">		
		<left>665</left>
	<top>188</top>
		<width>245</width>
		<height>150</height>
		<texture background="true">$VAR[thumb_Landscape]</texture>
		<aspectratio>scale</aspectratio>
 		<visible>!SubString(Container.FolderPath,plugin://plugin.video.the.trailers)</visible>
		<visible>!Skin.HasSetting(Strip1logo.movies.enable)</visible>
		</control>
		<control type="image">
		<left>665</left>
		<top>175</top>
		<width>245</width>
		<height>150</height>
		<include>art_ClearLogo</include>
		<visible>Control.IsVisible(535)</visible>
		<visible>Skin.HasSetting(Strip1logo.movies.enable)</visible>
		</control>			
			<control type="image">	
		<left>930</left>
	<top>188</top>
		<width>245</width>
		<height>150</height>
		<texture background="true">$VAR[view_Extra.Thumb]</texture>
		<aspectratio>scale</aspectratio>	
		<visible>Container.Content(movies)</visible>
		</control>		
		<!--image right -->
		<control type="multiimage">	
		<left>930</left>
	<top>188</top>
		<width>245</width>
		<height>150</height>
		<imagepath>$INFO[ListItem.Path,,extrafanart]</imagepath>
			<aspectratio align="center" aligny="top">scale</aspectratio>
			<visible>Container.Content(tvshows)</visible>
			<timeperimage>9000</timeperimage>				 
            <randomize>true</randomize> 
          <loop>yes</loop>					
		</control>
		</control>	
		<control type="group">
		<!--SETS-->
		<control type="image">		
		<left>665</left>
	<top>188</top>
		<width>245</width>
		<height>150</height>
		<texture background="true">$VAR[global_Fanart]</texture>
		<aspectratio>scale</aspectratio>	
		<visible>Container.Content(sets)</visible>
		</control>
		<control type="image">
			<left>930</left>
			<top>188</top>
			<width>245</width>
			<height>150</height>
			<texture>$VAR[logo_clearart]</texture>
			<aspectratio>stretch</aspectratio>
			<visible>Control.IsVisible(535)</visible>
				<aspectratio align="center" aligny="top">keep</aspectratio>	
				<visible>Container.Content(sets)</visible>
		</control>
		</control>
	<control type="label">
					<top>125</top>
					<left>25%</left>
					<align>center</align>
					<aligny>center</aligny>
				    <width>630</width>
				    <height>20</height>										 
					<label>$VAR[global_Title]</label>
					<include>detail_Title</include>
			</control>
			<!--Flag-->
			<control type="grouplist" id="100">
				<left>660</left>
				<top>370</top>				
				<width>510</width>
				<height>40</height>
				<itemgap>30</itemgap>
				<orientation>horizontal</orientation>
				<visible>Control.IsVisible(535)</visible>
				<control type="image">
					<width>76</width>
					<height>44</height>
					<texture>$INFO[ListItem.StarRating,rating/nf-,]</texture>
					<aspectratio align="center">keep</aspectratio>
				</control>
				<control type="image">
					<width>76</width>
					<height>44</height>
					<texture>$INFO[ListItem.VideoResolution,flags/video/resolution/,.png]</texture>
					<aspectratio align="center">keep</aspectratio>
					<visible>[Container.Content(movies) | Container.Content(episodes) | Container.Content(musicvideos)] + !IsEmpty(Listitem.VideoResolution)</visible>
				</control>
				<control type="image">
					<width>76</width>
					<height>44</height>
					<texture>$INFO[Listitem.VideoCodec,flags/codec/,.png]</texture>
					<aspectratio align="center">keep</aspectratio>
					<visible>[Container.Content(movies) | Container.Content(episodes) | Container.Content(musicvideos)] + !IsEmpty(Listitem.VideoCodec)</visible>
				</control>
				<control type="image">
					<width>76</width>
					<height>44</height>
					<texture>$INFO[Listitem.AudioCodec,flags/codec/,.png]</texture>
					<aspectratio align="center">keep</aspectratio>
					<visible>[Container.Content(movies) | Container.Content(episodes) | Container.Content(musicvideos)] + !IsEmpty(Listitem.AudioCodec)</visible>
				</control>
				<control type="image">
					<width>76</width>
					<height>44</height>
					<texture>$INFO[Listitem.VideoAspect,flags/video/aspectratio/,.png]</texture>
					<aspectratio align="center">keep</aspectratio>
					<visible>[Container.Content(movies) | Container.Content(episodes) | Container.Content(musicvideos)] + !IsEmpty(Listitem.VideoAspect)</visible>
				</control>
				<control type="image">
					<width>76</width>
					<height>44</height>
					<texture>$VAR[flag_Studio]</texture>
					<aspectratio align="center">keep</aspectratio>					
					<visible>Container.Content(movies) | Container.Content(tvshows) | Container.Content(episodes) | Container.Content(musicvideos)</visible>
				</control>
			</control>
			<control type="label">
					<left>97</left>
					<top>375</top>	
					<width>520</width>
					<label>$VAR[global_Info]</label>
					<font>semibold-U</font>
					<scroll>true</scroll>
				</control>
</control>				
</include>
<!--PORTRAIT-->
	<include name="viewPoster_Handbone">	
	<control type="group">
	<control type="image">       
			<include>screen_Dimensions</include>
			<texture background="true">$VAR[global_Fanart]</texture>
			<aspectratio align="center" aligny="top">scale</aspectratio>		
		</control>
		<control type="image">  
		<top>120</top>
			<include>screen_Dimensions</include>
			<texture background="true"colordiffuse="50ff111111">overlays\vignetteFullScreen.png</texture>
			<aspectratio align="center" aligny="top">scale</aspectratio>				
		</control>	
		<control type="label">
				<left>20</left>
			<top>680</top>
						<label>$VAR[global_Title]</label>
						<width>625</width>
						<include>detail_Title</include>							
					</control>
		<visible>[Control.IsVisible(535)] + Control.HasFocus(8000)</visible>
		</control>	
	<include>transition_Content</include>
			<include>transition_Info</include>
			<include>toggle_Menu</include>
		<control type="wraplist" id="535">		
			<viewtype label="Strip">StripsmallPoster 1</viewtype>			
			<left>38</left>
			<top>510</top>
			<width>1280</width>
			<height>425</height>
			<onup>6000</onup>		
			<ondown condition="!Window.IsVisible(535)">8000</ondown>
			<ondown condition="Window.IsVisible(535)">71</ondown>
			<onleft>535</onleft>
			<onright>535</onright>
			<focusposition>3</focusposition>
			<pagecontrol>71</pagecontrol>
			<orientation>horizontal</orientation>
			<include>global_Scrolltime</include>
			<include>transition_Content</include>
			<include>transition_Info</include>
			<include>toggle_Menu</include>
			<visible>Container.Content(movies) | Container.Content(tvshows) | Container.Content(seasons) | Container.Content(sets)</visible>
			<itemlayout width="180" >
			<include>viewPoster_Handbone-ContainerCommons</include>
			</itemlayout>
			<focusedlayout width="180">
			<include>viewPoster_Handbone-ContainerCommons</include>				
			<control type="image">
                        <left>55</left>
                        <top>205</top>
                        <width>165</width>
                        <height>160</height>
                        <aspectratio>keep</aspectratio>
                        <texture background="true">$VAR[Icon_Discart]</texture>
                        <animation effect="slide" delay="1600" end="0,-155" time="300" tween="quadratic">Focus</animation>
                        <animation effect="slide" start="0,-155" end="0" time="150" tween="quadratic" easing="in">Unfocus</animation>
                      	  <bordersize>7</bordersize>
						 <visible>Skin.HasSetting(Strip1Discart.movies.enable)</visible>
                    </control>
			</focusedlayout>			
		</control>
	</include>
	<include name="viewPoster_Handbone-ContainerCommons">	
	<include>transition_Content</include>
			<include>transition_Info</include>
			<include>toggle_Menu</include>
			<control type="group">			
				<include>focus_SlidePoster3</include>
				<control type="image">
					<width>135</width>
					<height>200</height>
				<texture border="5">frames/frame-back-alt.png</texture>
			<aspectratio>stretch</aspectratio>
			<visible>Control.IsVisible(535)</visible>	
			</control>
				<control type="image">
					<width>137</width>
					<height>200</height>
				<texture background="true">thumbs/default_Portrait.png</texture>
					<aspectratio align="center">stretch</aspectratio>
					<visible>Control.IsVisible(535)</visible>	
				</control>
				<control type="image">
					<left>12%</left>
					<top>50</top>
					<width>96</width>
					<height>96</height>
					<include>art_DefaultIcon</include>
				</control>
				<control type="image">
					<width>137</width>
					<height>200</height>
					<texture background="true">$VAR[thumb_Portrait]</texture>
					<aspectratio align="center" aligny="top">stretch</aspectratio>
					<visible>Control.IsVisible(535)</visible>	
				</control>
				<visible>Control.IsVisible(535) + !Control.HasFocus(8000)</visible>
			</control>
			  <control type="group">
			  <include>focus_SlidePoster3</include>
				<left>108</left>
                        <top>175</top>
					<include>status_Info</include>
					<visible>Control.IsVisible(535)</visible>
					<visible>Skin.HasSetting(overlay_statu.disable)</visible>
					<visible>Control.IsVisible(535) + !Control.HasFocus(8000)</visible>
					</control>					
				<control type="group">
				<include>focus_SlidePoster3</include>
					<left>103</left>
                        <top>170</top>
					<width>32</width>
					<height>32</height>
					<visible>Control.IsVisible(535)</visible>
					<visible>Skin.HasSetting(watched.alternative)</visible>
					<control type="image">
						<info>ListItem.Overlay</info>
					</control>
					<visible>Control.IsVisible(535) + !Control.HasFocus(8000)</visible>
				</control>			
	</include>
</includes>