<?xml version="1.0" encoding="UTF-8"?>
<includes>
<!--POSTER--> 
	<include name="view_FanartPosterPortrait-ContainerCommons">	
	<visible>Control.IsVisible(59)</visible>
			<control type="group">	
             <left>7</left>
			<top>7</top>
			<include></include>			
			<control type="image">	
				<width>90</width>
				<height>140</height>
				<texture background="true">thumbs/default_Portrait.png</texture>
				<aspectratio>scale</aspectratio>
			</control>
			<control type="image">
				<left>-5</left>
				<top>25</top>
				<width>96</width>
				<height>96</height>
				<include>art_DefaultIcon</include>
			</control>
			<control type="image">
				<width>90</width>
				<height>140</height>
				<texture background="true">$VAR[thumb_Portrait]</texture>
				<aspectratio align="center" aligny="top">scale</aspectratio>
				<animation effect="zoom" start="100" end="173" time="200" center="352,205" tween="Cubic" condition="Control.HasFocus(8000) + !IsEmpty(ListItem.Title)">Conditional</animation>
			</control>			
			<control type="group">
				   <left>65</left>
				   <top>115</top>
				   <include>status_Info</include>					
				   <visible>Skin.HasSetting(overlay_statu.disable)</visible>
			</control>
			<control type="group">
					<left>60</left>
			    	<top>109</top>
					<width>32</width>
					<height>32</height>
					<visible>Skin.HasSetting(watched.alternative)</visible>
			<control type="image">
					<info>ListItem.Overlay</info>
			</control>
			</control>			
		</control>
	</include>
	<include name="view_FanartPosterPortrait"> 
	<visible>Control.IsVisible(59)</visible>
	<control type="image">
	<include>transition_Content</include>
			<include>transition_Info</include>
			<include>toggle_Menu</include>
			   <top>330</top>
			   <left>screenleft</left>
			   <width>1280</width>
			   <height>170</height>
                <texture background="true">frames/contentpanel.png</texture>			   				   
			   <aspectratio>stretch</aspectratio>
			   <visible>Control.IsVisible(59)</visible>
	 </control>
	 <control type="image">
	<include>transition_Content</include>
			<include>transition_Info</include>
			<include>toggle_Menu</include>
			   <top>538</top>
			   <left>585</left>
			   <width>627</width>
			   <height>170</height>
                <texture background="true">frames/contentpanel.png</texture>			   				   
			   <aspectratio>stretch</aspectratio>
			   <visible>Control.IsVisible(59)</visible>
			   <visible>Skin.HasSetting(FanartSupp) + !SubString(Container.FolderPath,plugin://plugin.video.the.trailers)</visible>
	 </control>
		<control type="fixedlist" id="59">
			<viewtype label="Poster & Fanart">Big</viewtype>           		
            <left>600</left>
            <top>340</top>
            <width>500</width>
            <height>300</height>
            <onup>6000</onup>
			<ondown>71</ondown>
			<onleft>59</onleft>
			<onright>59</onright>
			<focusposition>0</focusposition>
			<pagecontrol>71</pagecontrol>
			<orientation>horizontal</orientation>
			<include>global_Scrolltime</include>
			<include>transition_Content</include>
			<include>transition_Info</include>
			<include>toggle_Menu</include>
			<visible>Container.Content(movies) | Container.Content(tvshows) | Container.Content(sets)</visible>
			<itemlayout height="180" width="110">
				<include>view_FanartPosterPortrait-ContainerCommons</include>
			</itemlayout>											
			    <focusedlayout height="180" width="110">
			<control type="image">
			    <left>0</left>
			    <top>0</top>
			    <width>105</width>
			    <height>150</height>
			    <include>art_Frame-fo</include>			
			</control>			
				<include>view_FanartPosterPortrait-ContainerCommons</include>			
			</focusedlayout>
		</control>
	</include>
<!--LANDSCAPE-->           
	<include name="view_FanartPosterPortraitSmall">	
	<visible>Control.IsVisible(591)</visible>
<control type="image">
<include>transition_Content</include>
			<include>transition_Info</include>
			<include>toggle_Menu</include>
				<top>115</top>
				<left>17</left>
				<width>1278</width>
				<height>605</height>
                <texture background="true">frames/contentpanel.png</texture>
				  <animation condition="true" effect="Fade" start="100" end="90" time="0">Conditional</animation>					 
			   <aspectratio>stretch</aspectratio>
			   <visible>Control.IsVisible(591)</visible>			
			</control>	
		<control type="fixedlist" id="591">		
			<viewtype label="Poster & Fanart">bigwrap</viewtype>
			<left>28</left>
			<top>150</top>
			<width>480</width>
			<height>318</height>
			<onup>591</onup>
			<ondown>591</ondown>
			<onleft>6000</onleft>
			<onright>70</onright>			
			<pagecontrol>70</pagecontrol>
			<preloaditems>2</preloaditems>			
			<include>global_ListScroll</include>
			<include>toggle_Menu</include>
			<include>transition_Content</include>
			<include>transition_Info</include>
			<visible>Container.Content(movies) | Container.Content(tvshows) | Container.Content(sets) + !SubString(Container.FolderPath,plugin://plugin.video.the.trailers)</visible>
		    <itemlayout condition="IsEmpty(Container.FolderPath)" width="450" height="40">
				<control type="label">
					<left>15</left>
					<width>465</width>
					<label>$INFO[ListItem.Label]</label>
					<include>container_Single</include>
				</control>
			</itemlayout>
			<focusedlayout condition="IsEmpty(Container.FolderPath)" width="450" height="40">
				<control type="group">
					<visible>![ControlGroup(6000).HasFocus | ControlGroup(4000).HasFocus]</visible>
					<control type="image">
						<width>480</width>
						<height>40</height>
						<texture>frames/frame-fo.png</texture>
					</control>
					<control type="label">
						<left>15</left>
						<width>450</width>
						<label>$INFO[ListItem.Label]</label>
						<include>container_Single-focus</include>
					</control>
				</control>
				<control type="label">
					<left>15</left>
					<width>465</width>
					<label>$INFO[ListItem.Label]</label>
					<include>container_Single</include>
					<visible>[ControlGroup(6000).HasFocus | ControlGroup(4000).HasFocus]</visible>
				</control>
			</focusedlayout>
			<itemlayout condition="Container.Content(movies) | Container.Content(sets) | Container.Content(tvshows) | Container.Content(seasons)" width="420" height="40">
				<control type="label">
					<left>15</left>
					<top>6</top>
					<width>465</width>
					<height>27</height>
					<label>$VAR[global_Title]</label>
					<include>container_Title</include>
				</control>
			</itemlayout>
			<focusedlayout condition="Container.Content(movies) | Container.Content(sets) | Container.Content(tvshows) | Container.Content(seasons)" width="420" height="40">
				<control type="group">
					<visible>![ControlGroup(6000).HasFocus | ControlGroup(4000).HasFocus]</visible>
					<control type="image">
						<width>480</width>
						<height>40</height>
						<texture>frames/frame-fo.png</texture>
					</control>
					<control type="label">
						<left>15</left>
						<top>6</top>
						<width>465</width>
						<aligny>center</aligny>
						<height>27</height>
						<label>$VAR[global_Title]</label>
						<include>container_Title-focus</include>
					</control>
				</control>
				<control type="group">
					<visible>[ControlGroup(6000).HasFocus | ControlGroup(4000).HasFocus]</visible>
					<control type="label">
						<left>15</left>
						<top>6</top>
						<width>465</width>
						<height>30</height>
						<label>$VAR[global_Title]</label>
						<include>container_Title</include>
					</control>
				</control>
			</focusedlayout>			
		</control>		
	</include>	
	<include name="view_FanartPosterPortraitSmall-ContainerCommons">
	</include>
	<include name="detail_posterfanart">	
		<control type="group">
			<include>transition_Content</include>
			<include>transition_Info</include>
			<include>toggle_Menu</include>			
			<!--large grid-->
		<control type="group">
				  <visible>Control.IsVisible(59)</visible>
			<!--title-->	
			<control type="label">
				   <label>$VAR[global_Title]</label>
				   <left>365</left>
				   <top>225</top>
				   <width>700</width>
				   <include>detail_Title</include>
				   <animation effect="zoom" start="120" end="120" time="0" condition="true">Conditional</animation>
				   <visible>Container.Content(movies) | Container.Content(sets) | Container.Content(tvshows) + !IsEmpty(ListItem.TVShowTitle)</visible>
				   <visible>Control.IsVisible(59)</visible>
			</control>					
			<!--Big Poster-->	
			<control type="image">
			       <left>30</left>
			       <top>100</top>
			       <width>390</width>
				   <height>570</height>
				   <texture background="true">$VAR[thumb_Portrait]</texture>				
				   <aspectratio align="center" aligny="top">stretch</aspectratio>
				   <animation effect="zoom" start="100" end="173" time="200" center="352,205" tween="Cubic" condition="Control.HasFocus(8000) + !IsEmpty(ListItem.Title)">Conditional</animation>
				   <visible>Control.IsVisible(59)</visible>
			</control>	
			<control type="image">
					<left>390</left>
					<top>100</top>
					<width>30</width>
            <height>30</height>
			<texture background="true" colordiffuse="videoextras_overlay.png">$VAR[VideoextrasOverlay]</texture>
			<visible>Control.IsVisible(59) + System.HasAddon(script.videoextras) + Window.IsVisible(Videos) + Container.Content(Movies) + !Skin.HasSetting(Enable.videoextrasOverlays)</visible>
		<colordiffuse>FFFFFFFF</colordiffuse>	
		</control>			
			<control type="image">
					<left>345</left>
					<top>530</top>
					<width>150</width>
					<height>150</height>
					<texture background="true">$VAR[Icon_Discart]</texture>
					<visible>Skin.HasSetting(PosterFanartDiscart.movies.enable)</visible>
					<visible>Control.IsVisible(59)</visible>
					<animation type="WindowOpen">
					<effect type="slide" start="0,0" end="0,20" time="500" delay="500" tween="cubic" easing="out"/>
					<effect type="fade" start="0" end="100" time="500" delay="500"/>
					</animation>
					<animation type="Visible">
					<effect type="slide" start="0,20" end="0,0" time="500" delay="500" tween="cubic" easing="out"/>
					<effect type="fade" start="0" end="100" time="500" delay="500"/>
					</animation>
					<animation effect="fade" start="-20" end="0" time="200">WindowClose</animation>
					<animation type="Hidden">
					<effect type="slide" start="0,0" end=",20" time="300" tween="cubic" easing="out"/>
					<effect type="fade" start="100" end="0" time="200"/>
					</animation>
			</control>
				<!--flags-->
			<control type="label">
				<right>260</right>					
				<top>300</top>
				<width>390</width>
				<label>$INFO[ListItem.Genre]</label>
				<include>detail_Sub</include>
				<visible>Container.Content(movies) | Container.Content(sets) | Container.Content(tvshows) + !IsEmpty(ListItem.TVShowTitle)</visible>
			</control>
			<control type="label">
					  <right>190</right>
				<top>300</top>
						<label>$VAR[global_Info]</label>
						<width>650</width>
						<include>detail_Sub</include>
						<visible>!SubString(Container.FolderPath,plugin) + !SubString(ListItem.Icon,default)</visible>
						<visible>Control.IsVisible(59) + Container.Content(sets)</visible>
					</control>		
					<control type="label">					
					<right>190</right>
				<top>300</top>
						<label>$VAR[global_Info.Addon]</label>
						<width>650</width>
						<include>detail_Sub</include>
						<visible>SubString(Container.FolderPath,plugin) + !SubString(ListItem.Icon,default)</visible>
						<visible>Control.IsVisible(59) + Container.Content(sets)</visible>
					</control>
				<control type="label">
				<right>690</right>
				<top>290</top>
				<width>150</width>
				<height>44</height>
				<width>450</width>
				<label>$INFO[ListItem.Year]$INFO[ListItem.Duration, • , $LOCALIZE[31701]]</label>
				<include>detail_Sub</include>
				<visible>Container.Content(movies) | !Container.Content(sets) | Container.Content(tvshows) + !IsEmpty(ListItem.TVShowTitle)</visible>
			 </control>             
			 <control type="image">
				  <left>690</left>
			    <top>80</top>
			    <width>270</width>
			    <height>160</height>
				<texture background="true">$VAR[logo_clearart]</texture>
				<aspectratio>stretch</aspectratio>	
				<visible>Skin.HasSetting(LogoFanartPoster) + !Skin.HasSetting(FanartSupp)</visible>
			</control>			
             <control type="image">
				<top>335</top>
				<left>450</left>
				<bottom>40</bottom>
				<width>120</width>
				<height>150</height>
				<aspectratio align="left">keep</aspectratio>
				<texture>$VAR[flag_Studio]</texture>
			 </control>			
			 <control type="image">
				<right>47</right>
				<top>290</top>
				<width>90</width>
				<height>44</height>
				<include>detail_StarRating</include>
				<aspectratio align="right" aligny="top">keep</aspectratio>
				<visible>IntegerGreaterThan(ListItem.Rating,0)</visible>
			 </control>				
			 <control type="image">
				<top>365</top>
				<right>25</right>
				<width>50</width>
				<height>40</height>
				<aspectratio align="center">keep</aspectratio>
				<texture>$INFO[Listitem.AudioChannels,flags/audio/,.png]</texture>
				<visible>!IsEmpty(Listitem.AudioChannels)</visible>
			 </control>
			 <control type="image">
			    <top>367</top>
				<right>80</right>
				<width>96</width>
				<height>34</height>
				<aspectratio align="center">keep</aspectratio>
				<texture>$INFO[Listitem.VideoResolution,flags/video/resolution/,.png]</texture>
				<visible>!IsEmpty(Listitem.VideoResolution)</visible>
			</control>
			<control type="image">
				<top>420</top>
				<right>100</right>
				<width>60</width>
				<height>45</height>
				<texture>$INFO[Listitem.AudioCodec,flags/codec/,.png]</texture>
				<aspectratio align="center">keep</aspectratio>
				<visible>[Container.Content(movies) | Container.Content(episodes) | Container.Content(musicvideos)] + !IsEmpty(Listitem.AudioCodec)</visible>
			</control>
			<control type="image">
				<top>425</top>
			    <right>28</right>
				<width>80</width>
				<height>40</height>
				<aspectratio align="right">keep</aspectratio>
				<texture>$VAR[flag_VideoType-fo]</texture>				
			</control>
			<control type="group">
				<control type="label">
					<left>440</left>
					<top>500</top>	
					<label>$VAR[gallery_Header]</label>
					<width>700</width>
					<textcolor>Color1</textcolor>
					<include>detail_Title</include>
			    </control>
			</control>
				<control type="group">                 				
					<left>435</left>
					<top>270</top>					
				<control type="textbox" id="4">
				  <top>255</top>
			        <left>80</left>
					<width>680</width>
					<height>160</height>					
					<textcolor>Color1</textcolor>
					<align>justify</align>
					<label>$VAR[global_Plot]</label>
					<include>detail_Text</include>
					<visible>!SubString(ListItem.Icon,default)</visible>					
					</control>		
					<visible>!Skin.HasSetting(FanartSupp) |  SubString(Container.FolderPath,plugin://plugin.video.the.trailers)</visible>
				</control>
				<control type="group">                 				
					<left>435</left>
					<top>270</top>					
				<control type="textbox" id="4">
				  <top>-175</top>
			        <left>165</left>
					<width>600</width>
					<height>160</height>					
					<textcolor>Color1</textcolor>
					<align>justify</align>
					<label>$VAR[global_Plot]</label>
					<include>detail_Text</include>
					<visible>!SubString(ListItem.Icon,default)</visible>
					</control>	
					<visible>Skin.HasSetting(FanartSupp) + !SubString(Container.FolderPath,plugin://plugin.video.the.trailers)</visible>
				</control>
		</control>
		<control type="group">  
		 <top>450</top>
		 <left>50</left>
			<control type="image">			
				<left>555</left>
					<top>100</top>
					<width>285</width>
					<height>150</height>
				<texture background="true">$VAR[thumb_Landscape]</texture>
				<aspectratio align="center" aligny="top">scale</aspectratio>
				<visible>Control.IsVisible(59)</visible>
			     </control>	
				 <control type="multiimage">
				 	<left>860</left>
					<top>100</top>
					<width>285</width>
					<height>150</height>
				   <imagepath>$VAR[extrafanart.path]</imagepath>
				   <aspectratio scalediffuse="false">scale</aspectratio>
				   <include>fadeinout</include>	
				   <timeperimage>9000</timeperimage>
                   <randomize>true</randomize>
                   <fadetime>5</fadetime>					
                   <loop>yes</loop>					             
				   <visible>Control.IsVisible(59)</visible>				
				</control>
				<visible>Skin.HasSetting(FanartSupp) + !SubString(Container.FolderPath,plugin://plugin.video.the.trailers)</visible>
		</control>			
<!--view Landscape-->			
			 <!--Big Landscape--> 
			    <control type="image">
					 <left>550</left>
					<top>10</top>
				     <width>780</width>
				     <height>450</height>
				     <texture background="true">frames/Landscape-overlays.png</texture>
				     <aspectratio>scale</aspectratio>
					 <colordiffuse>accent_5</colordiffuse>
					 <visible>Control.IsVisible(591)</visible>					 
			    </control>
				<control type="image">
					 <left>375</left>
					 <top>80</top>
				     <width>780</width>
				     <height>450</height>
				     <texture background="true">frames/Landscape-overlays.png</texture>
				     <aspectratio>scale</aspectratio>
					 <colordiffuse>accent_5</colordiffuse>
					 <visible>Control.IsVisible(591)</visible>					 
			    </control>			
				<control type="image">
				   <right>screenright</right>
				   <top>125</top>
				   <width>780</width>
				   <height>450</height>
				   <aspectratio scalediffuse="false">scale</aspectratio>					
				   <texture diffuse="overlays/Fanart_Diffuse.png" background="false" fallback="overlays/Fanart_Fallback.png">$VAR[global_Fanart]</texture>
				   <visible>Control.IsVisible(591)</visible>
				</control>				
				<control type="multiimage">
				   <right>screenright</right>
				   <top>125</top>
				   <width>780</width>
				   <height>450</height>
				   <imagepath diffuse="overlays/Fanart_Diffuse.png"  background="false"fallback="overlays/Fanart_Fallback.png">$VAR[extrafanart.path]</imagepath>
				   <aspectratio scalediffuse="false">scale</aspectratio>
				   <include>fadeinout</include>	
				   <timeperimage>9000</timeperimage>
                   <randomize>true</randomize>
                   <fadetime>5</fadetime>					
                   <loop>yes</loop>					             
				   <visible>Control.IsVisible(591) + Skin.HasSetting(gallery.extrafanart) + !Control.IsVisible(Moviesets)</visible>				
				</control>				
			    <control type="image">
				   <left>115</left>
				   <top>500</top>
				   <width>250</width>
				   <height>120</height>
				  <texture background="true">$VAR[logo_clearart]</texture>
				   <visible>Control.IsVisible(591) + Skin.HasSetting(LandscapePoster.logo)</visible>
				</control>				
				<!--small Poster -->		
				<control type="image">
				   <top>400</top>
				   <right>30</right>
				   <width>195</width>
				   <height>275</height>
		           <texture border="5">frames/frame-back-alt.png</texture>
			       <aspectratio>stretch</aspectratio>
			       <visible>Control.IsVisible(591)</visible>
			    </control>
			    <control type="image">	
		     	   <top>400</top>
			 	   <right>20</right>
				   <width>190</width>
				   <height>270</height>
				   <texture background="true">thumbs/default_Portrait.png</texture>
				   <aspectratio>stretch</aspectratio>
				   <visible>Control.IsVisible(591)</visible>
			    </control>				
			    <control type="image">
				   <right>30</right>
				   <top>400</top>
				   <width>150</width>
				   <height>250</height>
				   <include>art_DefaultIcon</include>
				   <visible>Control.IsVisible(591)</visible>
			    </control>			
				<control type="image">
					<left>1075</left>
					<top>295</top>
					<width>180</width>
					<height>180</height>
					<texture background="true">$VAR[Icon_Discart]</texture>
					<visible>Skin.HasSetting(LandscapePosterDiscart.movies.enable)</visible>
					<visible>Control.IsVisible(591)</visible>
					<animation type="WindowOpen">
					<effect type="slide" start="115,0" end="0,0" time="500" delay="500" tween="cubic" easing="out"/>
	<effect type="fade" start="0" end="100" time="500" delay="500"/>
	</animation>
	<animation type="Visible">
	<effect type="slide" start="115" end="0" time="500" delay="500" tween="cubic" easing="out"/>
	<effect type="fade" start="0" end="100" time="500" delay="500"/>
	</animation>
	<animation effect="fade" start="100" end="0" time="200">WindowClose</animation>
	<animation type="Hidden">
	<effect type="fade" start="100" end="0" time="200"/>
	</animation>
	</control>
			    <control type="image">
				   <top>400</top>
				   <right>20</right>
				   <width>192</width>
				   <height>270</height>
				   <texture background="true">$VAR[thumb_Portrait]</texture>
				   <aspectratio align="center" aligny="top">scale</aspectratio>
				   <fadetime>fadetime_Thumb</fadetime>
				   <visible>Control.IsVisible(591)</visible>
			    </control>
				<control type="image">					
					<right>20</right>
					<top>410</top>
					<width>30</width>
            <height>30</height>
			<texture background="true" colordiffuse="videoextras_overlay.png">$VAR[VideoextrasOverlay]</texture>
			<visible>Control.IsVisible(591) + System.HasAddon(script.videoextras) + Window.IsVisible(Videos) + Container.Content(Movies) + !Skin.HasSetting(Enable.videoextrasOverlays)</visible>
		<colordiffuse>FFFFFFFF</colordiffuse>	
		</control>
			    <control type="group">				
					<top>645</top>
					<left>1233</left>
					<include>status_Info</include>
					<visible>Control.IsVisible(591)</visible>
					<visible>Skin.HasSetting(overlay_statu.disable)</visible>
			    </control>
			<control type="group">
					<top>643</top>
					<left>1228</left>
					<width>32</width>
					<height>32</height>
					<visible>Skin.HasSetting(watched.alternative)</visible>
					<visible>Control.IsVisible(591)</visible>
				<control type="image">
					<info>ListItem.Overlay</info>
				</control>
			</control>			
			<!--texte box Landscape -->						
			<control type="group">
					<control type="label">
					<left>505</left>
					<top>480</top>	
					<label>$VAR[gallery_Header]</label>
					<width>525</width>
					<textcolor>Color1</textcolor>
					<include>detail_Title</include>
					<visible>Control.IsVisible(591)</visible>
				</control>
			</control>	
				<control type="textbox">
					<top>510</top>
					<left>505</left>
					<width>530</width>
					<align>justify</align>
					<height max="160">auto</height>
					<label>$VAR[global_Plot]</label>
					<include>detail_Text</include>
					<visible>Control.IsVisible(591)</visible>
				</control>
            <!--info et flag -->
			<control type="label">
					<left>505</left>
					<top>680</top>
						<label>$VAR[global_Info]</label>
						<width>650</width>
						<include>detail_Sub</include>
						<visible>!SubString(Container.FolderPath,plugin) + !SubString(ListItem.Icon,default)</visible>
						<visible>Control.IsVisible(591) + Container.Content(sets)</visible>
					</control>		
					<control type="label">					
					<left>505</left>
					<top>680</top>
						<label>$VAR[global_Info.Addon]</label>
						<width>650</width>
						<include>detail_Sub</include>
						<visible>SubString(Container.FolderPath,plugin) + !SubString(ListItem.Icon,default)</visible>
						<visible>Control.IsVisible(591) + Container.Content(sets)</visible>
					</control>
			    <control type="label">
					<left>500</left>
					<top>680</top>
					<width>460</width>
					<label>$INFO[ListItem.Year]$INFO[ListItem.Duration, • , $LOCALIZE[31701]]</label>
					<include>detail_Sub</include>						
					<visible>Control.IsVisible(591) + !Container.Content(sets)</visible>
				</control>					
				<control type="image">
				      <left>-10</left>
				      <top>670</top>
				      <width>80</width>
				      <height>40</height>
				      <aspectratio align="right">keep</aspectratio>
				      <texture>$VAR[flag_VideoType-fo]</texture>
				      <visible>Control.IsVisible(591)</visible>
		     	</control>
			    <control type="image">
			          <top>660</top>
				      <left>90</left>
				      <width>80</width>
				      <height>60</height>
				      <aspectratio align="center">keep</aspectratio>
				      <texture>$INFO[Listitem.VideoResolution,flags/video/resolution/,.png]</texture>
				      <visible>!IsEmpty(Listitem.VideoResolution)</visible>
				      <visible>Control.IsVisible(591)</visible>
			    </control>			
			    <control type="image">
				      <top>672</top>
				      <left>172</left>
				      <width>96</width>
				      <height>34</height>
				      <aspectratio align="center">keep</aspectratio>
				      <texture>$INFO[Listitem.AudioChannels,flags/audio/,.png]</texture>
				      <visible>!IsEmpty(Listitem.AudioChannels)</visible>
				      <visible>Control.IsVisible(591)</visible>
			     </control>			 
			     <control type="image">
			          <top>664</top>
			          <left>270</left>
					  <width>85</width>
					  <height>50</height>
					  <texture>$INFO[Listitem.VideoCodec,flags/codec/,.png]</texture>
					  <aspectratio align="center">keep</aspectratio>
					  <visible>[Container.Content(movies) | Container.Content(episodes) | Container.Content(musicvideos)] + !IsEmpty(Listitem.VideoCodec)</visible>
					  <visible>Control.IsVisible(591)</visible>
				  </control>
				  <control type="image">
				       <top>665</top>
				       <left>380</left>
					   <bottom>40</bottom>
					   <width>80</width>
					   <height>45</height>
					   <aspectratio align="left">keep</aspectratio>
					   <texture>$VAR[flag_Studio]</texture>
					   <visible>Control.IsVisible(591)</visible>
				  </control>				
				  <control type="label">
					    <left>530</left>
					    <top>459</top>
						<width>460</width>
						<label>$INFO[ListItem.Property(UnWatchedEpisodes),, $LOCALIZE[16101] $LOCALIZE[20360]]</label>
						<include>detail_Sub</include>
						<visible>Container.Content(tvshows)  | Container.Content(sets) + !IsEmpty(ListItem.TVShowTitle)</visible>
						<visible>Control.IsVisible(591)</visible>
				  </control>					
				  <control type="image">
					   <width>90</width>
					   <right>15</right>
					   <top>670</top>
					   <include>detail_StarRating</include>
					   <aspectratio align="right" aligny="top">keep</aspectratio>
					   <visible>IntegerGreaterThan(ListItem.Rating,0)</visible>
					   <visible>Control.IsVisible(591)</visible>	
				  </control>				
				  <control type="label">
					    <right>180</right>
					    <top>680</top>
						<width>450</width>
						<label>$INFO[ListItem.Genre]</label>
						<include>detail_Sub</include>						
					    <visible>Control.IsVisible(591)</visible>	
				  </control>					
				  <control type="label">
						<label>$VAR[global_Title]</label>
						<left>335</left>
						<top>45</top>
						<width>480</width>
						<include>detail_Title</include>
						<animation effect="zoom" start="150" end="150" time="0" condition="true">Conditional</animation>
					    <visible>Container.Content(movies) | Container.Content(tvshows) + !IsEmpty(ListItem.TVShowTitle)</visible>
					    <visible>Control.IsVisible(591)</visible>
				  </control>
		</control>		
	</include>
</includes>