<?xml version="1.0" encoding="UTF-8"?>
<includes>
<!--POSTER--> 
	<include name="view_PosterLandscapePortrait-ContainerCommons">	
	<visible>Control.IsVisible(593)</visible>
			<control type="group">             
			<include></include>			
			<control type="image">	
			<left>10</left>
				<top>-45</top>
				<width>845</width>
				<height>475</height>
				<texture background="true">thumbs/default_Landscape.png</texture>				
				<aspectratio>scale</aspectratio>				  
			</control>
			<control type="image">
				<left>400</left>
				<top>200</top>
				<width>150</width>
				<height>150</height>
				<include>art_DefaultIcon</include>
			</control>
			<control type="image">
			<left>10</left>
				<top>-45</top>
				<width>845</width>
				<height>475</height>
				<texture background="true">$VAR[thumb_Landscape]</texture>
				 <aspectratio>scale</aspectratio>
				 <animation type="WindowOpen" tween="sine" easing="out">
					<effect type="fade" start="0" end="100" time="1000"/>
					</animation>
					<animation type="WindowClose" tween="sine" easing="out">
					<effect type="fade" start="100" end="0" time="1000" delay="1200"/>
					</animation>
					<effect type="fade" end="100" time="80" />
					<visible>!Skin.HasSetting(landscape.enable)</visible> 
				</control>
				<control type="image">
			<left>10</left>
				<top>-45</top>
				<width>845</width>
				<height>475</height>
				<texture background="true">$VAR[view_Landscape.Thumb2]</texture>
				 <aspectratio>scale</aspectratio>
				 <animation type="WindowOpen" tween="sine" easing="out">
					<effect type="fade" start="0" end="100" time="1000"/>
					</animation>
					<animation type="WindowClose" tween="sine" easing="out">
					<effect type="fade" start="100" end="0" time="1000" delay="1200"/>
					</animation>
					<effect type="fade" end="100" time="80" />
					<visible>Skin.HasSetting(thumb.enable)</visible> 
				</control>
		</control>
	</include>
	<include name="view_PosterLandscapePortrait"> 
	<visible>Control.IsVisible(593)</visible>
	            <control type="image">
				<include>transition_Content</include>
			<include>transition_Info</include>
			<include>toggle_Menu</include>
				<top>90</top>
				<left>19</left>
				<width>1280</width>
				<height>590</height>
                <texture background="true">frames/contentpanel.png</texture>		   				   
			    <aspectratio>stretch</aspectratio>
			    <visible>Control.IsVisible(593)</visible>
			    </control>			
		    <control type="fixedlist" id="593">
			<viewtype label="Poster & Fanart">Big</viewtype>           		
            <left>425</left>
            <top>170</top>
            <width>849</width>
            <height>478</height>
            <onup>6000</onup>
			<ondown>71</ondown>
			<onleft>593</onleft>
			<onright>593</onright>
			<focusposition>0</focusposition>
			<pagecontrol>71</pagecontrol>
			<orientation>horizontal</orientation>
			<include>global_Scrolltime</include>
			<include>transition_Content</include>
			<include>transition_Info</include>
			<include>toggle_Menu</include>
			<visible>Container.Content(movies) | Container.Content(tvshows) | Container.Content(sets)</visible>
			<itemlayout height="495" width="875">
			<include>view_PosterLandscapePortrait-ContainerCommons</include>
			</itemlayout>											
			<focusedlayout height="495" width="875">			
			<include>view_PosterLandscapePortrait-ContainerCommons</include>				
			</focusedlayout>
		</control>
</include>	
<!--LANDSCAPE--> 	
<include name="detail_PosterLandscape">	
		<control type="group">
			<include>transition_Content</include>
			<include>transition_Info</include>
			<include>toggle_Menu</include>			
			<!--landscape -->
			<control type="group">
				<visible>Control.IsVisible(593)</visible>				
				<control type="image">
					<left>725</left>
					<top>400</top>
					<width>290</width>
					<height>150</height>
					<include>art_ClearLogo</include>						
				</control>				
			<!--title-->	
			<control type="textbox">
					<top>605</top>
					<left>500</left>
					<width>750</width>
					<align>justify</align>
					<height max="60">auto</height>
					<label>$VAR[global_Plot]</label>
					<include>detail_Text</include>					
				</control>
		<control type="group">
			<left>425</left>
			<top>658</top>
				<control type="label">
				<top>25</top>
				<label>$VAR[global_Info]</label>
				<width>650</width>
				<include>detail_Sub</include>
			</control>
			<control type="label">
				<left>1085</left>
				<top>25</top>
				<width>300</width>
				<label>$INFO[ListItem.Duration]</label>
				<align>right</align>
				<include>detail_Sub</include>
			</control>			
			<control type="image">
				<top>25</top>
				<right>87</right>
				<width>128</width>
				<height>22</height>
				<aspectratio align="right" aligny="top">keep</aspectratio>
				<include>detail_StarRating</include>				
			    </control>
		</control>
			    <control type="label">
					<label>$VAR[global_Title]</label>
					<left>365</left>
					<top>100</top>
					<width>700</width>
					<include>detail_Title</include>
					<animation effect="zoom" start="120" end="120" time="0" condition="true">Conditional</animation>
					<visible>Container.Content(movies)</visible>
					<visible>Control.IsVisible(593)</visible>
				</control>					
			<!--Big Poster-->			
				<control type="image">
			        <left>30</left>
			        <top>100</top>
			     	<width>390</width>
				    <height>570</height>
				    <texture background="true">$VAR[thumb_Portrait]</texture>				
				    <aspectratio align="center" aligny="top">stretch</aspectratio>
				    <animation effect="zoom" start="100" end="173" time="200" center="352,205" tween="Cubic" condition="Control.HasFocus(8000) + !IsEmpty(ListItem.Title)">Conditional</animation>
				    <visible>Control.IsVisible(593)</visible>
			   </control>
		<control type="group">
				<left>1245</left>
				<top>645</top>
				<include>status_Info</include>			
				<visible>Skin.HasSetting(overlay_statu.disable)</visible>
		</control>
		<control type="group">
				<left>1240</left>
				<top>640</top>
				<width>32</width>
				<height>32</height>
				<visible>Skin.HasSetting(watched.alternative)</visible>
				<control type="image">
				<info>ListItem.Overlay</info>
				</control>
		</control>				
				<control type="image">
				<left>345</left>
				<top>500</top>
				<width>160</width>
				<height>160</height>
				<texture background="true">$VAR[Icon_Discart]</texture>		
				<animation type="WindowOpen">
				<effect type="fade" start="0" end="150" time="500" delay="800" tween="sine" easing="out"/>
				<effect type="zoom" start="600,250,160,160" end="250,600,160,160" time="980" delay="750" tween="sine" easing="out"/>
				<effect type="slide" start="0,25,0" end="0,-25,0" time="980" delay="750" tween="sine" easing="out"/>
				</animation>
				<animation type="Windowclose">
				<effect type="fade" start="150" end="0" time="400" delay="200" tween="sine" easing="out"/>
				<effect type="zoom" start="250,600,160,160" end="600,250,160,160" time="780" delay="0" tween="sine" easing="out"/>
				<effect type="slide" start="0,-25,0" end="0,25,0" time="780" delay="0" tween="sine" easing="out"/>
				</animation>
				<visible>Skin.HasSetting(PosterLandscapeDiscart.movies.enable)</visible>
				<visible>Control.IsVisible(593)</visible>
		</control>        		   
				<!--flags-->
		<control type="image">				    
				<top>675</top>
				<left>25</left>					
				<width>75</width>
				<height>41</height>
				<aspectratio align="left">keep</aspectratio>
				<texture>$VAR[flag_Studio]</texture>
		</control>
		<control type="image">
			    <top>678</top>
				<left>90</left>
				<width>80</width>
				<height>34</height>
				<aspectratio align="center">keep</aspectratio>
				<texture>$INFO[Listitem.VideoResolution,flags/video/resolution/,.png]</texture>
				<visible>!IsEmpty(Listitem.VideoResolution)</visible>
		</control>
		<control type="image">
				<top>679</top>
				<left>175</left>
				<width>58</width>
				<height>31</height>
				<aspectratio align="center">keep</aspectratio>
				<texture>$INFO[Listitem.AudioChannels,flags/audio/,.png]</texture>
				<visible>!IsEmpty(Listitem.AudioChannels)</visible>
		</control>	
		<control type="image">
			    <top>679</top>
			    <left>238</left>
				<width>70</width>
				<height>35</height>
				<texture>$INFO[Listitem.VideoCodec,flags/codec/,.png]</texture>
				<aspectratio align="center">keep</aspectratio>
				<visible>[Container.Content(movies)</visible>
				</control>
				<control type="image">
				<top>672</top>
			    <left>330</left>
				<width>70</width>
				<height>45</height>
				<texture>$INFO[Listitem.AudioCodec,flags/codec/,.png]</texture>
				<aspectratio align="center">keep</aspectratio>
				<visible>[Container.Content(movies)</visible>
				</control>				
			</control>
		</control>		
	</include>
</includes>