<?xml version="1.0" encoding="UTF-8"?>
<includes>
<!--POSTER--> 
	<include name="viewIconPortrait-ContainerCommons">	
		<control type="group">
			<left>7</left>
			<top>7</top>
			<control type="image">	
				<width>170</width>
				<height>252</height>
				<texture background="true">thumbs/default_Portrait.png</texture>
				<aspectratio>stretch</aspectratio>
			</control>
			<control type="image">
				<left>37</left>
				<top>78</top>
				<width>96</width>
				<height>96</height>
				<include>art_DefaultIcon</include>
			</control>
			<control type="image">
				<width>170</width>
				<height>252</height>
				<texture background="true">$VAR[thumb_Portrait]</texture>
				<aspectratio align="center" aligny="top">scale</aspectratio>
			</control>
			<control type="image">
					<left>140</left>
					<top>20</top>
					<width>32</width>
            <height>32</height>
			<texture background="true" colordiffuse="videoextras_overlay.png">$VAR[VideoextrasOverlay]</texture>
			<visible>Control.IsVisible(57) + System.HasAddon(script.videoextras) + Window.IsVisible(Videos) + Container.Content(Movies) + !Skin.HasSetting(Enable.videoextrasOverlays)</visible>
		<colordiffuse>FFFFFFFF</colordiffuse>	
		</control>
			<control type="group">
				<left>144</left>
				<top>226</top>
				<include>status_Info</include>
				<visible>Skin.HasSetting(overlay_statu.disable)</visible>
			</control>
			<control type="group">
					<left>138</left>
					<top>221</top>
					<width>32</width>
					<height>32</height>
					<visible>Skin.HasSetting(watched.alternative)</visible>
					<control type="image">
						<info>ListItem.Overlay</info>
					</control>
				</control>
			<control type="image">
			<left>-6</left>
			<top>-8</top>
			<width>182</width>
			<height>265</height>
			<include>art_Frame-nf</include>
			</control>		
			</control>
	</include>
	<include name="view_IconPortrait">
	<control type="image">	
	<include>transition_Content</include>
			<include>toggle_Menu</include>
			<include>transition_Info</include>
				<top>615</top>
				<left>-0</left>
				<width>1280</width>
				<height>110</height>
               <texture background="true">frames/contentpanel.png</texture>
			   <animation condition="true" effect="Fade" start="80" end="80" time="0">Conditional</animation>					 
			  <aspectratio>stretch</aspectratio>			    
			   <visible>Control.IsVisible(57)</visible> 			  		   
			</control>	
		<control type="image">	
		<include>transition_Content</include>
			<include>toggle_Menu</include>
			<include>transition_Info</include>
				<top>80</top>
				<left>850</left>
				<width>420</width>
				<height>535</height>
               <texture background="true">frames/contentpanel.png</texture>
			    <animation condition="true" effect="Fade" start="70" end="70" time="0">Conditional</animation>					 
				 <aspectratio>stretch</aspectratio>			    
			   <visible>Control.IsVisible(57)</visible> 			  		   
			</control>	
			<control type="textbox" id="4">
			<include>transition_Content</include>
			<include>toggle_Menu</include>
			<include>transition_Info</include>
					    <top>85</top>
						<left>875</left>
						<width>370</width>
						<height>480</height>
						<align>justify</align>
						<label>$VAR[global_Plot]</label>						
						<include>detail_Text</include>
						<visible>!SubString(ListItem.Icon,default)</visible>
						<visible>Control.IsVisible(57)</visible> 
					</control>
		<control type="panel" id="57">
			<viewtype label="31113">bigicon</viewtype>	
			<left>65</left>
			<top>80</top>
			<width>850</width>
			<height>543</height>
			<onleft>6000</onleft>
			<onright>70</onright>
			<onup>57</onup>
			<ondown>57</ondown>
			<pagecontrol>70</pagecontrol>
			<preloaditems>2</preloaditems>
			<orientation>vertical</orientation>
			<include>global_ListScroll</include>
			<include>transition_Content</include>
			<include>toggle_Menu</include>
			<include>transition_Info</include>
			<visible>Container.Content(movies) | Container.Content(tvshows) | Container.Content(seasons) | Container.Content(sets) | Container.Content(actors)</visible>
			<itemlayout height="270" width="200">
				<include>viewIconPortrait-ContainerCommons</include>
			</itemlayout>											
			<focusedlayout height="270" width="200">
				<control type="image">
				<left>0</left>
			<top>0</top>
			<width>185</width>
			<height>265</height>
					<include>art_Frame-fo</include>
				</control>
				<include>viewIconPortrait-ContainerCommons</include>				
			</focusedlayout>
		</control>		
	</include>
<!--POSTERSMALL -->
	<include name="view_IconPortraitSmall-ContainerCommons">
			<control type="group">
			<left>7</left>
			<top>7</top>
			<control type="image">	
				<width>115</width>
				<height>170</height>
				<texture background="true">thumbs/default_Portrait.png</texture>
				<aspectratio>stretch</aspectratio>
			</control>			
			<control type="image">
				<left>25</left>
				<top>53</top>
				<width>64</width>
				<height>64</height>
				<texture>$INFO[ListItem.ActualIcon]</texture>
				<aspectratio>keep</aspectratio>
				<visible>IsEmpty(ListItem.Thumb)</visible>
			</control>			
			<control type="image">
				<width>115</width>
				<height>170</height>
				<texture background="true">$VAR[thumb_Portrait]</texture>
				<aspectratio>stretch</aspectratio>
			</control>	
			<control type="image">
					<left>0</left>
					<top>140</top>
					<width>32</width>
            <height>32</height>
			<texture background="true" colordiffuse="videoextras_overlay.png">$VAR[VideoextrasOverlay]</texture>
			<visible>Control.IsVisible(571) + System.HasAddon(script.videoextras) + Window.IsVisible(Videos) + Container.Content(Movies) + !Skin.HasSetting(Enable.videoextrasOverlays)</visible>
		<colordiffuse>FFFFFFFF</colordiffuse>	
		</control>
			<control type="group">
				<left>86.5</left>
				<top>142</top>
				<include>status_Info</include>
				<visible>Skin.HasSetting(overlay_statu.disable)</visible>	
			</control>
			<control type="group">
					<left>82</left>
				<top>137</top>
					<width>32</width>
					<height>32</height>
					<visible>Skin.HasSetting(watched.alternative)</visible>
					<control type="image">
						<info>ListItem.Overlay</info>
					</control>
				</control>
			<control type="image">
                <left>-8</left>
                <top>-7</top>
                <width>128</width>
                <height>185</height>
                <include>art_Frame-nf</include>
                </control>				
		</control>
	</include>
	<include name="view_IconPortraitSmall">
	<control type="image">	
	<include>transition_Content</include>
			<include>toggle_Menu</include>
			<include>transition_Info</include>
				<top>235</top>
				<left>17</left>
				<width>1280</width>
				<height>475</height>
               <texture background="true">frames/contentpanel.png</texture>
			   <aspectratio>stretch</aspectratio>			    
			   <visible>Control.IsVisible(571) + Skin.HasSetting(Enable.panelback)</visible> 
			   <visible>!Skin.HasSetting(thumbnailinfo1.enable)</visible>			   
			</control>			
			<control type="image">	
			<include>transition_Content</include>
			<include>toggle_Menu</include>
			<include>transition_Info</include>
				<top>235</top>
				<left>17</left>
				<width>1280</width>
				<height>475</height>
               <texture background="true">frames/contentpanel.png</texture>
			   <aspectratio>stretch</aspectratio>
			   <visible>Control.IsVisible(571) + Skin.HasSetting(Enable.panelback)</visible> 
			   <visible>Skin.HasSetting(thumbnailinfo2.enable)</visible>	
			</control>
			<control type="image">	
		<include>transition_Content</include>
			<include>toggle_Menu</include>
			<include>transition_Info</include>
				<top>140</top>
				<left>17</left>
				<width>1280</width>
				<height>90</height>
               <texture background="true">frames/contentpanel.png</texture>
			    <animation condition="true" effect="Fade" start="90" end="90" time="0">Conditional</animation>					 
				 <aspectratio>stretch</aspectratio>			    
			   <visible>Control.IsVisible(571) | Control.IsVisible(573)</visible> 			  		   
			</control>	
		<control type="panel" id="571">		
			<viewtype label="31113">icon</viewtype>	
			<left>55</left>
			<top>250</top>
			<width>695</width>
			<height>380</height>
			<onleft>6000</onleft>
			<onright>70</onright>
			<onup>571</onup>
			<ondown>571</ondown>
			<pagecontrol>70</pagecontrol>
			<preloaditems>4</preloaditems>
			<orientation>vertical</orientation>
			<include>global_ListScroll</include>
			<include>toggle_Menu</include>
			<include>transition_Content</include>
			<include>transition_Info</include>
			<visible>Container.Content(movies) | Container.Content(tvshows) | Container.Content(seasons) + !SubString(Container.FolderPath,plugin://plugin.video.the.trailers)</visible>
			<itemlayout width="139" height="194">
				<include>view_IconPortraitSmall-ContainerCommons</include>
			</itemlayout>											
			<focusedlayout width="139" height="194">
				<control type="image">
					<width>129</width>
					<height>184</height>
					<include>art_Frame-fo</include>
				</control>
				<include>view_IconPortraitSmall-ContainerCommons</include>
			</focusedlayout>			
		</control>		
	</include>
	<!--POSTERSMALL ALT-->
	<include name="view_IconPortraitSmallAlt-ContainerCommons">
			<control type="group">
			<left>7</left>
			<top>7</top>
			<control type="image">	
				<width>115</width>
				<height>170</height>
				<texture background="true">thumbs/default_Portrait.png</texture>
				<aspectratio>stretch</aspectratio>
			</control>			
			<control type="image">
				<left>25</left>
				<top>53</top>
				<width>64</width>
				<height>64</height>
				<texture>$INFO[ListItem.ActualIcon]</texture>
				<aspectratio>keep</aspectratio>
				<visible>IsEmpty(ListItem.Thumb)</visible>
			</control>			
			<control type="image">
				<width>115</width>
				<height>170</height>
				<texture background="true">$VAR[thumb_Portrait]</texture>
				<aspectratio>stretch</aspectratio>
			</control>	
			<control type="image">
					<left>0</left>
					<top>140</top>
					<width>32</width>
            <height>32</height>
			<texture background="true" colordiffuse="videoextras_overlay.png">$VAR[VideoextrasOverlay]</texture>
			<visible>Control.IsVisible(573) + System.HasAddon(script.videoextras) + Window.IsVisible(Videos) + Container.Content(Movies) + !Skin.HasSetting(Enable.videoextrasOverlays)</visible>
		<colordiffuse>FFFFFFFF</colordiffuse>	
		</control>
			<control type="group">
				<left>86.5</left>
				<top>142</top>
				<include>status_Info</include>
				<visible>Skin.HasSetting(overlay_statu.disable)</visible>	
			</control>
			<control type="group">
					<left>82</left>
				<top>137</top>
					<width>32</width>
					<height>32</height>
					<visible>Skin.HasSetting(watched.alternative)</visible>
					<control type="image">
						<info>ListItem.Overlay</info>
					</control>
				</control>
			<control type="image">
                <left>-8</left>
                <top>-7</top>
                <width>128</width>
                <height>185</height>
                <include>art_Frame-nf</include>
                </control>
		</control>
	</include>
	<include name="view_IconPortraitSmallAlt">
	<control type="image">	
	        <include>toggle_Menu</include>
			<include>transition_Content</include>
			<include>transition_Info</include>
				<top>235</top>
				<left>17</left>
				<width>1280</width>
				<height>475</height>
              <texture background="true">frames/contentpanel.png</texture>  <aspectratio>stretch</aspectratio>
			   <visible>Control.IsVisible(573) + Skin.HasSetting(Enable.panelback)</visible> 
			   <visible>!Skin.HasSetting(thumbnailaltinfo1.enable)</visible>
			</control>
			<control type="image">
			<include>toggle_Menu</include>
			<include>transition_Content</include>
			<include>transition_Info</include>
				<top>235</top>
				<left>17</left>
				<width>1280</width>
				<height>475</height>
                <texture background="true">frames/contentpanel.png</texture>  <aspectratio>stretch</aspectratio>
			   <visible>Control.IsVisible(573) + Skin.HasSetting(Enable.panelback)</visible> 
			   <visible>Skin.HasSetting(thumbnailaltinfo2.enable)</visible>	
			</control>			
		<control type="panel" id="573">
			<viewtype label="31113">icon</viewtype>
			<include>animation_hoverslide</include>
			<left>335</left>
			<top>250</top>
			<width>500</width>
			<height>380</height>
			<onleft>6000</onleft>
			<onright>70</onright>
			<onup>573</onup>
			<ondown>573</ondown>
			<pagecontrol>70</pagecontrol>
			<preloaditems>4</preloaditems>
			<orientation>vertical</orientation>
			<include>global_ListScroll</include>
			<include>toggle_Menu</include>
			<include>transition_Content</include>
			<include>transition_Info</include>
			<visible>Container.Content(movies) | Container.Content(tvshows) | Container.Content(seasons)</visible>
			<itemlayout width="139" height="200">
				<include>view_IconPortraitSmallAlt-ContainerCommons</include>
			</itemlayout>											
			<focusedlayout width="139" height="200">
				<control type="image">
					<width>129</width>
					<height>184</height>
					<include>art_Frame-fo</include>
				</control>					
				<include>view_IconPortraitSmallAlt-ContainerCommons</include>
			</focusedlayout>			
		</control>		
	</include>	
<!--POSTERSMALL Original-->
	<include name="view_IconPortraitSmallOriginal-ContainerCommons">
		<control type="image">
			<width>129</width>
			<height>184</height>
			<include>art_Frame-nf</include>
		</control>
		<control type="group">
			<left>7</left>
			<top>7</top>
			<control type="image">	
				<width>115</width>
				<height>170</height>
				<texture background="true">thumbs/default_Portrait.png</texture>
				<aspectratio>stretch</aspectratio>
			</control>
			<control type="image">
				<left>25</left>
				<top>53</top>
				<width>64</width>
				<height>64</height>
				<texture>$INFO[ListItem.ActualIcon]</texture>
				<aspectratio>keep</aspectratio>
				<visible>IsEmpty(ListItem.Thumb)</visible>
			</control>
			<control type="image">
				<width>115</width>
				<height>170</height>
				<texture background="true">$VAR[thumb_Portrait]</texture>
				<aspectratio>stretch</aspectratio>
			</control>
			<control type="image">
					<left>0</left>
					<top>140</top>
					<width>32</width>
            <height>32</height>
			<texture background="true" colordiffuse="videoextras_overlay.png">$VAR[VideoextrasOverlay]</texture>
			<visible>Control.IsVisible(576) + System.HasAddon(script.videoextras) + Window.IsVisible(Videos) + Container.Content(Movies) + !Skin.HasSetting(Enable.videoextrasOverlays)</visible>
		<colordiffuse>FFFFFFFF</colordiffuse>	
		</control>
			<control type="group">
				<left>86.5</left>
				<top>142</top>
				<include>status_Info</include>
				<visible>Skin.HasSetting(overlay_statu.disable)</visible>	
			</control>
			<control type="group">
					<left>82</left>
				<top>137</top>
					<width>32</width>
					<height>32</height>
					<visible>Skin.HasSetting(watched.alternative)</visible>
					<control type="image">
						<info>ListItem.Overlay</info>
					</control>
				</control>
			<control type="image">
                <left>-8</left>
                <top>-7</top>
                <width>128</width>
                <height>185</height>
                <include>art_Frame-nf</include>
                </control>
		</control>
	</include>
	<include name="view_IconPortraitSmallOriginal">
	<control type="image">	
	<include>transition_Content</include>
			<include>toggle_Menu</include>
			<include>transition_Info</include>
				<top>90</top>
				<left>750</left>
				<width>500</width>
				<height>595</height>
               <texture background="true">frames/contentpanel.png</texture>
			   <animation condition="true" effect="Fade" start="70" end="70" time="0">Conditional</animation>					 
			  <aspectratio>stretch</aspectratio>			    
			   <visible>Control.IsVisible(576)</visible> 			  		   
			</control>	
		<control type="panel" id="576">		
			<viewtype label="31113">icon</viewtype>	
			<include>animation_hoverslide</include>
			<left>55</left>
			<top>100</top>
			<width>695</width>
			<height>582</height>
			<onleft>6000</onleft>
			<onright>70</onright>
			<onup>576</onup>
			<ondown>576</ondown>
			<pagecontrol>70</pagecontrol>
			<preloaditems>4</preloaditems>
			<orientation>vertical</orientation>
			<include>global_ListScroll</include>
			<include>toggle_Menu</include>
			<include>transition_Content</include>
			<include>transition_Info</include>
			<visible>Container.Content(movies) | Container.Content(tvshows) | Container.Content(seasons) | Container.Content(actors)</visible>
			<itemlayout width="139" height="194">
				<include>view_IconPortraitSmallOriginal-ContainerCommons</include>
			</itemlayout>											
			<focusedlayout width="139" height="194">
				<control type="image">
					<width>129</width>
					<height>184</height>
					<include>art_Frame-fo</include>
				</control>
				<include>view_IconPortraitSmallOriginal-ContainerCommons</include>
			</focusedlayout>
		</control>
	</include>
	<include name="detail_ThumbnailsFull">		
		<control type="group">
			<include>transition_Content</include>
			<include>transition_Info</include>
			<include>toggle_Menu</include>
			<!--large grid-->
			<control type="group">
				<visible>Control.IsVisible(578)</visible>
				<!--flags-->
				<control type="image">
					<right>60</right>
					<top>647</top>
					<include>detail_StarRating</include>
					<aspectratio align="right" aligny="top">keep</aspectratio>
					<visible>IntegerGreaterThan(ListItem.Rating,0)</visible>						
				</control>
				<control type="image">
					<right>72</right>
					<top>665</top>
					<width>128</width>
					<height>64</height>
					<texture colordiffuse="Color11">$VAR[flag_Studio]</texture>
					<aspectratio align="right" aligny="center">keep</aspectratio>
					<visible>Content.Container(movies) + SubString(Container.FolderPath,plugin://plugin.video.the.trailers)</visible>
				</control>
				<control type="image">
				   <right>1165</right>
					<top>660</top>
					<width>79</width>
					<height>55</height>
					<aspectratio align="left">keep</aspectratio>
					<texture colordiffuse="Color11">$VAR[flag_Studio]</texture>
					<visible>Control.IsVisible(578)</visible>	
				</control>
				<control type="group">
					<left>135</left>
					<top>660</top>
					<control type="label">
					<top>-10</top>
					<left>45</left>
						<label>$VAR[global_Title]</label>
						<width>895</width>
						<include>detail_Title</include>
						<visible>Control.IsVisible(578)</visible>						
					</control>
					<control type="image">
					<left>0</left>
					<top>29</top>
						<texture colordiffuse="Color2">$VAR[status_List]</texture>
						<include>status_List</include>
						<visible>Control.IsVisible(578)</visible>	
					</control>
					<control type="label">
					<left>50</left>
						<top>28</top>
						<label>$VAR[global_Info]</label>
						<width>700</width>
						<include>detail_Sub</include>
						<visible>!SubString(Container.FolderPath,plugin) + !SubString(ListItem.Icon,default)</visible>
					</control>
					<control type="label">
					<left>50</left>
						<top>28</top>
						<label>$VAR[global_Info.Addon]</label>
						<width>450</width>
						<include>detail_Sub</include>
						<visible>SubString(Container.FolderPath,plugin) + !SubString(ListItem.Icon,default)</visible>
					</control>
				</control>
			</control>
		</control>	
	</include>
	<!--Icon Full (578)-->
	<include name="view_IconPortraitFull-ContainerCommons">		
	</include>
	<include name="view_IconPortraitFull">
	<control type="group">				
			<include>toggle_Menu</include>
			<include>transition_Content</include>
			<include>transition_Info</include>				
		<control type="image">
			<include>screen_Dimensions</include>
			<texture background="true">thumbs/default_Landscape.png</texture>
			<aspectratio align="center">scale</aspectratio>
			<visible>Control.IsVisible(578)</visible>
		</control>
		<control type="image">       
			<include>screen_Dimensions</include>
			<texture background="true">$VAR[global_Fanart]</texture>
			<aspectratio align="center" aligny="top">scale</aspectratio>
			<visible>Control.IsVisible(578)</visible>	
		</control>
		<control type="image">  
		
			<include>screen_Dimensions</include>
			<texture background="true"colordiffuse="50ff111111">overlays\vignetteFullScreen.png</texture>
			<aspectratio align="center" aligny="top">scale</aspectratio>				
		<visible>Control.IsVisible(578)</visible>	
		</control>	
		<control type="image">
		<left>-22</left>
		<top>-20</top>
		<width>1920</width>
			<height>1080</height>
			<texture background="true">frames/contentpanel.png</texture> 
			<colordiffuse>base_2</colordiffuse>
			<aspectratio>stretch</aspectratio>
			<visible>Control.IsVisible(578)</visible>	
		</control>
		<control type="image">
		<top>640</top>
			<width>1920</width>
			<height>100</height>
			<texture background="true">frames/contentpanel.png</texture> 
			 <animation condition="true" effect="Fade" start="70" end="70" time="0">Conditional</animation>					 
			<colordiffuse>base_2</colordiffuse>
			<aspectratio>stretch</aspectratio>
			<visible>Control.IsVisible(578)</visible>	
		</control>
		</control>
		<control type="panel" id="578">		
			<viewtype label="31113">icon</viewtype>	
			<include>animation_hoverslide</include>
			<left>22</left>
			<top>30</top>
			<width>1280</width>
			<height>600</height>
			<onleft>6000</onleft>
			<onright>70</onright>
			<onup>578</onup>
			<ondown>578</ondown>
			<pagecontrol>70</pagecontrol>
			<preloaditems>4</preloaditems>
			<orientation>vertical</orientation>
			<include>global_ListScroll</include>
			<include>toggle_Menu</include>
			<include>transition_Content</include>
			<include>transition_Info</include>
			<visible>Container.Content(movies) | Container.Content(tvshows) | Container.Content(seasons) | Container.Content(sets)</visible>
			<itemlayout height="200" width="138">								
				<control type="image">					
					<width>130</width>
					<height>188</height>					
					<texture background="true">$INFO[ListItem.Icon]</texture>
					<aspectratio align="center" aligny="center">stretch</aspectratio>
				</control>	
				<control type="image">
					<left>95</left>
					<top>25</top>
					<width>25</width>
            <height>25</height>
			<texture background="true" colordiffuse="videoextras_overlay.png">$VAR[VideoextrasOverlay]</texture>
			<visible>Control.IsVisible(578) + System.HasAddon(script.videoextras) + Window.IsVisible(Videos) + Container.Content(Movies) + !Skin.HasSetting(Enable.videoextrasOverlays)</visible>
		<colordiffuse>FFFFFFFF</colordiffuse>	
		</control>
			</itemlayout>	
			<focusedlayout height="200" width="138">				
				<control type="image">
					<animation type="Focus">			
						<effect type="zoom"  start="100" end="119" center="85,125" time="100"/>						
					</animation>
					<animation type="UnFocus">			
						<effect type="zoom"  start="119" end="100" center="85,125" time="100"/>						
					</animation>
					<width>130</width>
					<height>188</height>					
					<texture background="true">$INFO[ListItem.Icon]</texture>
					<aspectratio align="center" aligny="center">stretch</aspectratio>
					</control>	
				<control type="image">		
					<animation type="Focus">			
						<effect type="zoom"  start="100" end="119" center="85,125" time="100"/>
						<effect type="fade"  start="0" end="100"  time="150"/>
					</animation>
					<animation type="UnFocus">			
						<effect type="zoom"  start="119" end="100" center="85,125" time="100"/>
						<effect type="fade"  start="100" end="0" time="0"/>
					</animation>					
					<width>130</width>
					<height>188</height>					
					<aspectratio align="center" aligny="center">stretch</aspectratio>
				</control>
				<control type="image">
					<left>95</left>
					<top>160</top>
					<width>32</width>
            <height>32</height>
			<texture background="true" colordiffuse="videoextras_overlay.png">$VAR[VideoextrasOverlay]</texture>
			<visible>Control.IsVisible(578) + System.HasAddon(script.videoextras) + Window.IsVisible(Videos) + Container.Content(Movies) + !Skin.HasSetting(Enable.videoextrasOverlays)</visible>
		<colordiffuse>FFFFFFFF</colordiffuse>	
		</control>
			</focusedlayout>
		</control>
	</include>
	<include name="view_MovieSet">
			<control type="image">
			<include>toggle_Menu</include>
			<include>transition_Content</include>
			<include>transition_Info</include>	
				<top>117</top>
				<left>-0</left>
				<width>1290</width>
				<height>720</height>
              <texture background="true">frames/contentpanel.png</texture>
			   <colordiffuse>accent_5</colordiffuse>
			   <aspectratio>stretch</aspectratio>
			   <visible>Control.IsVisible(579)</visible> 			   
			</control>
			<control type="image">
			<include>toggle_Menu</include>
			<include>transition_Content</include>
			<include>transition_Info</include>	
				<top>123</top>
				<left>390</left>
				<width>900</width>
				<height>345</height>
               <texture background="true">frames/frame-fo.png</texture>
			   <colordiffuse>accent_2</colordiffuse>
			   <aspectratio>stretch</aspectratio>
			   <visible>Control.IsVisible(579)</visible> 			   
			</control>
			<control type="image">
					<left>400</left>
					<top>430</top>
					<width>30</width>
            <height>30</height>
			<texture background="true" colordiffuse="videoextras_overlay.png">$VAR[VideoextrasOverlay]</texture>
			<visible>Control.IsVisible(579) + System.HasAddon(script.videoextras) + Window.IsVisible(Videos) + Container.Content(Movies) + !Skin.HasSetting(Enable.videoextrasOverlays)</visible>
		<colordiffuse>FFFFFFFF</colordiffuse>	
		</control>
		<control type="panel" id="579">
			<viewtype label="Movies Sets">icon</viewtype>
			<include>animation_hoverslide</include>
			<left>20</left>
			<top>231</top>
			<width>420</width>
			<height>249</height>
			<onleft>6000</onleft>
			<onright>70</onright>
			<onup>579</onup>
			<ondown>579</ondown>
			<pagecontrol>70</pagecontrol>
			<preloaditems>2</preloaditems>
			<orientation>vertical</orientation>
			<include>global_ListScroll</include>
			<include>toggle_Menu</include>
			<include>transition_Content</include>
			<include>transition_Info</include>>			
			<visible>Container.Content(movies) | Container.Content(sets)</visible>			
			<itemlayout condition="IsEmpty(Container.FolderPath)" width="420" height="40">
				<control type="label">
					<left>15</left>
					<width>350</width>
					<label>$INFO[ListItem.Label]</label>
					<include>container_Single</include>
				</control>				
			</itemlayout>
			<focusedlayout condition="IsEmpty(Container.FolderPath)" width="420" height="40">
				<control type="group">
					<visible>![ControlGroup(6000).HasFocus | ControlGroup(4000).HasFocus]</visible>
					<control type="image">
						<width>370</width>
						<height>38</height>
						<texture>frames/frame-fo.png</texture>
					</control>
					<control type="label">
						<left>15</left>
						<width>350</width>
						<label>$INFO[ListItem.Label]</label>
						<include>container_Single-focus</include>
					</control>
				</control>
				<control type="label">
					<left>15</left>
					<width>350</width>
					<label>$INFO[ListItem.Label]</label>
					<include>container_Single</include>
					<visible>[ControlGroup(6000).HasFocus | ControlGroup(4000).HasFocus]</visible>
				</control>
			</focusedlayout>
			<itemlayout condition="Container.Content(movies) | Container.Content(sets)" width="420" height="40">
				<control type="label">
					<left>15</left>
					<top>6</top>
					<width>350</width>
					<height>27</height>
					<label>$VAR[global_Title]</label>
					<textcolor>ffffffff</textcolor>
					<include>container_Title</include>					
				</control>				
			</itemlayout>
			<focusedlayout condition="Container.Content(movies) | Container.Content(sets)" width="420" height="40">
				<control type="group">
					<visible>![ControlGroup(6000).HasFocus | ControlGroup(4000).HasFocus]</visible>
					<control type="image">
						<width>370</width>
						<height>38</height>
						<texture>frames/frame-fo.png</texture>
					</control>
					<control type="label">
						<left>15</left>
						<top>6</top>
						<width>350</width>
						<aligny>center</aligny>
						<height>27</height>
						<label>$VAR[global_Title]</label>
						<include>container_Title-focus</include>
					</control>
				</control>
				<control type="group">
					<visible>[ControlGroup(6000).HasFocus | ControlGroup(4000).HasFocus]</visible>
					<control type="label">
						<left>15</left>
						<top>6</top>
						<width>350</width>
						<height>30</height>
						<label>$VAR[global_Title]</label>
						<include>container_Title</include>
					</control>					
				</control>
			</focusedlayout>			
		</control>		
	</include>	
	<!--MovieSet-->
<include name="detail_MovieSet">		
		<control type="group">
			<include>transition_Content</include>
			<include>transition_Info</include>
			<include>toggle_Menu</include>			
			<!--Movies Set-->
			<control type="group">				
					<control type="group">
					<top>-60</top>							
					<control type="image">
					    <left>390</left>
					    <top>105</top>
						<width>100</width>
						<height>34</height>
						<include>detail_StarRating</include>
						<aspectratio align="right" aligny="center">keep</aspectratio>
					</control>	
					<control type="label">
						<top>110</top>
						<left>-315</left>
						<width>700</width>
						<label>$VAR[global_Info]</label>
						<include>detail_Sub</include>
						<selectedcolor>color1</selectedcolor>
					</control>						
					</control>					
					<control type="group">
					<control type="textbox" id="4">
					    <top>80</top>
						<left>-315</left>
						<width>750</width>
						<height>275</height>
						<align>justify</align>
						<label>$VAR[global_Plot]</label>
						<include>detail_Text</include>
						<visible>!SubString(ListItem.Icon,default)</visible>
					</control>
					<control type="image">
					<top>55</top>
						<left>-360</left>
						<texture colordiffuse="Color3">$VAR[status_List]</texture>
						<include>status_List</include>
					</control>
				<control type="image">
				    <top>560</top>
				    <left>-55</left>
					<bottom>40</bottom>
					<width>140</width>
					<height>60</height>
					<aspectratio align="left">keep</aspectratio>
					<texture colordiffuse="Color11">$VAR[flag_Studio]</texture>
				</control>
				<control type="image">
				<top>572</top>
			        <left>-10</left>
				<width>80</width>
				<height>40</height>
				<aspectratio align="right">keep</aspectratio>
				<texture>$VAR[flag_VideoType-fo]</texture>
			</control>
				<control type="image">
			    <top>575</top>
				<left>85</left>
				<width>96</width>
				<height>34</height>
				<aspectratio align="center">keep</aspectratio>
				<texture>$INFO[Listitem.VideoResolution,flags/video/resolution/,.png]</texture>
				<visible>!IsEmpty(Listitem.VideoResolution)</visible>
			</control>
			<control type="image">
				<top>575</top>
				<left>175</left>
				<width>96</width>
				<height>34</height>
				<aspectratio align="center">keep</aspectratio>
				<texture>$INFO[Listitem.AudioChannels,flags/audio/,.png]</texture>
				<visible>!IsEmpty(Listitem.AudioChannels)</visible>
			 </control>
			 <control type="image">
			        <top>568</top>
			        <left>270</left>
					<width>96</width>
					<height>50</height>
					<texture>$INFO[Listitem.VideoCodec,flags/codec/,.png]</texture>
					<aspectratio align="center">keep</aspectratio>
					<visible>[Container.Content(movies) | Container.Content(episodes) | Container.Content(musicvideos)] + !IsEmpty(Listitem.VideoCodec)</visible>
				</control>
				<control type="image">
				    <top>562</top>
			        <left>390</left>
					<width>96</width>
					<height>64</height>
					<texture>$INFO[Listitem.AudioCodec,flags/codec/,.png]</texture>
					<aspectratio align="center">keep</aspectratio>
					<visible>[Container.Content(movies) | Container.Content(episodes) | Container.Content(musicvideos)] + !IsEmpty(Listitem.AudioCodec)</visible>
				</control>
				<control type="image">
					<left>-730</left>
					<top>390</top>
					<width>110</width>
					<height>110</height>
					<texture>$VAR[Icon_Discart]</texture>					
					<visible>Control.IsVisible(579) + Skin.HasSetting(MoviesSets1Discart.movies.enable)</visible>					
			</control>
			<control type="image">
			    <left>-670</left>
			    <top>40</top>
			   <width>200</width>
			       <height>90</height>
			        <include>art_ClearLogo</include>	
				    <aspectratio>keep</aspectratio>	
					<visible>Container.Content(movies)</visible>		
		           </control>	
				   <control type="image">
			    <left>-670</left>
			    <top>40</top>
			   <width>200</width>
			       <height>90</height>
			      <texture background="true">$VAR[logo_clearart]</texture>
				    <aspectratio>keep</aspectratio>	
					<visible>Container.Content(sets)</visible>		
		           </control>	
			 <control type="group">
			 <control type="image">
			 <left>-379</left>
				<top>390</top>				
				<width>280</width>
				<height>158</height>
				<texture background="true">$VAR[view_Extra.Thumb]</texture>
				<aspectratio>stretch</aspectratio>
				</control>
				 <control type="image">
			 <left>-89</left>
				<top>390</top>				
				<width>280</width>
				<height>158</height>
				<texture background="true">$VAR[view_Extra.Thumb2]</texture>
				<aspectratio>stretch</aspectratio>
				</control>
				 <control type="image">
			 <left>201.5</left>
				<top>390</top>				
				<width>280</width>
				<height>158</height>
				<texture background="true">$VAR[view_Extra.Thumb3]</texture>
				<aspectratio>stretch</aspectratio>
				</control>
				<visible>Skin.HasSetting(MoviesSetsExtraThumbs.movies.enable)</visible>
				</control>				
			</control>	
				<left>770</left>
				<top>93</top>								
				<visible>Control.IsVisible(579) + [Container.Content(movies) | Container.Content(sets)]</visible>
				<!-- Movie Set Discart-->
				<control type="group">
				<left>-748</left>
				<top>390</top>
				<orientation>horizontal</orientation>					
					<control type="image">	
					<left>150</left>
						<width>115</width>
						<height>115</height>
						<aspectratio>stretch</aspectratio>
						<texture background="true">$INFO[Window(home).Property(Set.Movie.1.Art(discart))]</texture>
					</control>
					<control type="image">
					<left>288</left>
						<width>110</width>
						<height>110</height>
						<aspectratio>stretch</aspectratio>
						<texture background="true">$INFO[Window(home).Property(Set.Movie.2.Art(discart))]</texture>
					</control>
					<control type="image">
					<left>423</left>
						<width>110</width>
						<height>110</height>
						<aspectratio>stretch</aspectratio>
						<texture background="true">$INFO[Window(home).Property(Set.Movie.3.Art(discart))]</texture>
					</control>
					<control type="image">
					<left>558</left>				
						<width>110</width>
						<height>110</height>
						<aspectratio>stretch</aspectratio>
						<texture background="true">$INFO[Window(home).Property(Set.Movie.4.Art(discart))]</texture>
					</control>
					<control type="image">
					<left>696</left>
						<width>110</width>
						<height>110</height>
						<aspectratio>stretch</aspectratio>
						<texture background="true">$INFO[Window(home).Property(Set.Movie.5.Art(discart))]</texture>
					</control>
					<control type="image">
					<left>828</left>
						<width>110</width>
						<height>110</height>
						<aspectratio>stretch</aspectratio>
						<texture background="true">$INFO[Window(home).Property(Set.Movie.6.Art(discart))]</texture>
					</control>
				<control type="image">					
				<left>974</left>
						<width>110</width>
						<height>110</height>
						<aspectratio>stretch</aspectratio>
						<texture background="true">$INFO[Window(home).Property(Set.Movie.7.Art(discart))]</texture>
					</control>					
				<control type="image">
				<left>1108</left>
						<width>110</width>
						<height>110</height>
						<aspectratio>stretch</aspectratio>
						<texture background="true">$INFO[Window(home).Property(Set.Movie.8.Art(discart))]</texture>
					</control>
					<visible>Control.IsVisible(579) + [Container.Content(movies) | Container.Content(sets)] + Skin.HasSetting(MoviesSets1Discart.movies.enable)</visible>
				</control>
				<!-- Movie Set Posters-->
				<control type="grouplist" id="1000">
				<left>-735</left>
				<top>460</top>
				<orientation>horizontal</orientation>				
					<itemgap>20</itemgap>
					<control type="image">					
					<width>116</width>
					<height>160</height>					
					<texture background="true">$INFO[ListItem.Icon]</texture>
					<aspectratio align="center" aligny="center">stretch</aspectratio>
				</control>				
					<control type="image">						
						<width>116</width>
						<height>160</height>
						<aspectratio>stretch</aspectratio>
						<texture background="true">$INFO[Window(home).Property(Set.Movie.1.Art(poster))]</texture>
					</control>
				<control type="image">						
						<width>116</width>
						<height>160</height>
						<aspectratio>stretch</aspectratio>
						<texture background="true">$INFO[Window(home).Property(Set.Movie.2.Art(poster))]</texture>
					</control>	
				<control type="image">						
						<width>116</width>
						<height>160</height>
						<aspectratio>stretch</aspectratio>
						<texture background="true">$INFO[Window(home).Property(Set.Movie.3.Art(poster))]</texture>
					</control>
				<control type="image">						
						<width>116</width>
						<height>160</height>
						<aspectratio>stretch</aspectratio>
						<texture background="true">$INFO[Window(home).Property(Set.Movie.4.Art(poster))]</texture>
					</control>
				<control type="image">						
						<width>116</width>
						<height>160</height>
						<aspectratio>stretch</aspectratio>
						<texture background="true">$INFO[Window(home).Property(Set.Movie.5.Art(poster))]</texture>
					</control>
				<control type="image">						
						<width>116</width>
						<height>160</height>
						<aspectratio>stretch</aspectratio>
						<texture background="true">$INFO[Window(home).Property(Set.Movie.6.Art(poster))]</texture>
					</control>
				<control type="image">						
						<width>116</width>
						<height>160</height>
						<aspectratio>stretch</aspectratio>
						<texture background="true">$INFO[Window(home).Property(Set.Movie.7.Art(poster))]</texture>
					</control>
					<control type="image">						
						<width>116</width>
						<height>160</height>
						<aspectratio>stretch</aspectratio>
						<texture background="true">$INFO[Window(home).Property(Set.Movie.8.Art(poster))]</texture>
					</control>
				<visible>Control.IsVisible(579) + [Container.Content(movies) | Container.Content(sets)] + Skin.HasSetting(MoviesSets1Poster.movies.enable)</visible>
				</control>				
			 </control>				 
				<!--FIN Movies Set-->					
		</control>
	</include>
	<!--Movies Set-->	
	<include name="view_MovieSet2-ContainerCommons">	
		<control type="group">			
		    <left>7</left>
			<top>7</top>			
				<control type="image">		
					<width>445</width>
			<height>259</height>
					<texture background="true">thumbs/default_Landscape.png</texture>
					<aspectratio>stretch</aspectratio>
				</control>			
			<control type="image">
				<width>445</width>
			<height>259</height>
				<texture background="true">$VAR[thumb_Landscape]</texture>
				<aspectratio align="center" aligny="center">scale</aspectratio>
			</control>			
			<control type="image">					
					<width>32</width>
            <height>32</height>
			<texture background="true" colordiffuse="videoextras_overlay.png">$VAR[VideoextrasOverlay]</texture>
			<visible>Control.IsVisible(542) + System.HasAddon(script.videoextras) + Window.IsVisible(Videos) + Container.Content(Movies) + !Skin.HasSetting(Enable.videoextrasOverlays)</visible>
		<colordiffuse>FFFFFFFF</colordiffuse>	
		</control>
			<control type="group">
				<left>418</left>
				<top>230</top>
				<include>status_Info</include>
				<visible>Skin.HasSetting(overlay_statu.disable)</visible>
			</control>
		<control type="group">
					<left>412</left>
				<top>227</top>
					<width>32</width>
					<height>32</height>
					<visible>Skin.HasSetting(watched.alternative)</visible>
					<control type="image">
						<info>ListItem.Overlay</info>
					</control>
				</control>	
			<control type="image">
					<left>100</left>
					<top>160</top>
					<width>250</width>
					<height>90</height>
					<include>art_ClearLogo</include>					
				</control>
		</control>
	</include>
	<include name="view_MovieSet2">
	<control type="image">
			<include>toggle_Menu</include>
			<include>transition_Content</include>
			<include>transition_Info</include>	
				<top>85</top>
				<left>500</left>
				<width>780</width>
				<height>700</height>
              <texture background="true">frames/contentpanel.png</texture>
			   <colordiffuse>accent_5</colordiffuse>
			   <aspectratio>stretch</aspectratio>
			   <visible>Control.IsVisible(542)</visible> 			   
			</control>
	<control type="group">
	<control type="image">
				<top>260</top>
				<left>0</left>
				<width>1280</width>
				<height>500</height>
			<texture border="5" colordiffuse="ff000000">coverflow/coverflow_frame.png</texture>
			<aspectratio>stretch</aspectratio>
			<visible>Control.IsVisible(542)</visible>
			</control>
	<control type="image">
				<top>340</top>				
				<width>1280</width>
				<height>500</height>
			<texture border="5" colordiffuse="cc151f27">coverflow/coverflow_frame.png</texture>
			<aspectratio>stretch</aspectratio>
			<visible>Control.IsVisible(542) + Container.Content(sets)</visible>
			</control>	
			<visible>Skin.HasSetting(MoviesSets2OverlaysBackground.movies.enable)</visible>
	</control>		
		<control type="panel" id="542">		
			<viewtype label="Movies Sets">wide</viewtype> 	
			<centerleft>25%</centerleft>
			<top>98</top>
			<width>572</width>
			<height>565</height>
			<onleft>6000</onleft>
			<onright>70</onright>
			<onup>542</onup>
			<ondown>542</ondown>			
			<pagecontrol>70</pagecontrol>
			<preloaditems>2</preloaditems>
			<orientation>vertical</orientation>
			<include>global_Scrolltime</include>
			<include>transition_Content</include>
			<include>transition_Info</include>
			<include>toggle_Menu</include>
			<visible>Container.Content(sets) | Container.Content(movies)</visible>
			<itemlayout width="445" height="285">
				<include>view_MovieSet2-ContainerCommons</include>
			</itemlayout>
			<focusedlayout width="445" height="285">	
			<control type="image">
					<width>460</width>
					<height>275</height>
					<include>art_Frame-fo</include>
				</control>
				<include>view_MovieSet2-ContainerCommons</include>				
			</focusedlayout>
		</control>
		<!--container info-->			
		<control type="group">
			<control type="image">
				<left>-115</left>
				<top>415</top>
				<width>115</width>
				<height>115</height>
				<texture background="true">$VAR[Icon_Discart]</texture>		
				<animation type="WindowOpen">
				<effect type="fade" start="0" end="150" time="500" delay="800" tween="sine" easing="out"/>
				<effect type="slide" start="25,0" end="-25,0" time="980" delay="750" tween="sine" easing="out"/>
				</animation>
				<animation type="Windowclose">
				<effect type="fade" start="150" end="0" time="400" delay="200" tween="sine" easing="out"/>
				<effect type="slide" start="-25,0" end="25,0" time="780" delay="0" tween="sine" easing="out"/>
				</animation>
				<visible>Skin.HasSetting(MoviesSets2DiscartSupp.movies.enable)</visible>
				<visible>Control.IsVisible(542) + !Container.Content(sets)</visible>
		</control> 
		<control type="image">
			      <left>-65</left>
				<bottom>75</bottom>
			     	<width>116</width>
						<height>160</height>
				    <texture background="true">$VAR[thumb_Portrait]</texture>				
				    <aspectratio align="center" aligny="top">stretch</aspectratio>
				    <animation effect="zoom" start="100" end="173" time="200" center="352,205" tween="Cubic" condition="Control.HasFocus(8000) + !IsEmpty(ListItem.Title)">Conditional</animation>
				    <visible>Control.IsVisible(542) + Skin.HasSetting(MoviesSets2Poster.movies.enable) + !Container.Content(sets)</visible>
			   </control>
			   <control type="image">
			<left>58</left>
				<bottom>75</bottom>			
				<width>275</width>
					<height>160</height>
				<texture background="true">$VAR[view_Extra.Thumb2]</texture>
				<aspectratio>stretch</aspectratio>
				 <visible>Control.IsVisible(542) + Skin.HasSetting(MoviesSets2Poster.movies.enable) + !Container.Content(sets)</visible>
				</control>
				 <control type="image">
			<left>340</left>
				<bottom>75</bottom>			
				<width>275</width>
					<height>160</height>
				<texture background="true">$VAR[view_Extra.Thumb3]</texture>
				 <visible>Control.IsVisible(542) + Skin.HasSetting(MoviesSets2Poster.movies.enable) + !Container.Content(sets)</visible>
				<aspectratio>stretch</aspectratio>
				</control>
				<control type="label" id="1">
				    <left>-120</left>
					<top>0</top>
					<width>532</width>
					<label>$VAR[global_Title]</label>
					<include>detail_Title</include>
				</control>						
						<control type="label">
						<top>27</top>
						<left>-120</left>
							<width>600</width>
							<label>$VAR[global_Info]</label>
							<include>detail_Sub</include>
							<visible>![Container.Content(addons) | Container.Content(programs)]</visible>
						</control>
						<control type="label">
						<top>27</top>
						<left>-600</left>
							<width>600</width>
							<label>$LOCALIZE[19114] $INFO[ListItem.Property(Addon.Version),, • ]$LOCALIZE[31144] $INFO[ListItem.Property(Addon.Creator)]</label>
							<include>detail_Sub</include>
							<visible>[Container.Content(addons) | Container.Content(programs)]</visible>
						</control>
				<control type="image">
				    <left>500</left>
					<top>27</top>
					<width>90</width>
					<height>25</height>
					<include>detail_StarRating</include>
					<aspectratio align="left" aligny="center">keep</aspectratio>
				</control>	
				<control type="group">
				<left>150</left>
						<top>160</top>						
						<control type="textbox">
						<left>-280</left>
							<top>-95</top>
							<width>720</width>
							<align>justify</align>
							<height max="300">auto</height>
							<label>$VAR[global_Plot]</label>
							<include>detail_Text</include>
						</control>				
				</control>
			<left>645</left>
			<top>90</top>
			<include>toggle_Menu</include>
			<include>transition_Content</include>
			<include>transition_Info</include>
			<visible>Control.IsVisible(542) + [Container.Content(sets) | [Container.Content(movies)]]</visible>
			<control type="grouplist" id="100">
				<left>-70</left>
				<bottom>7</bottom>
				<width>900</width>
				<height>64</height>
				<itemgap>45</itemgap>
				<orientation>horizontal</orientation>				
				<control type="image">
					<width>96</width>
					<height>64</height>
					<texture>$INFO[ListItem.VideoResolution,flags/video/resolution/,.png]</texture>
					<aspectratio align="center">keep</aspectratio>
					<visible>[Container.Content(movies) | Container.Content(episodes) | Container.Content(musicvideos)] + !IsEmpty(Listitem.VideoResolution)</visible>
				</control>
				<control type="image">
					<width>96</width>
					<height>64</height>
					<texture>$INFO[Listitem.VideoCodec,flags/codec/,.png]</texture>
					<aspectratio align="center">keep</aspectratio>
					<visible>[Container.Content(movies) | Container.Content(episodes) | Container.Content(musicvideos)] + !IsEmpty(Listitem.VideoCodec)</visible>
				</control>
				<control type="image">
					<width>96</width>
					<height>64</height>
					<texture>$INFO[Listitem.AudioCodec,flags/codec/,.png]</texture>
					<aspectratio align="center">keep</aspectratio>
					<visible>[Container.Content(movies) | Container.Content(episodes) | Container.Content(musicvideos)] + !IsEmpty(Listitem.AudioCodec)</visible>
				</control>
				<control type="image">
					<width>96</width>
					<height>64</height>
					<texture>$INFO[Listitem.VideoAspect,flags/video/aspectratio/,.png]</texture>
					<aspectratio align="center">keep</aspectratio>
					<visible>[Container.Content(movies) | Container.Content(episodes) | Container.Content(musicvideos)] + !IsEmpty(Listitem.VideoAspect)</visible>
				</control>
				<control type="image">
					<width>96</width>
					<height>64</height>
					<texture>$VAR[flag_Studio]</texture>
					<aspectratio align="center">keep</aspectratio>
					<visible>Container.Content(movies) | Container.Content(tvshows) | Container.Content(episodes) | Container.Content(musicvideos)</visible>
				</control>
			<visible>!Container.Content(sets)</visible>	
			</control>	
			<control type="grouplist" id="100">
				<left>-20%</left>
				<top>410</top>
				<itemgap>-50</itemgap>
				<orientation>horizontal</orientation>					
					<control type="image">						
						<width>115</width>
						<height>115</height>
						<aspectratio>stretch</aspectratio>
						<texture background="true">$INFO[Window(home).Property(Set.Movie.1.Art(discart))]</texture>
					</control>
					<control type="image">					
						<width>110</width>
						<height>110</height>
						<aspectratio>stretch</aspectratio>
						<texture background="true">$INFO[Window(home).Property(Set.Movie.2.Art(discart))]</texture>
					</control>
					<control type="image">					
						<width>110</width>
						<height>110</height>
						<aspectratio>stretch</aspectratio>
						<texture background="true">$INFO[Window(home).Property(Set.Movie.3.Art(discart))]</texture>
					</control>
					<control type="image">								
						<width>110</width>
						<height>110</height>
						<aspectratio>stretch</aspectratio>
						<texture background="true">$INFO[Window(home).Property(Set.Movie.4.Art(discart))]</texture>
					</control>
					<control type="image">					
						<width>110</width>
						<height>110</height>
						<aspectratio>stretch</aspectratio>
						<texture background="true">$INFO[Window(home).Property(Set.Movie.5.Art(discart))]</texture>
					</control>
					<control type="image">					
						<width>110</width>
						<height>110</height>
						<aspectratio>stretch</aspectratio>
						<texture background="true">$INFO[Window(home).Property(Set.Movie.6.Art(discart))]</texture>
					</control>
				<control type="image">				
						<width>110</width>
						<height>110</height>
						<aspectratio>stretch</aspectratio>
						<texture background="true">$INFO[Window(home).Property(Set.Movie.7.Art(discart))]</texture>
					</control>					
				<control type="image">				
						<width>110</width>
						<height>110</height>
						<aspectratio>stretch</aspectratio>
						<texture background="true">$INFO[Window(home).Property(Set.Movie.8.Art(discart))]</texture>
					</control>
					<visible>Control.IsVisible(542) + Skin.HasSetting(MoviesSets2Discart.movies.enable) + [Container.Content(movies) | Container.Content(sets)]</visible>
				</control>
				<control type="grouplist" id="100">
				<left>-20%</left>
				<top>530</top>
				<itemgap>-50</itemgap>
				<orientation>horizontal</orientation>				
					<control type="image">					
						<width>115</width>
						<height>115</height>
						<aspectratio>stretch</aspectratio>
						<texture background="true" flipy="true">$INFO[Window(home).Property(Set.Movie.1.Art(discart))]</texture>
					 <colordiffuse>ff666666</colordiffuse>	
					</control>					
					<control type="image">					
						<width>110</width>
						<height>110</height>
						<aspectratio>stretch</aspectratio>
						<texture background="true"flipy="true">$INFO[Window(home).Property(Set.Movie.2.Art(discart))]</texture>
					 <colordiffuse>ff666666</colordiffuse>	
					</control>
					<control type="image">					
						<width>110</width>
						<height>110</height>
						<aspectratio>stretch</aspectratio>
						<texture background="true"flipy="true">$INFO[Window(home).Property(Set.Movie.3.Art(discart))]</texture>
					 <colordiffuse>ff666666</colordiffuse>	
					</control>
					<control type="image">								
						<width>110</width>
						<height>110</height>
						<aspectratio>stretch</aspectratio>
						<texture background="true"flipy="true">$INFO[Window(home).Property(Set.Movie.4.Art(discart))]</texture>
					 <colordiffuse>ff666666</colordiffuse>	
					</control>
					<control type="image">					
						<width>110</width>
						<height>110</height>
						<aspectratio>stretch</aspectratio>
						<texture background="true"flipy="true">$INFO[Window(home).Property(Set.Movie.5.Art(discart))]</texture>
					 <colordiffuse>ff666666</colordiffuse>	
					</control>
					<control type="image">					
						<width>110</width>
						<height>110</height>
						<aspectratio>stretch</aspectratio>
						<texture background="true"flipy="true">$INFO[Window(home).Property(Set.Movie.6.Art(discart))]</texture>
					 <colordiffuse>ff666666</colordiffuse>	
					</control>
				<control type="image">				
						<width>110</width>
						<height>110</height>
						<aspectratio>stretch</aspectratio>
						<texture background="true"flipy="true">$INFO[Window(home).Property(Set.Movie.7.Art(discart))]</texture>
					 <colordiffuse>ff666666</colordiffuse>	
					</control>					
				<control type="image">				
						<width>110</width>
						<height>110</height>
						<aspectratio>stretch</aspectratio>
						<texture background="true"flipy="true">$INFO[Window(home).Property(Set.Movie.8.Art(discart))]</texture>
					 <colordiffuse>ff666666</colordiffuse>	
					</control>
					<visible>Control.IsVisible(542) + Skin.HasSetting(MoviesSets2Discart.movies.enable) + [Container.Content(movies) | Container.Content(sets)] + Skin.HasSetting(MoviesSetsDiscartreflect.movies.enable)</visible>
				</control>				
		</control>
	</include>
	<!--SQUARE-->
	<include name="view_IconSquare-ContainerCommons">
		<control type="image">
			<width>178</width>
			<height>178</height>
			<include>art_Frame-nf</include>
		</control>
		<control type="group">
			<left>7</left>
			<top>7</top>
			<control type="image">	
				<width>164</width>
				<height>164</height>
				<texture background="true">thumbs/default_Square.png</texture>
				<aspectratio>stretch</aspectratio>
			</control>
			<control type="image">
				<left>34</left>
				<top>34</top>
				<width>96</width>
				<height>96</height>
				<include>art_DefaultIcon</include>
				<visible>StringCompare(Container.FolderName,$LOCALIZE[24032])</visible>
			</control>
			<control type="image">
				<left>34</left>
				<top>34</top>
				<width>96</width>
				<height>96</height>
				<include>art_DefaultIcon</include>
				<visible>!StringCompare(Container.FolderName,$LOCALIZE[24032])</visible>
			</control>
			<control type="image">
				<width>164</width>
				<height>164</height>
				<texture background="true">$VAR[thumb_Square]</texture>
				<aspectratio>scale</aspectratio>
			</control>
		</control>
	</include>
	<include name="view_IconSquare">
		<control type="group">
			<left>87</left>
			<top>652</top>
			<include>toggle_Menu</include>
			<include>transition_Content</include>
			<include>transition_Info</include>
			<visible>Control.IsVisible(572)</visible>
			<control type="label">
				<label>$VAR[global_Title]</label>
				<width>1000</width>
				<include>detail_Title</include>
			</control>
			<control type="label">
				<top>25</top>
				<label>$VAR[global_Info]</label>
				<width>1100</width>
				<include>detail_Sub</include>
			</control>
			<control type="label">
				<left>1085</left>
				<top>25</top>
				<width>300</width>
				<label>$INFO[ListItem.Duration]</label>
				<align>right</align>
				<include>detail_Sub</include>
			</control>
			<control type="image">
				<top>4</top>
				<right>87</right>
				<width>128</width>
				<height>22</height>
				<aspectratio align="right" aligny="top">keep</aspectratio>
				<include>detail_StarRating</include>
			</control>
		</control>
		<control type="panel" id="572">
			<viewtype label="31113">icons</viewtype>
			<left>80</left>
			<top>90</top>
			<width>1128</width>
			<height>564</height>
			<onleft>6000</onleft>
			<onright>70</onright>
			<onup>572</onup>
			<ondown>572</ondown>
			<pagecontrol>70</pagecontrol>
			<preloaditems>2</preloaditems>
			<include>global_ListScroll</include>
			<include>transition_Content</include>
			<include>transition_Info</include>
			<include>toggle_Menu</include>
			<visible>Container.Content(albums) | Container.Content(artists) | Container.Content(songs) | SubString(Container.FolderPath,addons://sources/) | SubString(Container.FolderPath,plugin://) | Window.IsActive(pictures) | [Container.Content(files) + !Container.HasFiles] | Container.Content(addons) + !IsEmpty(Container.FolderPath) + ![StringCompare(Container.FolderPath,addons://disabled/) | StringCompare(Container.FolderPath,addons://enabled/) | StringCompare(Container.FolderPath,addons://repos/)]</visible>
			<itemlayout width="188" height="188">
				<include>view_IconSquare-ContainerCommons</include>
			</itemlayout>											
			<focusedlayout height="188" width="188">
				<control type="image">
					<width>178</width>
					<height>178</height>
					<include>art_Frame-fo</include>
				</control>
				<include>view_IconSquare-ContainerCommons</include>
			</focusedlayout>
		</control>
	</include>
<!--SQUARE SMALL-->
	<include name="view_IconSquareSmall">
		<control type="image">	
		<include>transition_Content</include>
			<include>toggle_Menu</include>
			<include>transition_Info</include>
				<top>105</top>
				<left>770</left>
				<width>495</width>
				<height>615</height>
               <texture background="true">frames/contentpanel.png</texture>
			    <animation condition="true" effect="Fade" start="70" end="70" time="0">Conditional</animation>					 
				 <aspectratio>stretch</aspectratio>			    
			      <visible>Control.IsVisible(574) + !Container.Content(songs) + !Container.Content(addons)</visible> 			  		   
				</control>
			<control type="image">	
		<include>transition_Content</include>
			<include>toggle_Menu</include>
			<include>transition_Info</include>
				<top>655</top>
				<left>5</left>
				<width>770</width>
				<height>70</height>
               <texture background="true">frames/contentpanel.png</texture>
			    <animation condition="true" effect="Fade" start="85" end="85" time="0">Conditional</animation>					 
				 <aspectratio>stretch</aspectratio>			    
			   <visible>Control.IsVisible(574) + !Container.Content(songs) + !Container.Content(addons)</visible> 			  		   
			</control>
		<control type="group">
			<include>toggle_Menu</include>
			<include>transition_Content</include>
			<include>transition_Info</include>
			<visible>Control.IsVisible(574)</visible>
			<!--info-->							
				<control type="grouplist" id="1000">
				<left>790</left>
				<top>115</top>
				<itemgap>0</itemgap>
				<control type="label" id="1">
					<width>440</width>
					<label>$INFO[ListItem.Label]</label>
					<include>detail_Title</include>
				</control>
				<control type="label">
					<width>440</width>
					<label>$LOCALIZE[19114]: $INFO[ListItem.Property(Addon.Version)]</label>
					<include>detail_Sub</include>
					<visible>!IsEmpty(ListItem.Property(Addon.Version))</visible>
				</control>
				<control type="image">
					<aspectratio align="left" aligny="center">keep</aspectratio>
					<include>detail_StarRating</include>
				</control>
				<control type="textbox" id="4">
					<width>440</width>
					<height>413</height>
					<label>$INFO[ListItem.Property(Addon.Description)]</label>
					<align>justify</align>
					<include>detail_Text</include>
					<visible>!IsEmpty(ListItem.Property(Addon.Description))</visible>
				</control>
				<control type="textbox" id="4">
					<width>440</width>
					<height>413</height>
					<label>$INFO[ListItem.Plot]</label>
					<align>justify</align>					
					<include>detail_Text</include>
					<visible>!IsEmpty(ListItem.Plot)</visible>
				</control>				
				</control>
				<control type="group">
				 <control type="image">
				    <left>795</left>
				    <top>410</top>
					<width>428</width>
					<height>239</height>
					<texture>$INFO[ListItem.Art(fanart)]</texture>
					<aspectratio>scale</aspectratio>	
					<visible>!Skin.HasSetting(tracklist_574) + Container.Content(albums)</visible>
				</control>				
				<!-- logo -->	
				<control type="image">
					<left>55</left>
					<top>635</top>
					   <width>100</width>
				       <height>100</height>					   
					  <aspectratio align="center">keep</aspectratio>
				<texture>$VAR[art_Logo.Condition]</texture>
				<visible>Container.Content(artists) | Container.Content(albums)</visible>
			</control>	
				<control type="textbox">
						<top>230</top>
						 <left>795</left>
						<width>420</width>
						<height>168</height>
						<label>$VAR[global_Plot]</label>
						<include>detail_Text</include>
						<align>justify</align>
						<visible>!Skin.HasSetting(tracklist_574) + Container.Content(albums)</visible>
					</control>
			<control type="label">
						<top>185</top>
						 <left>795</left>
					<width>420</width>
					<height>420</height>
						<label>$VAR[Tracklist_Info]</label>						
						<include>detail_Sub</include>
						<visible>Skin.HasSetting(tracklist_574) + Container.Content(albums)</visible>
					</control>		
			</control>
			<!--container-->
			<control type="panel" id="574">
				<viewtype label="31113">bigicon</viewtype>
				<left>35</left>
				<top>110</top>
				<width>736</width>
				<height>552</height>
				<onleft>6000</onleft>
				<onright>70</onright>
				<onup>574</onup>
				<ondown>574</ondown>
				<pagecontrol>70</pagecontrol>
				<preloaditems>2</preloaditems>
				<include>global_ListScroll</include>
				<visible>Container.Content(addons) | Container.Content(albums) | Container.Content(artists) | Container.Content(songs) | Window.IsActive(pictures) | SubString(Container.FolderPath,addons://sources/) | SubString(Container.FolderPath,plugin://)</visible>
				<itemlayout height="184" width="184">
					<control type="group">
						<left>7</left>
						<top>7</top>
						<control type="image">
							<width>160</width>
							<height>160</height>
							<texture>thumbs/default_Square.png</texture>
						</control>
						<control type="image">
							<centerleft>80</centerleft>
							<centertop>80</centertop>
							<width>96</width>
							<height>96</height>
							<include>art_DefaultIcon</include>
						</control>
						<control type="image">
							<width>160</width>
							<height>160</height>
							<texture background="true">$VAR[thumb_Square]</texture>
							<aspectratio>scale</aspectratio>
						</control>
						<control type="image">
						<left>-6</left>
			            <top>-5</top>
						<width>171</width>
						<height>171</height>
						<include>art_Frame-nf</include>
					</control>				
					</control>
				</itemlayout>											
				<focusedlayout height="184" width="184">
					<control type="image">
						<width>174</width>
						<height>174</height>
						<include>art_Frame-fo</include>
					</control>
						<control type="group">
						<left>7</left>
						<top>7</top>
						<control type="image">
							<width>160</width>
							<height>160</height>
							<texture>thumbs/default_Square.png</texture>
						</control>
						<control type="image">
							<centerleft>80</centerleft>
							<centertop>80</centertop>
							<width>96</width>
							<height>96</height>
							<include>art_DefaultIcon</include>
						</control>
						<control type="image">
							<width>160</width>
							<height>160</height>
							<texture background="true">$VAR[thumb_Square]</texture>
							<aspectratio>scale</aspectratio>
						</control>
						<control type="image">
						<left>-6</left>
			            <top>-5</top>
						<width>171</width>
						<height>171</height>
						<include>art_Frame-nf</include>
					</control>								
					</control>
				</focusedlayout>
			</control>
		</control>
	</include>	
<!--BIGWIDE-->
	<include name="view_ThumbEpisode-ContainerCommons">
		<control type="group">
			<left>7</left>
			<top>7</top>
			<control type="image">
				<width>380</width>
				<height>205</height>
				<texture background="true">thumbs/default_Landscape.png</texture>
				<aspectratio>stretch</aspectratio>
			</control>
			<control type="image">
				<centerleft>190</centerleft>
				<centertop>102.5</centertop>
				<width>96</width>
				<height>96</height>
				<include>art_DefaultIcon</include>
			</control>
			<control type="image">
				<width>380</width>
				<height>205</height>
				<texture background="true">$VAR[thumb_Landscape]</texture>
				<aspectratio>scale</aspectratio>
			</control>
			<control type="group">
				<left>354</left>
				<top>179</top>
				<include>status_Info</include>
				<visible>Skin.HasSetting(overlay_statu.disable)</visible>
			</control>			
		</control>
		<control type="group">
					<left>359</left>
				<top>185</top>
					<width>28</width>
					<height>28</height>
					<visible>Skin.HasSetting(watched.alternative)</visible>
					<control type="image">
						<info>ListItem.Overlay</info>
					</control>
					</control>
		<control type="image">
			<centerleft>190</centerleft>
			<top>142</top>
			<width>340</width>
			<height>64</height>
			<include>art_ClearLogo</include>
		</control>
		<control type="image">
			<width>394</width>
			<height>219</height>
			<include>art_Frame-nf</include>
		</control>	
	</include>
	<include name="view_IconWide">
		<control type="panel" id="575">
			<viewtype label="31113">bigicon</viewtype>
			<left>35</left>
			<top>105</top>
			<width>1224</width>
			<height>572</height>
			<onleft>6000</onleft>
			<onright>70</onright>
			<onup>575</onup>
			<ondown>575</ondown>
			<pagecontrol>70</pagecontrol>
			<preloaditems>2</preloaditems>
			<include>global_ListScroll</include>
			<include>toggle_Menu</include>
			<include>transition_Content</include>
			<include>transition_Info</include>
			<visible>[Container.Content(episodes) | Container.Content(musicvideos) | [Container.Content(files) + Container.HasFiles]] + !StringCompare(Container.FolderPath,special://videoplaylists/)</visible>
			<itemlayout width="404" height="286">
				<include>view_ThumbEpisode-ContainerCommons</include>
				<control type="group">
					<left>7</left>
					<top>225</top>
					<control type="label" id="110">
						<width>380</width>
						<label>$VAR[global_Title]</label>
						<include>detail_Title</include>
					</control>
					<control type="label" id="110">
						<top>22</top>
						<width>380</width>
						<label>$VAR[global_Info]</label>
						<include>detail_Sub</include>
					</control>
				</control>
			</itemlayout>											
			<focusedlayout width="404" height="286">
				<control type="image">
					<width>394</width>
					<height>219</height>
					<include>art_Frame-fo</include>
				</control>
				<include>view_ThumbEpisode-ContainerCommons</include>
				<control type="group">
					<left>7</left>
					<top>225</top>
					<control type="label" id="110">
						<width>380</width>
						<label>$VAR[global_Title]</label>
						<selectedcolor>Color1</selectedcolor>
						<include>detail_Title</include>
					</control>
					<control type="label" id="110">
						<top>22</top>
						<width>380</width>
						<label>$VAR[global_Info]</label>
						<selectedcolor>Color2</selectedcolor>
						<include>detail_Sub</include>
					</control>
				</control>
			</focusedlayout>
		</control>
	</include>
	<include name="detail_Thumbnails">		
		<control type="group">
			<include>transition_Content</include>
			<include>transition_Info</include>
			<include>toggle_Menu</include>
			<!--large grid-->
			<control type="group">
			<control type="grouplist" id="100">
				<left>-30</left>
				<bottom>-10</bottom>
				<width>900</width>
				<height>64</height>
				<itemgap>15</itemgap>
				<orientation>horizontal</orientation>
				<control type="image">
				<width>84</width>
				<height>54</height>
				<aspectratio align="right">keep</aspectratio>
				<texture>$VAR[flag_VideoType-fo]</texture>
			</control>
				<control type="image">
					<width>100</width>
					<height>54</height>
					<texture>$INFO[ListItem.StarRating,rating/nf-,]</texture>
					<aspectratio align="center">keep</aspectratio>
				</control>			
				<control type="image">
					<width>86</width>
				<height>54</height>
					<texture>$INFO[ListItem.VideoResolution,flags/video/resolution/,.png]</texture>
					<aspectratio align="center">keep</aspectratio>
					<visible>[Container.Content(movies) | Container.Content(episodes) | Container.Content(musicvideos)] + !IsEmpty(Listitem.VideoResolution)</visible>
				</control>
				<control type="image">
					<width>86</width>
				<height>54</height>
					<texture>$INFO[Listitem.VideoCodec,flags/codec/,.png]</texture>
					<aspectratio align="center">keep</aspectratio>
					<visible>[Container.Content(movies) | Container.Content(episodes) | Container.Content(musicvideos)] + !IsEmpty(Listitem.VideoCodec)</visible>
				</control>
				<control type="image">
					<width>86</width>
				<height>54</height>
					<texture>$INFO[Listitem.AudioCodec,flags/codec/,.png]</texture>
					<aspectratio align="center">keep</aspectratio>
					<visible>[Container.Content(movies) | Container.Content(episodes) | Container.Content(musicvideos)] + !IsEmpty(Listitem.AudioCodec)</visible>
				</control>
				<control type="image">
					<width>86</width>
				<height>54</height>
					<texture>$INFO[Listitem.VideoAspect,flags/video/aspectratio/,.png]</texture>
					<aspectratio align="center">keep</aspectratio>
					<visible>[Container.Content(movies) | Container.Content(episodes) | Container.Content(musicvideos)] + !IsEmpty(Listitem.VideoAspect)</visible>
				</control>
				<control type="image">
					<width>86</width>
				<height>54</height>
					<texture>$VAR[flag_Studio]</texture>
					<aspectratio align="center">keep</aspectratio>					
					<visible>Container.Content(movies) | Container.Content(tvshows) | Container.Content(episodes) | Container.Content(musicvideos)</visible>
					</control>					
			</control>
				<visible>Control.IsVisible(57)</visible>
				<!--flags-->
				<control type="image">
					<right>77</right>
					<top>640</top>
					<include>detail_StarRating</include>
					<aspectratio align="right" aligny="top">keep</aspectratio>
					<visible>IntegerGreaterThan(ListItem.Rating,0)</visible>						
				</control>				
				<control type="group">
					<left>70</left>
					<top>620</top>
					<control type="label">
						<label>$VAR[global_Title]</label>
						<width>500</width>
						<include>detail_Title</include>
						<visible>Control.IsVisible(57) | Control.IsVisible(576)</visible>						
					</control>
					<control type="label">
						<top>25</top>
						<label>$VAR[global_Info]</label>
						<width>700</width>
						<include>detail_Sub</include>
						<visible>!SubString(Container.FolderPath,plugin) + !SubString(ListItem.Icon,default)</visible>
					</control>
					<control type="label">
						<top>25</top>
						<label>$VAR[global_Info.Addon]</label>
						<width>450</width>
						<include>detail_Sub</include>
						<visible>SubString(Container.FolderPath,plugin) + !SubString(ListItem.Icon,default)</visible>
					</control>
				</control>
			</control>
			<!--small grid-->
			<control type="group">
			<control type="label">
						<label>$VAR[global_Title]</label>
						<left>-508</left>
						<top>40</top>
						<width>475</width>
						<include>detail_Title</include>
						<animation effect="zoom" start="140" end="140" time="0" condition="true">Conditional</animation>
					<visible>Container.Content(movies) | Container.Content(tvshows) | Container.Content(seasons) + !IsEmpty(ListItem.TVShowTitle)</visible>
					</control>
			<visible>Control.IsVisible(571) | Container.Content(movies)</visible>	
			<control type="image">
			        <left>-135</left>
					<top>-100</top>
					<width>650</width>
					<height>900</height>
					<texture background="true">frames/frame-cadre2.png</texture>
					<colordiffuse>accent_4</colordiffuse>
					</control>								
					<!--Miniature Info 1-->
					<control type="group">
					<control type="textbox" id="4">
					    <top>150</top>
						<width>468</width>
						<height>326</height>
						<label>$VAR[global_Plot]</label>
						<align>justify</align>
						<include>detail_Text</include>
						<visible>!SubString(ListItem.Icon,default)</visible>
					</control>
					<control type="image">
					<left>-10</left>
					<top>490</top>
					<width>110</width>
					<height>110</height>
					<texture background="true">$VAR[Icon_Discart]</texture>				
					<visible>Control.IsVisible(571) + Skin.HasSetting(Icon2Discart.movies.enable)</visible>					
			</control>
					<control type="grouplist" id="1000">
				<left>-10</left>
				<top>390</top>
				<itemgap>-0</itemgap>
				<orientation>horizontal</orientation>
					<visible>Control.IsVisible(571) + [Container.Content(movies) | Container.Content(sets)] + Skin.HasSetting(Icon2Discart.movies.enable)</visible>
				</control>
				<visible>!Skin.HasSetting(thumbnailinfo1.enable)</visible>				
				<control type="grouplist" id="1100">
				<left>15</left>
				<top>475</top>
				<itemgap>-15</itemgap>
				<orientation>horizontal</orientation>
					<visible>Control.IsVisible(571) + [Container.Content(movies) | Container.Content(sets)] + Skin.HasSetting(Icon2Discart.movies.enable)</visible>
				</control>
				<visible>!Skin.HasSetting(thumbnailinfo1.enable)</visible>		
				</control>
				<!--Miniature Info 2-->
					<control type="group">					
				 <control type="image">
				<left>-15</left>
				<top>160</top>
				<width>500</width>
				<height>281</height>
				<aspectratio>scale</aspectratio>					
					<texture>$VAR[thumb_Landscape]</texture>
				 <visible>Control.IsVisible(571)</visible>
				  <visible>!Container.Content(seasons)</visible>
				</control>								
				 <control type="image">
				<left>-15</left>
				<top>160</top>
				<width>500</width>
				<height>281</height>
				<aspectratio>scale</aspectratio>					
					<texture>$VAR[global_Fanart]</texture>
				 <visible>Control.IsVisible(571)</visible>
				  <visible>Container.Content(seasons)</visible>
				</control>
				<control type="label">
					<left>-15</left>
					<top>440</top>	
						<label>$VAR[gallery_Header]</label>
						<width>455</width>
						<textcolor>Color2</textcolor>
						<include>detail_Title</include>
						 <visible>Control.IsVisible(571)</visible>
					</control>
				<control type="textbox" id="4">
				<left>-15</left>
					    <top>464</top>
						<width>492</width>
						<height>130</height>
						<label>$VAR[global_Plot]</label>
						<include>detail_Text</include>
						<align>justify</align>
						<visible>!SubString(ListItem.Icon,default)</visible>
					</control>				
				<visible>Skin.HasSetting(thumbnailinfo2.enable)</visible>		
				</control>
					<control type="image">
					<left>125</left>
					<top>38</top>
					<width>190</width>
					<height>90</height>
					<include>art_ClearLogo</include>					
				</control>					
					<left>770</left>
				    <top>93</top>								
				<visible>Control.IsVisible(571) + [Container.Content(movies) | Container.Content(tvshows) | Container.Content(seasons)]</visible>
				<control type="label">
						<top>95</top>
						<left>-710</left>
						<width>700</width>
						<label>$VAR[global_Info]</label>
						<include>detail_Sub</include>
						<selectedcolor>color1</selectedcolor>
					</control>	
				<!--flags-->
			<control type="grouplist" id="100">
				<left>-740</left>
				<bottom>25</bottom>
				<width>900</width>
				<height>64</height>
				<itemgap>15</itemgap>
				<orientation>horizontal</orientation>
				<control type="image">
				<width>84</width>
				<height>54</height>
				<aspectratio align="right">keep</aspectratio>
				<texture>$VAR[flag_VideoType-fo]</texture>
			</control>
				<control type="image">
					<width>100</width>
					<height>54</height>
					<texture>$INFO[ListItem.StarRating,rating/nf-,]</texture>
					<aspectratio align="center">keep</aspectratio>
				</control>			
				<control type="image">
					<width>86</width>
				<height>54</height>
					<texture>$INFO[ListItem.VideoResolution,flags/video/resolution/,.png]</texture>
					<aspectratio align="center">keep</aspectratio>
					<visible>[Container.Content(movies) | Container.Content(episodes) | Container.Content(musicvideos)] + !IsEmpty(Listitem.VideoResolution)</visible>
				</control>
				<control type="image">
					<width>86</width>
				<height>54</height>
					<texture>$INFO[Listitem.VideoCodec,flags/codec/,.png]</texture>
					<aspectratio align="center">keep</aspectratio>
					<visible>[Container.Content(movies) | Container.Content(episodes) | Container.Content(musicvideos)] + !IsEmpty(Listitem.VideoCodec)</visible>
				</control>
				<control type="image">
					<width>86</width>
				<height>54</height>
					<texture>$INFO[Listitem.AudioCodec,flags/codec/,.png]</texture>
					<aspectratio align="center">keep</aspectratio>
					<visible>[Container.Content(movies) | Container.Content(episodes) | Container.Content(musicvideos)] + !IsEmpty(Listitem.AudioCodec)</visible>
				</control>
				<control type="image">
					<width>86</width>
				<height>54</height>
					<texture>$INFO[Listitem.VideoAspect,flags/video/aspectratio/,.png]</texture>
					<aspectratio align="center">keep</aspectratio>
					<visible>[Container.Content(movies) | Container.Content(episodes) | Container.Content(musicvideos)] + !IsEmpty(Listitem.VideoAspect)</visible>
				</control>
				<control type="image">
					<width>86</width>
				<height>54</height>
					<texture>$VAR[flag_Studio]</texture>
					<aspectratio align="center">keep</aspectratio>					
					<visible>Container.Content(movies) | Container.Content(tvshows) | Container.Content(seasons) | Container.Content(musicvideos)</visible>
					</control>	
				<visible>Control.IsVisible(571)</visible>
			</control>
			</control>
			<!--small Alt grid-->
			<control type="group">
			<control type="image">
			<left>-708</left>
			<top>163</top>
					<width>250</width>
					<height>370</height>
					<texture background="true">$VAR[thumb_Portrait]</texture>
					<aspectratio align="center" aligny="top">stretch</aspectratio>
				</control>
			<control type="label">
						<label>$VAR[global_Title]</label>
						<left>-508</left>
						<top>40</top>
						<width>475</width>
						<include>detail_Title</include>
						<animation effect="zoom" start="140" end="140" time="0" condition="true">Conditional</animation>
					<visible>Container.Content(movies) | Container.Content(tvshows) | Container.Content(seasons) + !IsEmpty(ListItem.TVShowTitle) </visible>
					</control>			
			<visible>Control.IsVisible(573) | Container.Content(movies)</visible>	
			<control type="image">
			        <left>-135</left>
					<top>-100</top>
					<width>650</width>
					<height>900</height>
					<texture background="true">frames/frame-cadre2.png</texture>
					<colordiffuse>accent_2</colordiffuse>					
					</control>
					<control type="image">			
				<left>0</left>
					<top>0</top>
					<width>500</width>
					<height>200</height>
				<texture background="true">$VAR[thumb_Landscape]</texture>
				<aspectratio align="center" aligny="top">scale</aspectratio>
				<visible>Container.Content(sets)</visible>				
			     </control>	
					<!--Miniature Info 1-->
					<control type="group">
					<control type="textbox" id="4">
					    <top>150</top>
						<width>480</width>
						<height>410</height>
						<align>justify</align>
						<label>$VAR[global_Plot]</label>
						<include>detail_Text</include>
						<visible>!SubString(ListItem.Icon,default)</visible>
					</control>					
				<visible>!Skin.HasSetting(thumbnailaltinfo1.enable)</visible>		
				</control>
				<!--Miniature Info 2-->
					<control type="group">					
				 <control type="image">
				<left>-15</left>
				<top>160</top>
				<width>500</width>
				<height>281</height>
				<aspectratio>scale</aspectratio>					
					<texture>$VAR[thumb_Landscape]</texture>
				 <visible>Control.IsVisible(573)</visible>
				</control>
				<control type="label">
					<left>-15</left>
					<top>440</top>	
						<label>$VAR[gallery_Header]</label>
						<width>455</width>
						<textcolor>Color2</textcolor>
						<include>detail_Title</include>
						 <visible>Control.IsVisible(573)</visible>
					</control>
				<control type="textbox" id="4">
				<left>-15</left>
					    <top>469</top>
						<width>495</width>
						<align>justify</align>
						<height>132</height>
						<label>$VAR[global_Plot]</label>
						<include>detail_Text</include>
						<visible>!SubString(ListItem.Icon,default)</visible>
					</control>
				<visible>Skin.HasSetting(thumbnailaltinfo2.enable)</visible>		
				</control>				
					<control type="image">
					<left>125</left>
					<top>38</top>
					<width>190</width>
					<height>90</height>
					<include>art_ClearLogo</include>					
				</control>					
					<left>770</left>
				    <top>93</top>								
				<visible>Control.IsVisible(573) + [Container.Content(movies) | Container.Content(tvshows) | Container.Content(seasons)]</visible>
				<control type="label">
						<top>95</top>
						<left>-710</left>
						<width>700</width>
						<label>$VAR[global_Info]</label>
						<include>detail_Sub</include>
						<selectedcolor>color1</selectedcolor>
					</control>	
				<!--flags-->
			<control type="grouplist" id="100">
				<left>-740</left>
				<bottom>20</bottom>
				<width>900</width>
				<height>64</height>
				<itemgap>15</itemgap>
				<orientation>horizontal</orientation>
				<control type="image">
				<width>84</width>
				<height>54</height>
				<aspectratio align="right">keep</aspectratio>
				<texture>$VAR[flag_VideoType-fo]</texture>
			</control>
				<control type="image">
					<width>100</width>
					<height>54</height>
					<texture>$INFO[ListItem.StarRating,rating/nf-,]</texture>
					<aspectratio align="center">keep</aspectratio>
				</control>			
				<control type="image">
					<width>86</width>
				<height>54</height>
					<texture>$INFO[ListItem.VideoResolution,flags/video/resolution/,.png]</texture>
					<aspectratio align="center">keep</aspectratio>
					<visible>[Container.Content(movies) | Container.Content(episodes) | Container.Content(musicvideos)] + !IsEmpty(Listitem.VideoResolution)</visible>
				</control>
				<control type="image">
					<width>86</width>
				<height>54</height>
					<texture>$INFO[Listitem.VideoCodec,flags/codec/,.png]</texture>
					<aspectratio align="center">keep</aspectratio>
					<visible>[Container.Content(movies) | Container.Content(episodes) | Container.Content(musicvideos)] + !IsEmpty(Listitem.VideoCodec)</visible>
				</control>
				<control type="image">
					<width>86</width>
				<height>54</height>
					<texture>$INFO[Listitem.AudioCodec,flags/codec/,.png]</texture>
					<aspectratio align="center">keep</aspectratio>
					<visible>[Container.Content(movies) | Container.Content(episodes) | Container.Content(musicvideos)] + !IsEmpty(Listitem.AudioCodec)</visible>
				</control>
				<control type="image">
					<width>86</width>
				<height>54</height>
					<texture>$INFO[Listitem.VideoAspect,flags/video/aspectratio/,.png]</texture>
					<aspectratio align="center">keep</aspectratio>
					<visible>[Container.Content(movies) | Container.Content(episodes) | Container.Content(musicvideos)] + !IsEmpty(Listitem.VideoAspect)</visible>
				</control>
				<control type="image">
					<width>86</width>
				<height>54</height>
					<texture>$VAR[flag_Studio]</texture>
					<aspectratio align="center">keep</aspectratio>					
					<visible>Container.Content(movies) | Container.Content(tvshows) | Container.Content(seasons) | Container.Content(musicvideos)</visible>
				</control>					
			</control>
				</control>
				<!--small grid Original-->
			<control type="group">
				<left>770</left>
				<top>100</top>
				<visible>Control.IsVisible(576) + [Container.Content(movies) | Container.Content(tvshows) | Container.Content(seasons) | Container.Content(actors)]</visible>
				<control type="grouplist" id="1000">
					<itemgap>0</itemgap>
					<control type="label">
						<width>460</width>
						<label>$INFO[ListItem.Label]</label>
						<include>detail_Title</include>
					</control>
					<control type="label">
						<width>460</width>
						<label>$INFO[ListItem.Genre]</label>
						<include>detail_Sub</include>
						<visible>Container.Content(movies)</visible>
					</control>
					<control type="label">
						<width>460</width>
						<label>$INFO[ListItem.Property(UnWatchedEpisodes),, $LOCALIZE[16101] $LOCALIZE[20360]]</label>
						<include>detail_Sub</include>
						<visible>Container.Content(tvshows) + !IsEmpty(ListItem.TVShowTitle)</visible>
					</control>
					<control type="label">
						<width>460</width>
						<label>$INFO[ListItem.Year]$INFO[ListItem.Duration, • , $LOCALIZE[31701]]</label>
						<include>detail_Sub</include>
						<visible>Container.Content(movies)</visible>
					</control>
					<control type="label">
						<width>460</width>
						<label>$VAR[nextaired_Info]</label>
						<include>detail_Sub</include>
						<visible>Container.Content(tvshows) + !IsEmpty(ListItem.TVShowTitle)</visible>
					</control>
					<control type="image">
						<width>112</width>
						<height>40</height>
						<include>detail_StarRating</include>
						<aspectratio align="left" aligny="center">keep</aspectratio>
					</control>
					<control type="label">					
						<top>148</top>
						<left>50</left>
						<label>$VAR[global_Plot_actors]</label>
						<align>justify</align>
						<width>460</width>
						<include>detail_Sub</include>
						<visible>Container.Content(actors)</visible>				
						</control>
					<control type="textbox" id="4">
						<width>460</width>
						<height>355</height>
						<label>$VAR[global_Plot]</label>
						<align>justify</align>
						<include>detail_Text</include>
						<visible>!SubString(ListItem.Icon,default)</visible>
					</control>					
				</control>
				<control type="image">
					<bottom>50</bottom>
					<width>128</width>
					<height>48</height>
					<aspectratio align="left">keep</aspectratio>
					<texture>$VAR[flag_Studio]</texture>
				</control>
			</control>			
		</control>
	</include>	
	<!--TILES-->
	<include name="view_Tiles-ContainerCommons">
		<control type="image">
			<width>78</width>
			<height>78</height>
			<include>art_Frame-nf</include>
		</control>
		<control type="group">
			<left>7</left>
			<top>7</top>
			<control type="image">
				<width>64</width>
				<height>64</height>
				<texture>thumbs/default_Square.png</texture>
			</control>
			<control type="image">
				<left>8</left>
				<top>8</top>
				<width>48</width>
				<height>48</height>
				<include>art_DefaultIcon</include>
			</control>
			<control type="image">
				<width>64</width>
				<height>64</height>
				<texture background="true">$VAR[thumb_Square]</texture>
				<aspectratio align="left" aligny="top">scale</aspectratio>
			</control>
		</control>
	</include>
	<include name="view_Tiles">
		<control type="panel" id="60">
			<viewtype label="Tiles">bigicon</viewtype>
			<left>50</left>
			<top>95</top>
			<width>1230</width>
			<height>595</height>
			<onleft>60</onleft>
			<onright>60</onright>
			<onup>6000</onup>
			<ondown>71</ondown>
			<orientation>horizontal</orientation>
			<pagecontrol>71</pagecontrol>
			<preloaditems>2</preloaditems>
			<include>global_ListScroll</include>
			<include>toggle_Menu</include>
			<include>transition_Content</include>
			<include>transition_Info</include>
			<visible>Container.Content(addons) | SubString(Container.FolderPath,addons://sources/) | SubString(Container.FolderPath,plugin://) | [Container.Content(files) + !SubString(Container.FolderPath,plugin://)] | Container.Content(albums) | Container.Content(artists) | Container.Content(songs) | SubString(Container.FolderPath,addons://sources/) | [Window.IsActive(Pictures) + !SubString(Container.Folderpath,addons://sources/)] | [Window.IsActive(Programs) + !IsEmpty(Container.FolderPath)]</visible>
			<itemlayout width="520" height="85">
				<include>view_Tiles-ContainerCommons</include>
				<control type="group">
					<left>95</left>
					<top>10</top>
					<control type="label" id="110">
						<width>395</width>
						<label>$VAR[global_Title]</label>
						<include>detail_Title</include>
					</control>
					<control type="label" id="110">
						<top>27</top>
						<width>395</width>
						<label>$VAR[global_Info]</label>
						<textcolor>Color2</textcolor>
						<include>detail_Sub</include>
					</control>
				</control>
			</itemlayout>											
			<focusedlayout width="520" height="85">
				<control type="image">
					<width>500</width>
					<height>78</height>
					<include>art_Frame-fo</include>
				</control>
				<include>view_Tiles-ContainerCommons</include>
				<control type="group">
					<left>95</left>
					<top>10</top>
					<control type="label" id="110">
						<width>395</width>
						<label>$VAR[global_Title]</label>
						<textcolor>Color5</textcolor>
						<include>detail_Title</include>
					</control>
					<control type="label" id="110">
						<top>27</top>
						<width>395</width>
						<label>$VAR[global_Info]</label>
						<textcolor>Color5</textcolor>
						<include>detail_Sub</include>
					</control>
				</control>
			</focusedlayout>
		</control>
	</include>	
	<!--Small-->
	<include name="detail_ThumbnailsSmall">	        
		<!--small grid-->
			<control type="group">
				<visible>Control.IsVisible(577)</visible>
				<control type="group">
				<include>transition_Content</include>
			<include>transition_Info</include>
			<include>toggle_Menu</include>
					<left>40</left>
					<top>665</top>
					<control type="label">
						<label>$VAR[global_Title]</label>
						<width>1200</width>
						<include>detail_Title</include>						
					</control>
					<control type="label">
						<top>25</top>
						<label>$VAR[global_Info]</label>
						<width>1200</width>
						<include>detail_Sub</include>						
					</control>					
				</control>
			</control>
	</include>	
	<include name="view_IconWideSmall">		
		<control type="panel" id="577">
			<viewtype label="$LOCALIZE[31113] Small">bigicon</viewtype>
			<left>35</left>
			<top>95</top>
			<width>1224</width>
			<height>565</height>
			<onleft>6000</onleft>
			<onright>70</onright>
			<onup>577</onup>
			<ondown>577</ondown>
			<pagecontrol>70</pagecontrol>
			<preloaditems>2</preloaditems>
			<include>global_ListScroll</include>
			<include>toggle_Menu</include>
			<include>transition_Content</include>
			<include>transition_Info</include>
			<visible>[Container.Content(episodes) | Container.Content(musicvideos) | Window.IsActive(pictures) | [Container.Content(files) + Container.HasFiles]] + !StringCompare(Container.FolderPath,special://videoplaylists/)</visible>
			<itemlayout width="305" height="195">
				<include>view_ThumbEpisodeSmall-ContainerCommons</include>
				<control type="group">
				<left>7</left>
				<top>185</top>					
				</control>
			</itemlayout>											
			<focusedlayout width="305" height="195">
				<control type="image">
				<width>295</width>
				<height>175</height>
				<include>art_Frame-fo</include>
				</control>
				<include>view_ThumbEpisodeSmall-ContainerCommons</include>				
			</focusedlayout>
		</control>
	</include>
	<include name="view_ThumbEpisodeSmall-ContainerCommons">	
		<control type="group">		
			<left>7</left>
			<top>7</top>
			<control type="image">
				<width>280</width>
				<height>160</height>
				<texture background="true">thumbs/default_Landscape.png</texture>
				<aspectratio>stretch</aspectratio>
			</control>
			<control type="image">
				<centerleft>50%</centerleft>
				<centertop>40%</centertop>
				<width>96</width>
				<height>96</height>
				<include>art_DefaultIcon</include>
			</control>
			<control type="image">
				<width>280</width>
				<height>160</height>
				<texture background="true">$VAR[thumb_Landscape]</texture>
				<aspectratio>scale</aspectratio>
			</control>
			<control type="group">
				<left>248</left>
				<top>137</top>
				<include>status_Info</include>
				<visible>Skin.HasSetting(overlay_statu.disable)</visible>
			</control>			
		</control>
		<control type="group">
				<left>254</left>
				<top>135</top>
				<width>35</width>
				<height>35</height>
				<visible>Skin.HasSetting(watched.alternative)</visible>
				<control type="image">
				<info>ListItem.Overlay</info>
				</control>
		</control>
		<control type="image">
			<centerleft>190</centerleft>
			<top>142</top>
			<width>340</width>
			<height>64</height>
			<include>art_ClearLogo</include>
		</control>
		<control type="image">
			<width>295</width>
			<height>175</height>
			<include>art_Frame-nf</include>
		</control>
	</include>			
</includes>