﻿<?xml version="1.0" encoding="UTF-8"?>
<includes>
	<include name="view_List">
	
			<control type="image">
	<include>toggle_Menu</include>
			<include>transition_Info</include>
			<include>transition_Content</include>
	        <left>652</left>
		    <top>78</top>
			<width>610</width>
			<height>627</height>
			<texture background="true">frames/contentpanel.png</texture>
			  <animation condition="true" effect="Fade" start="50" end="85" time="0">Conditional</animation>					 
				<visible>Control.IsVisible(50)</visible>
			<visible>Container.Content(movies) | Container.Content(tvshows) | Container.Content(seasons) | Container.Content(episodes) | Container.Content(sets) | Container.Content(albums) | Container.Content(songs) | Container.Content(artists) | Container.Content(addons)</visible>
		</control>
	<control type="image">
	<include>toggle_Menu</include>
			<include>transition_Info</include>
			<include>transition_Content</include>
	        <left>18</left>
		    <top>78</top>
			<width>640</width>
			<height>625</height>
			<texture background="true">frames/contentpanel.png</texture>
			  <animation condition="true" effect="Fade" start="80" end="55" time="0">Conditional</animation>					 
				<visible>Control.IsVisible(50)</visible>
				<visible>Container.Content(movies) | Container.Content(tvshows) | Container.Content(seasons) | Container.Content(episodes) | Container.Content(sets) | Container.Content(albums) | Container.Content(songs) | Container.Content(artists) | Container.Content(addons)</visible>
		
			</control>		
		<control type="list" id="50">		
			<viewtype label="535">list</viewtype> 	
			<left>30</left>
			<top>90</top>
			<width>620</width>
			<height>600</height>
			<onup>50</onup>
			<ondown>50</ondown>
			<onleft>6000</onleft>
			<onright condition="!Window.IsActive(videoplaylist) | [Window.IsActive(videoplaylist) + !Player.HasVideo]">70</onright>
			<onright condition="Window.IsActive(videoplaylist) + Player.HasVideo">99</onright>
			<pagecontrol>70</pagecontrol>
			<preloaditems>2</preloaditems>
			<include>toggle_Menu</include>
			<include>global_ListScroll</include>
			<include>transition_Info</include>
			<include>transition_Content</include>
			<itemlayout condition="IsEmpty(Container.FolderPath)" width="620" height="40">		
				<control type="label">
					<left>15</left>
					<width>595</width>
					<label>$INFO[ListItem.Label]</label>
					<include>container_Single</include>
				</control>
			</itemlayout>
			<focusedlayout condition="IsEmpty(Container.FolderPath)" width="620" height="40">
				<control type="group">
					<visible>![ControlGroup(6000).HasFocus | ControlGroup(4000).HasFocus]</visible>
					<control type="image">
						<width>650</width>
						<height>40</height>
						<texture>frames/frame-fo.png</texture>
					</control>
					<control type="label">
						<left>15</left>
						<width>595</width>
						<label>$INFO[ListItem.Label]</label>
						<include>container_Single-focus</include>
					</control>
				</control>
				<control type="label">
					<left>15</left>
					<width>595</width>
					<label>$INFO[ListItem.Label]</label>
					<include>container_Single</include>
					<visible>[ControlGroup(6000).HasFocus | ControlGroup(4000).HasFocus]</visible>
				</control>
			</focusedlayout>
			<itemlayout condition="Container.Content(movies) | Container.Content(sets) | Container.Content(tvshows) | Container.Content(seasons) | Container.Content(episodes) | Container.Content(musicvideos) | Container.Content(artists) | Container.Content(albums) | Container.Content(songs) | SubString(Container.FolderPath,playlistvideo://) | [[Container.Content(files) | Container.Content(addons) | Window.IsActive(pictures)] + Container.HasFiles]" width="620" height="67">
					<control type="image">
					<top>3</top>
			<width>620</width>
						<height>60</height>
			<texture background="true">frames/contentpanel.png</texture>
			  <animation condition="true" effect="Fade" start="25" end="25" time="0">Conditional</animation>					 
				<visible>Container.Content(movies) | Container.Content(tvshows) | Container.Content(seasons) | Container.Content(episodes) | Container.Content(sets) | Container.Content(albums) | Container.Content(songs) | Container.Content(artists) | Container.Content(addons)</visible>
		
				</control>
				<control type="label">
					<left>15</left>
					<top>6</top>
					<width>550</width>
					<height>27</height>
					<label>$VAR[global_Title]</label>
					<include>container_Title</include>
				</control>
				<control type="label">
					<left>15</left>
					<top>28</top>
					<width>550</width>
					<label>$VAR[global_Info]</label>
					<include>container_Sub</include>
				</control>
				<control type="image">
					<texture colordiffuse="Color3">$VAR[status_List]</texture>
					<include>status_List</include>
				</control>
			</itemlayout>
			<focusedlayout condition="Container.Content(movies) | Container.Content(sets) | Container.Content(tvshows) | Container.Content(seasons) | Container.Content(episodes) | Container.Content(musicvideos) | Container.Content(artists) | Container.Content(albums) | Container.Content(songs) | SubString(Container.FolderPath,playlistvideo://) | [[Container.Content(files) | Container.Content(addons) | Window.IsActive(pictures)] + Container.HasFiles]" width="620" height="67">
				<control type="group">
					<visible>![ControlGroup(6000).HasFocus | ControlGroup(4000).HasFocus]</visible>
					<control type="image">
						<width>620</width>
						<height>70</height>
						<texture>frames/frame-fo.png</texture>
					</control>
					<control type="label">
						<left>15</left>
						<top>6</top>
						<width>550</width>
						<height>27</height>
						<label>$VAR[global_Title]</label>
						<include>container_Title-focus</include>
					</control>
					<control type="label">
						<left>15</left>
						<top>28</top>
						<width>550</width>
						<label>$VAR[global_Info]</label>
						<include>container_Sub-focus</include>
					</control>
					<control type="image">
						<texture colordiffuse="Color4">$VAR[status_List]</texture>
						<include>status_List</include>
					</control>
				</control>
				<control type="group">
					<visible>[ControlGroup(6000).HasFocus | ControlGroup(4000).HasFocus]</visible>
					<control type="label">
						<left>15</left>
						<top>6</top>
						<width>550</width>
						<height>27</height>
						<label>$VAR[global_Title]</label>
						<include>container_Title</include>
					</control>
					<control type="label">
						<left>15</left>
						<top>28</top>
						<width>550</width>
						<label>$VAR[global_Info]</label>
						<include>container_Sub</include>
					</control>
					<control type="image">
						<texture colordiffuse="Color3">$VAR[status_List]</texture>
						<include>status_List</include>
					</control>					
				</control>
			</focusedlayout>
		</control>
	</include>
	<include name="view_ListSmall">	
	<control type="image">
	<include>toggle_Menu</include>
			<include>transition_Info</include>
			<include>transition_Content</include>
	        <left>22</left>
		    <top>78</top>
			<width>635</width>
			<height>635</height>
			<texture background="true">frames/contentpanel.png</texture>
			  <animation condition="true" effect="Fade" start="80" end="80" time="0">Conditional</animation>					 
				<visible>Control.IsVisible(67)</visible>
			</control>
				<control type="image">
	<include>toggle_Menu</include>
			<include>transition_Info</include>
			<include>transition_Content</include>
	         <left>652</left>
		    <top>78</top>
			<width>610</width>
			<height>630</height>
			<texture background="true">frames/contentpanel.png</texture>
			  <animation condition="true" effect="Fade" start="50" end="50" time="0">Conditional</animation>					 
				<visible>Control.IsVisible(67)</visible>
			</control>	
		<control type="list" id="67">		
			<viewtype label="$LOCALIZE[535] Small">list</viewtype> 	
			<left>30</left>
			<top>100</top>
			<width>620</width>
			<height>280</height>
			<onup>67</onup>
			<ondown>67</ondown>
			<onleft>6000</onleft>
			<onright condition="!Window.IsActive(videoplaylist) | [Window.IsActive(videoplaylist) + !Player.HasVideo]">70</onright>
			<onright condition="Window.IsActive(videoplaylist) + Player.HasVideo">99</onright>
			<pagecontrol>70</pagecontrol>
			<preloaditems>2</preloaditems>
			<include>toggle_Menu</include>
			<include>global_ListScroll</include>
			<include>transition_Info</include>
			<include>transition_Content</include>
			<itemlayout condition="IsEmpty(Container.FolderPath)" width="620" height="35">
				<control type="label">
					<left>15</left>
					<width>595</width>
					<label>$INFO[ListItem.Label]</label>
					<include>container_Single</include>
				</control>
			</itemlayout>
			<focusedlayout condition="IsEmpty(Container.FolderPath)" width="620" height="35">
				<control type="group">
					<visible>![ControlGroup(6000).HasFocus | ControlGroup(4000).HasFocus]</visible>
					<control type="image">
					<top>3</top>
						<width>650</width>
						<height>37</height>
						<texture colordiffuse="Color11">frames/frame-fo.png</texture>
					</control>
					<control type="label">
						<left>15</left>
						<width>595</width>
						<label>$INFO[ListItem.Label]</label>
						<include>container_Single-focus</include>
					</control>
				</control>				
			</focusedlayout>
			<itemlayout condition="Container.Content(movies) | Container.Content(sets) | Container.Content(tvshows) | Container.Content(seasons) | Container.Content(episodes) | Container.Content(musicvideos) | Container.Content(artists) | Container.Content(albums) | Container.Content(songs) | SubString(Container.FolderPath,playlistvideo://) | [[Container.Content(files) |  Window.IsActive(pictures)] + Container.HasFiles]" width="620" height="35">
				<control type="label">
					<left>15</left>
					<top>6</top>
					<width>550</width>
					<height>20</height>
					<label>$VAR[global_Title]</label>
					<include>container_Title</include>
				</control>
				<control type="image">
				<top>8</top>
					<texture colordiffuse="Color3">$VAR[status_List]</texture>
					<include>status_List</include>
				</control>
			</itemlayout>
			<focusedlayout condition="Container.Content(movies) | Container.Content(sets) | Container.Content(tvshows) | Container.Content(seasons) | Container.Content(episodes) | Container.Content(musicvideos) | Container.Content(artists) | Container.Content(albums) | Container.Content(songs) |  [[Container.Content(files) |  Window.IsActive(pictures)] + Container.HasFiles]" width="620" height="35">
				<control type="group">
					<visible>![ControlGroup(6000).HasFocus | ControlGroup(4000).HasFocus]</visible>
					<control type="image">
					<top>3</top>
						<width>620</width>
						<height>37</height>
						<texture colordiffuse="Color11">frames/frame-fo.png</texture>
					</control>
					<control type="label">
						<left>15</left>
						<top>8</top>
						<width>550</width>
						<height>20</height>
						<label>$VAR[global_Title]</label>
						<include>container_Title-focus</include>
					</control>
					<control type="image">
					<top>8</top>
						<texture colordiffuse="Color4">$VAR[status_List]</texture>
						<include>status_List</include>
					</control>
				</control>
				<control type="group">
					<visible>[ControlGroup(6000).HasFocus | ControlGroup(4000).HasFocus]</visible>
					<control type="label">
						<left>15</left>
						<top>6</top>
						<width>550</width>
						<height>20</height>
						<label>$VAR[global_Title]</label>
						<include>container_Title</include>
					</control>										
					<control type="image">
					<top>6</top>
						<texture colordiffuse="Color3">$VAR[status_List]</texture>
						<include>status_List</include>
					</control>
				</control>				
			</focusedlayout>
		</control>		
	</include>
	<include name="detail_ListMusic">
		<control type="group">
			<left>680</left>
			<top>90</top>
			<include>toggle_Menu</include>
			<include>transition_Info</include>
			<include>transition_Content</include>
			<include>fadeinout</include>
			<visible>Control.IsVisible(50)</visible>
			<!--landscape-->
			<control type="group">
				<visible>Container.Content(artists) + !SubString(Container.FolderPath,plugin://) + Skin.HasSetting(view.list.artistfanart)</visible>
				<control type="group">
					<control type="group">
						<left>7</left>
						<top>7</top>						
						<control type="image">	
							<width>532</width>
							<height>295</height>
							<texture background="true">thumbs/default_Landscape.png</texture>
							<aspectratio>stretch</aspectratio>
							<fadetime>fadetime_Thumb</fadetime>
						</control>
						<control type="image">
							<centerleft>266</centerleft>
							<centertop>147.5</centertop>
							<width>128</width>
							<height>128</height>
							<include>art_DefaultIcon</include>
						</control>
						<control type="image">
							<width>532</width>
							<height>295</height>
							<texture background="true">$VAR[thumb_Landscape]</texture>
							<aspectratio>scale</aspectratio>
							<fadetime>fadetime_Thumb</fadetime>
						</control>
						<control type="textbox">
							<top>315</top>
							<width>532</width>
							<height max="280">auto</height>
							<label>$VAR[global_Plot]</label>
							<include>detail_Text</include>
						</control>						
						<control type="image">
						<width>535</width>
						<height>300</height>
						<include>art_Frame-nf</include>
						</control>						
				<!-- logo -->	
				<control type="image">
				<left>177</left>
				<top>110</top>
					   <width>200</width>
				       <height>200</height>					   
					  <aspectratio align="center">keep</aspectratio>
				<texture>$VAR[art_Logo.Condition]</texture>
				<visible>Container.Content(artists) | Container.Content(albums)</visible>
			</control>	
					</control>
				</control>
			</control>
			<!--portrait-->
			<control type="group">
				<visible>[Container.Content(albums) | Container.Content(songs) | Window.IsActive(MusicFiles)] | [Container.Content(artists) + !Skin.HasSetting(view.list.artistfanart)]</visible>
				<control type="image">
					<width>532</width>
					<height>500</height>
					<texture background="true">$INFO[ListItem.Art(thumb)]</texture>
					<bordertexture border="7">frames/frame-white.png</bordertexture>					
					<bordersize>7</bordersize>
					<include>fadeinout</include>
					<aspectratio align="center" aligny="top">keep</aspectratio>
					<fadetime>fadetime_Thumb</fadetime>
					<visible>!SubString(Container.FolderPath,plugin://)</visible>
				</control>			
			</control>
		</control>
	</include>
	<include name="detail_ListAddons">
		<control type="group">
			<left>680</left>
			<top>90</top>
			<include>transition_Content</include>
			<include>toggle_Menu</include>
			<include>transition_Info</include>
			<visible>Control.IsVisible(50) + ![IsEmpty(Container.FolderPath) | StringCompare(Container.FolderPath,addons://enabled/) | StringCompare(Container.FolderPath,addons://all/)] + [StringCompare(Container.FolderPath,addons://outdated/) | StringCompare(Container.FolderPath,addons://disabled/) | SubString(Container.FolderPath,addons://enabled/) | StringCompare(Container.FolderPath,addons://repos/) | SubString(Container.FolderPath,addons://all/) | Container.Content(addons) | Container.Content(files) + SubString(Container.FolderPath,plugin://plugin.)]</visible>
			<control type="image">
				<width>532</width>
				<height>256</height>
				<texture background="true">$INFO[ListItem.Art(thumb)]</texture>
				<bordertexture border="7">frames/frame-nf.png</bordertexture>
				<bordersize>7</bordersize>
				<aspectratio align="left" aligny="top">keep</aspectratio>
				<fadetime>fadetime_Thumb</fadetime>
				<visible>!SubString(Container.FolderPath,plugin://)</visible>
			
			</control>
			<control type="grouplist" id="1000">
				<left>7</left>
				<top>268</top>
				<itemgap>0</itemgap>
				<visible>Control.IsVisible(50) + [Container.Content(addons) | SubString(Container.FolderPath,plugin://)]</visible>
				</control>
				<control type="textbox" id="1003">
				<top>400</top>
					<width>532</width>
					<height>194</height>
					<label>$VAR[global_Plot]</label>					
					<include>detail_Text</include>
					<visible>Control.IsVisible(50) + [Container.Content(addons) | SubString(Container.FolderPath,plugin://)]</visible>
				
				</control>	
		</control>
	</include>
<!--BIG LIST-->
	<include name="view_BigList">
		<control type="group">
			<include>transition_Content</include>
			<include>transition_Info</include>
			<include>toggle_Menu</include>
			<!--selector-->
			<control type="image">
				<left>40</left>
				<top>244</top>
				<width>1205</width>
				<height>144</height>
				<texture>frames/frame-fo.png</texture>
				<visible>Control.IsVisible(51) + ![ControlGroup(6000).HasFocus | ControlGroup(4000).HasFocus | Window.IsActive(movieinformation)] + [Container.Content(episodes) | Container.Content(tvshows) | Container.Content(movies)]</visible>
			</control>
			<!--container-->
			<control type="fixedlist" id="51">
				<viewtype label="537">biglist</viewtype>
				<left>40</left>
				<top>90</top>
				<width>1205</width>
				<height>616</height>
				<onleft>6000</onleft>
				<onright>70</onright>
				<onup>51</onup>
				<ondown>51</ondown>
				<pagecontrol>70</pagecontrol>
				<focusposition>1</focusposition>
				<include>global_ListScroll</include>
				<preloaditems>2</preloaditems>
				<orientation>vertical</orientation>
				<visible>Container.Content(movies) | Container.Content(tvshows) | Container.Content(episodes)</visible>
			<!--landscape layout-->
				<itemlayout condition="!SubString(Container.FolderPath,plugin://) + [[Container.Content(movies) | Container.Content(tvshows)] + !Skin.HasSetting(view.biglist.posters)] | Container.Content(episodes)" width="1205" height="154">
					 <control type="image">		  
				    <animation condition="true" effect="Fade" start="85" end="85" time="0">Conditional</animation>					 
				<left>-25</left>
				<width>1280</width>
				<height>144</height>		
                    <texture background="true">frames/contentpanel.png</texture>
					<aspectratio>stretch</aspectratio>						        
					   </control>
					<include>view_BigList-LandscapeCommons</include>					
					<control type="group">
						<left>260</left>
						<top>4</top>
						<control type="label">
							<width>920</width>
							<label>$VAR[global_Title]</label>
							<include>container_Title</include>
						</control>
						<control type="label">
							<top>28</top>
							<width>920</width>
							<label>$VAR[global_Info]</label>
							<include>container_Sub</include>
							<visible>!SubString(Container.FolderPath,plugin)</visible>
						</control>
						<control type="label">
							<top>28</top>
							<width>920</width>
							<label>$VAR[global_Info.Addon]</label>
							<include>container_Sub</include>
							<visible>SubString(Container.FolderPath,plugin)</visible>
						</control>
						<control type="textbox" id="4">
							<top>66</top>
							<width>920</width>
							<height>59</height>
							<label>$VAR[global_Plot]</label>
							<include>container_Text</include>
						</control>
						<control type="image">
							<left>800</left>
							<top>11</top>
							<width>128</width>
							<height>22</height>
							<texture>$VAR[global_Rating]</texture>
							<aspectratio align="right">keep</aspectratio>
							<visible>!IsEmpty(ListItem.Title)</visible>
						</control>
					</control>
				</itemlayout>
				<focusedlayout condition="!SubString(Container.FolderPath,plugin://) + [[Container.Content(movies) | Container.Content(tvshows)] + !Skin.HasSetting(view.biglist.posters)] | Container.Content(episodes)" width="1205" height="154">
					<include>view_BigList-LandscapeCommons</include>
					<control type="group">
						<left>260</left>
						<top>4</top>
						<control type="group">
							<visible>![ControlGroup(6000).HasFocus | ControlGroup(4000).HasFocus]</visible>
							<control type="label">
								<width>920</width>
								<label>$VAR[global_Title]</label>
								<include>container_Title-focus</include>
							</control>
							<control type="label">
								<top>28</top>
								<width>920</width>
								<label>$VAR[global_Info]</label>
								<include>container_Sub-focus</include>
							</control>
							<control type="textbox" id="4">
								<top>73</top>
								<width>920</width>
								<height>55</height>
								<label>$VAR[global_Plot]</label>
								<include>container_Text-focus</include>
							</control>
							<control type="image">
								<left>800</left>
								<top>11</top>
								<width>128</width>
								<height>22</height>
								<texture colordiffuse="Color4">$VAR[global_Rating-fo]</texture>
								<aspectratio align="right">keep</aspectratio>
								<visible>!IsEmpty(ListItem.Title)</visible>
							</control>
						</control>
						<control type="group">
							<visible>[ControlGroup(6000).HasFocus | ControlGroup(4000).HasFocus]</visible>
							<control type="label">
								<width>920</width>
								<label>$VAR[global_Title]</label>
								<include>container_Title</include>
							</control>
							<control type="label">
								<top>28</top>
								<width>920</width>
								<label>$VAR[global_Info]</label>
								<include>container_Sub</include>
							</control>
							<control type="textbox" id="4">
								<top>73</top>
								<width>920</width>
								<height>55</height>
								<label>$VAR[global_Plot]</label>
								<include>container_Text</include>
							</control>
							<control type="image">
								<left>800</left>
								<top>11</top>
								<width>128</width>
								<height>22</height>
								<texture>$VAR[global_Rating]</texture>
								<aspectratio align="right">keep</aspectratio>
								<visible>!IsEmpty(ListItem.Title)</visible>
							</control>
						</control>
						<control type="image">
					<left>-255</left>
					<top>100</top>
					<width>32</width>
            <height>32</height>
			<texture background="true" colordiffuse="videoextras_overlay.png">$VAR[VideoextrasOverlay]</texture>
			<visible>Control.IsVisible(51) + System.HasAddon(script.videoextras) + Window.IsVisible(Videos) + Container.Content(Movies) + !Skin.HasSetting(Enable.videoextrasOverlays)</visible>
		<colordiffuse>FFFFFFFF</colordiffuse>	
		</control>
		</control>
				</focusedlayout>
			<!--portrait layout-->
				<itemlayout condition="[[Container.Content(tvshows) | Container.Content(movies)] + Skin.HasSetting(view.biglist.posters)] | [[Container.Content(tvshows) | Container.Content(movies)] + SubString(Container.FolderPath,plugin://)]" width="1205" height="154">
						 <control type="image">		  
				    <animation condition="true" effect="Fade" start="85" end="85" time="0">Conditional</animation>					 
				<left>-25</left>
				<width>1280</width>
				<height>144</height>			
                    <texture background="true">frames/contentpanel.png</texture>
					<aspectratio>stretch</aspectratio>	
					
					   </control>
					<include>view_BigList-PortraitCommons</include>
					<control type="group">
						<left>126</left>
						<top>4</top>
						<control type="label">	
							<width>775</width>
							<label>$VAR[global_Title]</label>
							<include>container_Title</include>
						</control>
						<control type="label">
							<top>28</top>
							<width>775</width>
							<label>$VAR[global_Info]</label>
							<include>container_Sub</include>
							<visible>!SubString(Container.FolderPath,plugin)</visible>
						</control>
						<control type="label">
							<top>28</top>
							<width>775</width>
							<label>$VAR[global_Info.Addon]</label>
							<include>container_Sub</include>
							<visible>SubString(Container.FolderPath,plugin)</visible>
						</control>
						<control type="textbox" id="4">
							<top>60</top>
							<width>1075</width>
							<height>60</height>
							<label>$VAR[global_Plot]</label>
							<autoscroll delay="300000" time="1000">!Control.HasFocus(13)</autoscroll>
							<include>container_Text</include>
						</control>
						<control type="image">
							<left>934</left>
							<top>11</top>
							<width>128</width>
							<height>22</height>
							<texture>$VAR[global_Rating]</texture>
							<aspectratio align="right">keep</aspectratio>
							<visible>!IsEmpty(ListItem.Title)</visible>
						</control>
					</control>			
				</itemlayout>
				<focusedlayout condition="[[Container.Content(tvshows) | Container.Content(movies)] + Skin.HasSetting(view.biglist.posters)] | [[Container.Content(tvshows) | Container.Content(movies)] + SubString(Container.FolderPath,plugin://)]" width="1205" height="154">
					<include>view_BigList-PortraitCommons</include>
					<control type="group">
						<left>126</left>
						<top>4</top>
						<control type="group">
							<visible>![ControlGroup(6000).HasFocus | ControlGroup(4000).HasFocus]</visible>
							<control type="label">
								<width>775</width>
								<label>$VAR[global_Title]</label>
								<include>container_Title-focus</include>
							</control>
							<control type="label">
								<top>28</top>
								<width>775</width>
								<label>$VAR[global_Info]</label>
								<include>container_Sub-focus</include>
								<visible>!SubString(Container.FolderPath,plugin)</visible>
							</control>
							<control type="label">
								<top>28</top>
								<width>775</width>
								<label>$VAR[global_Info.Addon]</label>
								<include>container_Sub-focus</include>
								<visible>SubString(Container.FolderPath,plugin)</visible>
							</control>
							<control type="textbox" id="4">
								<top>73</top>
								<width>1075</width>
								<height>55</height>
								<label>$VAR[global_Plot]</label>
								<include>container_Text-focus</include>
							</control>
							<control type="image">
								<left>934</left>
								<top>11</top>
								<width>128</width>
								<height>22</height>
								<texture>$VAR[global_Rating-fo]</texture>
								<colordiffuse>Color4</colordiffuse>
								<aspectratio align="right">keep</aspectratio>
								<visible>!IsEmpty(ListItem.Title)</visible>
							</control>
						</control>
						<control type="group">
							<visible>[ControlGroup(6000).HasFocus | ControlGroup(4000).HasFocus]</visible>
							<control type="label">
								<width>775</width>
								<label>$VAR[global_Title]</label>
								<include>container_Title</include>
							</control>
							<control type="label">
								<top>28</top>
								<width>775</width>
								<label>$VAR[global_Info]</label>
								<include>container_Sub</include>
								<visible>!SubString(Container.FolderPath,plugin)</visible>
							</control>
							<control type="label">
								<top>28</top>
								<width>775</width>
								<label>$VAR[global_Info.Addon]</label>
								<include>container_Sub</include>
								<visible>SubString(Container.FolderPath,plugin)</visible>
							</control>
							<control type="textbox" id="4">
								<top>66</top>
								<width>1075</width>
								<height>60</height>
								<label>$VAR[global_Plot]</label>
								<include>container_Text</include>
							</control>
							<control type="image">
								<left>934</left>
								<top>11</top>
								<width>128</width>
								<height>22</height>
								<texture>$VAR[global_Rating]</texture>
								<aspectratio align="right">keep</aspectratio>
								<visible>!IsEmpty(ListItem.Title)</visible>
							</control>
						</control>
						<control type="image">
					<left>-125</left>
					<top>100</top>
					<width>32</width>
            <height>32</height>
			<texture background="true" colordiffuse="videoextras_overlay.png">$VAR[VideoextrasOverlay]</texture>
			<visible>Control.IsVisible(51) + System.HasAddon(script.videoextras) + Window.IsVisible(Videos) + Container.Content(Movies) + !Skin.HasSetting(Enable.videoextrasOverlays)</visible>
		<colordiffuse>FFFFFFFF</colordiffuse>	
		</control>
					</control>
				</focusedlayout>
			</control>
		</control>
	</include>
	<!--landscape layout commons-->
	<include name="view_BigList-LandscapeCommons">
		<control type="group">
			<left>7</left>
			<top>7</top>
			<control type="image">
				<width>231</width>
				<height>130</height>
				<texture background="true">thumbs/default_Landscape.png</texture>
				<aspectratio>scale</aspectratio>
			</control>
			<control type="image">
				<centerleft>115.5</centerleft>
				<centertop>65</centertop>
				<width>64</width>
				<height>64</height>
				<include>art_DefaultIcon</include>
			</control>
			<control type="image">
				<width>231</width>
				<height>130</height>
				<texture background="true">$VAR[thumb_Landscape]</texture>
				<aspectratio>scale</aspectratio>
			</control>
			<control type="image">
				<centerleft>115.5</centerleft>
				<top>60</top>
				<width>168</width>
				<height>65</height>
				<aspectratio align="center" aligny="bottom">keep</aspectratio>
				<include>art_ClearLogo</include>
			</control>
			<control type="group">
				<left>205</left>
				<top>104</top>
				<include>status_Info</include>
			<visible>Skin.HasSetting(overlay_statu.disable)</visible>
			</control>
				<control type="group">
					<left>200</left>
				<top>100</top>
					<width>32</width>
					<height>32</height>
					<visible>Skin.HasSetting(watched.alternative)</visible>
					<control type="image">
						<info>ListItem.Overlay</info>
					</control>
				</control>
			<control type="image">
			<left>-4</left>
			<top>-4</top>
			<width>240</width>
			<height>140</height>
			<include>art_Frame-nf</include>			
			</control>
		</control>	
	</include>
	<!--portrait layout commons-->
	<include name="view_BigList-PortraitCommons">
		<control type="image">
			<width>104</width>
			<height>144</height>
			<include>art_Frame-nf</include>
		</control>
		<control type="group">
			<left>7</left>
			<top>7</top>
			<control type="image">
				<width>90</width>
				<height>130</height>
				<texture background="true">thumbs/default_Portrait.png</texture>
				<aspectratio>stretch</aspectratio>
			</control>
			<control type="image">
				<left>21</left>
				<top>41</top>
				<width>48</width>
				<height>48</height>
				<include>art_DefaultIcon</include>
			</control>
			<control type="image">
				<width>90</width>
				<height>130</height>
				<texture background="true">$VAR[thumb_Portrait]</texture>
				<aspectratio>stretch</aspectratio>
			</control>
			<control type="group">
				<left>64</left>
				<top>104</top>
				<include>status_Info</include>			
				<visible>Skin.HasSetting(overlay_statu.disable)</visible>
			</control>
				<control type="group">
					<left>60</left>
				<top>100</top>
					<width>32</width>
					<height>32</height>
					<visible>Skin.HasSetting(watched.alternative)</visible>
					<control type="image">
						<info>ListItem.Overlay</info>
					</control>
		</control>
		</control>
	</include>
<!--MUSIC PLAYLIST VIEW-->
	<include name="view_Playlist-Commons">	
		<control type="group">			
			<include>transition_Content</include>
			<include>transition_Info</include>
			<control type="image">			
				<width>380</width>
				<height>42</height>
				<texture>views/column-fo.png</texture>
				<colordiffuse>column2</colordiffuse>
			</control>
			<control type="image">		
				<left>383</left>
				<width>300</width>
				<height>42</height>
				<texture>views/column-fo.png</texture>
				<colordiffuse>column2</colordiffuse>
			</control>
			<control type="image">			
				<left>686</left>
				<width>300</width>
				<height>42</height>
				<texture>views/column-fo.png</texture>
				<colordiffuse>column2</colordiffuse>
			</control>
			<control type="image">		
				<left>988</left>
				<width>85</width>
				<height>42</height>
				<texture>views/column-fo.png</texture>
				<colordiffuse>column2</colordiffuse>
			</control>
			<control type="image">		
				<left>1075</left>
				<width>125</width>
				<height>42</height>
				<texture>views/column-fo.png</texture>
				<colordiffuse>column2</colordiffuse>
			</control>
		</control>
	</include>
	<include name="view_Playlist">	
		<control type="image">			
			<include>toggle_Menu</include>
			<include>transition_Content</include>
			<include>transition_Info</include>
		<left>30</left>
		<top>100</top>
		<width>1210</width>
			<height>45</height>
			<texture background="true">frames/contentpanel.png</texture> 
			 <animation condition="true" effect="Fade" start="90" end="90" time="0">Conditional</animation>					 
			<aspectratio>stretch</aspectratio>
			<visible>Window.IsActive(musicplaylist)</visible>
		</control>
		<control type="group">			
			<left>35</left>
			<top>110</top>			
			<control type="group">					
			<include>transition_Content</include>
			<include>transition_Info</include>
				<include>toggle_Menu</include>		
				<left>15</left>
				<control type="label">
					<label>$LOCALIZE[369]</label>
					<width>595</width>
					<include>column_Header</include>
				</control>
				<control type="label">
					<left>383</left>
					<label>$LOCALIZE[557]</label>
					<width>595</width>
					<include>column_Header</include>
				</control>
				<control type="label">
					<left>686</left>
					<label>$LOCALIZE[558]</label>
					<width>595</width>
					<include>column_Header</include>
				</control>
			</control>
			<control type="list" id="50">
				<viewtype label="535">list</viewtype> 	
				<top>35</top>
				<width>1200</width>
				<height>523</height>
				<onup>50</onup>
				<ondown>50</ondown>
				<onleft>6000</onleft>
				<onright>70</onright>
				<pagecontrol>70</pagecontrol>
				<include>global_ListScroll</include>
					<include>toggle_Menu</include>
			<include>transition_Content</include>
			<include>transition_Info</include>
				<orientation>vertical</orientation>
				<visible>Window.IsActive(musicplaylist)</visible>
				<itemlayout width="1200" height="44">
					<include>view_Playlist-Commons</include>
					<control type="group">
						<left>15</left>
						<control type="label">
							<width>350</width>
							<label>$INFO[ListItem.Title]</label>
							<include>column_CommonListItem</include>
						</control>
						<control type="label">
							<left>383</left>
							<width>270</width>
							<label>$INFO[ListItem.Artist]</label>
							<textcolor>Color2</textcolor>
							<include>column_CommonListItem</include>
						</control>
						<control type="label">
							<left>686</left>
							<width>270</width>
							<label>$INFO[ListItem.Album]</label>
							<textcolor>Color3</textcolor>
							<include>column_CommonListItem</include>
						</control>
						<control type="label">
							<left>988</left>
							<width>55</width>
							<label>$INFO[ListItem.Duration]</label>
							<textcolor>Color3</textcolor>
							<include>column_CommonListItem</include>
						</control>				
						<control type="image">
							<left>1067</left>
							<top>9</top>							
							<width>35</width>
							<height>35</height>
							<texture background="true">$VAR[thumb_Square]</texture>						
							<aspectratio align="left">keep</aspectratio>
							<visible>!IsEmpty(ListItem.Title)</visible>
						</control>
					</control>
				</itemlayout>
				<focusedlayout width="1440" height="80">
					<control type="group">
						<visible>![ControlGroup(6000).HasFocus | ControlGroup(4000).HasFocus]</visible>
						<include>view_Playlist-Commons</include>
						<control type="image">
							<width>1200</width>
							<height>80</height>
							<texture>black.png</texture>							
						</control>
						<control type="image">
							<width>1200</width>
							<height>80</height>
							<texture>frames/frame-fo.png</texture>
							<colordiffuse>column1</colordiffuse>
						</control>
						<control type="group">
							<left>15</left>
							<control type="label">
								<width>350</width>
								<label>$INFO[ListItem.Title]</label>
								<include>column_CommonListItem-focus</include>
							</control>
							<control type="image">
							<left>-5</left>
							<top>45</top>
							<width>110</width>
							<height>20</height>
							<texture>$VAR[global_Rating]</texture>
							<aspectratio align="left">keep</aspectratio>
							<colordiffuse>ff888888</colordiffuse>
							<visible>!IsEmpty(ListItem.Title)</visible>
						</control>
							<control type="label">
								<left>383</left>
								<width>270</width>
								<label>$INFO[ListItem.Artist]</label>
								<include>column_CommonListItem-focus</include>
							</control>
							<control type="label">
								<left>686</left>
								<width>270</width>
								<label>$INFO[ListItem.Album]</label>
								<include>column_CommonListItem-focus</include>
							</control>
							<control type="label">
								<left>988</left>
								<width>55</width>
								<label>$INFO[ListItem.Duration]</label>
								<include>column_CommonListItem-focus</include>
							</control>						
		
								<control type="image">
							<left>1067</left>
							<top>5</top>							
							<width>70</width>
							<height>70</height>
							<texture background="true">$VAR[thumb_Square]</texture>						
							<aspectratio align="left">keep</aspectratio>
							<visible>!IsEmpty(ListItem.Title)</visible>
						</control>
						</control>
					</control>
					<control type="group">
						<visible>[ControlGroup(6000).HasFocus | ControlGroup(4000).HasFocus]</visible>
						<include>view_Playlist-Commons</include>
						<control type="group">
							<left>15</left>
							<control type="label">
								<width>350</width>
								<label>$INFO[ListItem.Title]</label>
								<include>column_CommonListItem</include>
							</control>
							<control type="label">
								<left>383</left>
								<width>270</width>
								<label>$INFO[ListItem.Artist]</label>
								<textcolor>Color2</textcolor>
								<include>column_CommonListItem</include>
							</control>
							<control type="label">
								<left>686</left>
								<width>270</width>
								<label>$INFO[ListItem.Album]</label>
								<textcolor>Color3</textcolor>
								<include>column_CommonListItem</include>
							</control>
							<control type="label">
								<left>988</left>
								<width>55</width>
								<label>$INFO[ListItem.Duration]</label>
								<textcolor>Color3</textcolor>
								<include>column_CommonListItem</include>
							</control>
								<control type="image">
							<left>1067</left>
							<top>9</top>							
							<width>70</width>
							<height>70</height>
							<texture background="true">$VAR[thumb_Square]</texture>						
							<aspectratio align="left">keep</aspectratio>
							<visible>!IsEmpty(ListItem.Title)</visible>
						</control>
						</control>
					</control>
				</focusedlayout>
			</control>
		</control>
	</include>
</includes>