<?xml version="1.0" encoding="UTF-8"?>
<includes>
<!--POSTER--> 
	<include name="view_BigList2-ContainerCommons">
	<include>transition_Content</include>
			<include>transition_Info</include>
			<include>toggle_Menu</include>
<control type="image">
   <animation condition="true" effect="Fade" start="50" end="50" time="0">Conditional</animation>					 
			<width>1280</width>
				<height>275</height>
			<include>art_Frame-nf</include>
		</control>	
		<control type="group">		
			<left>7</left>
			<top>7</top>			
			<control type="image">	
				<width>170</width>
				<height>252</height>
				<texture background="true">thumbs/default_Portrait.png</texture>
				<aspectratio>stretch</aspectratio>
			</control>
			<control type="image">
				<left>37</left>
				<top>78</top>
				<width>96</width>
				<height>96</height>
				<include>art_DefaultIcon</include>
			</control>
			<control type="image">
				<width>170</width>
				<height>252</height>
				<texture background="true">$VAR[thumb_Portrait]</texture>
				<aspectratio align="center" aligny="top">scale</aspectratio>
			</control>		
			<control type="group">
				<left>144</left>
				<top>226</top>
				<include>status_Info</include>
				<visible>Skin.HasSetting(overlay_statu.disable)</visible>
			</control>
			<control type="group">
					<left>138</left>
					<top>221</top>
					<width>32</width>
					<height>32</height>
					<visible>Skin.HasSetting(watched.alternative)</visible>
					<control type="image">
						<info>ListItem.Overlay</info>
					</control>
				</control>
			<control type="image">
			<left>-6</left>
			<top>-8</top>
			<width>1280</width>
				<height>275</height>
			<include>art_Frame-nf</include>
			</control>		
			</control>
	</include>
	<include name="view_BigList2">	
	<control type="group">	
			<!--selector-->
			<control type="image">
				<left>30</left>
				<top>95</top>
				<width>1205</width>
				<height>275</height>	
				<texture>frames/frame-fo.png</texture>
				<visible>Control.IsVisible(511) + ![ControlGroup(6000).HasFocus | ControlGroup(4000).HasFocus | Window.IsActive(movieinformation)] + [Container.Content(tvshows) | Container.Content(movies)]</visible>
			</control>
		<control type="fixedlist" id="511">
			<viewtype label="31113">bigicon</viewtype>	
			<left>30</left>
			<top>100</top>
			<width>1205</width>
			<height>568</height>
			<onleft>6000</onleft>
			<onright>70</onright>
			<onup>511</onup>
			<ondown>511</ondown>
			<pagecontrol>70</pagecontrol>			
			<focusposition>0</focusposition>
			<include>global_ListScroll</include>
			<preloaditems>2</preloaditems>
			<orientation>vertical</orientation>	
			<include>transition_Content</include>
			<include>transition_Info</include>
			<include>toggle_Menu</include>
			<visible>Container.Content(movies) | Container.Content(tvshows) | Container.Content(seasons) | Container.Content(sets) | Container.Content(actors)</visible>
			<itemlayout height="285" width="1205">
				 <control type="image">		  
				    <animation condition="true" effect="Fade" start="100" end="100" time="0">Conditional</animation>					 
				<left>-25</left>
				<top>-2</top>
				<width>1280</width>
				<height>275</height>		
                    <texture background="true">frames/contentpanel.png</texture>
					<aspectratio>stretch</aspectratio>						        
					   </control>
				<control type="image">
                        <left>70</left>
                        <top>50</top>
                        <width>185</width>
                        <height>185</height>
                        <aspectratio>keep</aspectratio>
                        <texture background="true">$VAR[Icon_Discart]</texture>
                          <visible>Container.Content(movies)</visible>
                        <bordersize>7</bordersize>
						<visible>Skin.HasSetting(BigList2Discart)</visible>
                    </control>	   
				<include>view_BigList2-ContainerCommons</include>				
				<control type="group">
						<left>260</left>
						<top>4</top>
					<control type="group">	
						<control type="label">
							<width>920</width>
							<label>$VAR[global_Title]</label>
							<include>container_Title</include>
						</control>
						<control type="label">
							<top>28</top>
							<width>920</width>
							<label>$VAR[global_Info]</label>
							<include>container_Sub</include>
							<visible>!SubString(Container.FolderPath,plugin)</visible>
						</control>
						<control type="label">
							<top>28</top>
							<width>920</width>
							<label>$VAR[global_Info.Addon]</label>
							<include>container_Sub</include>
							<visible>SubString(Container.FolderPath,plugin)</visible>
						</control>
						<control type="textbox" id="4">
							<top>66</top>
							<width>920</width>
							<height>140</height>
							<align>justify</align>
							<label>$VAR[global_Plot]</label>
							<autoscroll delay="300000" time="1000">!Control.HasFocus(13)</autoscroll>
							<include>container_Text</include>
						</control>
						<control type="image">
							<left>800</left>
							<top>11</top>
							<width>128</width>
							<height>22</height>
							<texture>$VAR[global_Rating]</texture>
							<aspectratio align="right">keep</aspectratio>
							<visible>!IsEmpty(ListItem.Title)</visible>
						</control>
					</control>
					<control type="group">
				<control type="image">
				<left>0</left>
							<top>210</top>
					<width>86</width>
					<height>50</height>
					<texture>$INFO[ListItem.VideoResolution,flags/video/resolution/,.png]</texture>
					<aspectratio align="center">keep</aspectratio>
					<visible>[Container.Content(movies) | Container.Content(episodes) | Container.Content(musicvideos)] + !IsEmpty(Listitem.VideoResolution)</visible>
				</control>
				<control type="image">
				<left>115</left>
							<top>210</top>
					<width>86</width>
					<height>50</height>
					<texture>$INFO[Listitem.VideoCodec,flags/codec/,.png]</texture>
					<aspectratio align="center">keep</aspectratio>
					<visible>[Container.Content(movies) | Container.Content(episodes) | Container.Content(musicvideos)] + !IsEmpty(Listitem.VideoCodec)</visible>
				</control>
				<control type="image">
				<left>230</left>
							<top>210</top>
					<width>86</width>
					<height>50</height>
					<texture>$INFO[Listitem.AudioCodec,flags/codec/,.png]</texture>
					<aspectratio align="center">keep</aspectratio>
					<visible>[Container.Content(movies) | Container.Content(episodes) | Container.Content(musicvideos)] + !IsEmpty(Listitem.AudioCodec)</visible>
				</control>
				<control type="image">
				<left>345</left>
							<top>210</top>
					<width>86</width>
					<height>50</height>
					<texture>$INFO[Listitem.VideoAspect,flags/video/aspectratio/,.png]</texture>
					<aspectratio align="center">keep</aspectratio>
					<visible>[Container.Content(movies) | Container.Content(episodes) | Container.Content(musicvideos)] + !IsEmpty(Listitem.VideoAspect)</visible>
				</control>
				<control type="image">
				<left>455</left>
							<top>210</top>
					<width>86</width>
					<height>50</height>
					<texture>$VAR[flag_Studio]</texture>
					<aspectratio align="center">keep</aspectratio>					
					<visible>Container.Content(movies) | Container.Content(tvshows) | Container.Content(episodes) | Container.Content(musicvideos)</visible>
				</control>
				<visible>Control.IsVisible(511)</visible> 
			</control>
				</control>	
			</itemlayout>											
			<focusedlayout height="285" width="1205">			
			<control type="image">
                        <left>70</left>
                        <top>50</top>
                        <width>185</width>
                        <height>185</height>
                        <aspectratio>keep</aspectratio>
                        <texture background="true">$VAR[Icon_Discart]</texture>
                          <visible>Container.Content(movies)</visible>
                        <bordersize>7</bordersize>
						<visible>Skin.HasSetting(BigList2Discart)</visible>
                    </control>	
				<include>view_BigList2-ContainerCommons</include>	
				<control type="group">
						<left>260</left>
						<top>4</top>
						<control type="group">
						<visible>![ControlGroup(6000).HasFocus | ControlGroup(4000).HasFocus]</visible>
						<control type="label">
							<width>920</width>
							<label>$VAR[global_Title]</label>
							<include>container_Title-focus</include>
						</control>
						<control type="label">
							<top>28</top>
							<width>920</width>
							<label>$VAR[global_Info]</label>
							<include>container_Sub-focus</include>
							<visible>!SubString(Container.FolderPath,plugin)</visible>
						</control>
						<control type="label">
							<top>28</top>
							<width>920</width>
							<label>$VAR[global_Info.Addon]</label>
							<include>container_Sub-focus</include>
							<visible>SubString(Container.FolderPath,plugin)</visible>
						</control>
						<control type="textbox" id="4">
							<top>66</top>
							<width>920</width>
							<height>140</height>
							<align>justify</align>
							<label>$VAR[global_Plot]</label>
							<include>container_Text-focus</include>
						</control>
						<control type="image">
							<left>800</left>
							<top>11</top>
							<width>128</width>
							<height>22</height>
							<texture>$VAR[global_Rating-fo]</texture>
							<colordiffuse>Color4</colordiffuse>
							<aspectratio align="right">keep</aspectratio>
							<visible>!IsEmpty(ListItem.Title)</visible>
						</control>
					</control>
					<control type="group">					
				<control type="image">
				<colordiffuse>Color4</colordiffuse>
				<left>0</left>
							<top>210</top>
					<width>86</width>
					<height>50</height>
					<texture>$INFO[ListItem.VideoResolution,flags/video/resolution/,.png]</texture>
					<aspectratio align="center">keep</aspectratio>
					<visible>[Container.Content(movies) | Container.Content(episodes) | Container.Content(musicvideos)] + !IsEmpty(Listitem.VideoResolution)</visible>
				</control>
				<control type="image">
				<colordiffuse>Color4</colordiffuse>
				<left>115</left>
							<top>210</top>
					<width>86</width>
					<height>50</height>
					<texture>$INFO[Listitem.VideoCodec,flags/codec/,.png]</texture>
					<aspectratio align="center">keep</aspectratio>
					<visible>[Container.Content(movies) | Container.Content(episodes) | Container.Content(musicvideos)] + !IsEmpty(Listitem.VideoCodec)</visible>
				</control>
				<control type="image">
				<colordiffuse>Color4</colordiffuse>
				<left>230</left>
							<top>210</top>
					<width>86</width>
					<height>50</height>
					<texture>$INFO[Listitem.AudioCodec,flags/codec/,.png]</texture>
					<aspectratio align="center">keep</aspectratio>
					<visible>[Container.Content(movies) | Container.Content(episodes) | Container.Content(musicvideos)] + !IsEmpty(Listitem.AudioCodec)</visible>
				</control>
				<control type="image">
				<colordiffuse>Color4</colordiffuse>
				<left>345</left>
							<top>210</top>
					<width>86</width>
					<height>50</height>
					<texture>$INFO[Listitem.VideoAspect,flags/video/aspectratio/,.png]</texture>
					<aspectratio align="center">keep</aspectratio>
					<visible>[Container.Content(movies) | Container.Content(episodes) | Container.Content(musicvideos)] + !IsEmpty(Listitem.VideoAspect)</visible>
				</control>
				<control type="image">
				<colordiffuse>Color4</colordiffuse>
				<left>455</left>
							<top>210</top>
					<width>86</width>
					<height>50</height>
					<texture>$VAR[flag_Studio]</texture>
					<aspectratio align="center">keep</aspectratio>					
					<visible>Container.Content(movies) | Container.Content(tvshows) | Container.Content(episodes) | Container.Content(musicvideos)</visible>
				</control>
				<visible>Control.IsVisible(511)</visible> 
			</control>
					<control type="group">
							<visible>[ControlGroup(6000).HasFocus | ControlGroup(4000).HasFocus]</visible>
							<control type="label">
								<width>920</width>
								<label>$VAR[global_Title]</label>
								<include>container_Title</include>
							</control>
							<control type="label">							
								<top>28</top>
								<width>920</width>
								<label>$VAR[global_Info]</label>
								<include>container_Sub</include>
								<visible>!SubString(Container.FolderPath,plugin)</visible>
							</control>
							<control type="label">							
								<top>28</top>
								<width>920</width>
								<label>$VAR[global_Info.Addon]</label>
								<include>container_Sub</include>
								<visible>SubString(Container.FolderPath,plugin)</visible>
							</control>
							<control type="textbox" id="4">							
								<top>66</top>
								<width>920</width>
								<height>140</height>
								<label>$VAR[global_Plot]</label>
								<align>justify</align>
								<include>container_Text</include>
							</control>
							<control type="image">							
								<left>934</left>
								<top>11</top>
								<width>128</width>
								<height>22</height>
								<texture>$VAR[global_Rating]</texture>
								<aspectratio align="right">keep</aspectratio>
								<visible>!IsEmpty(ListItem.Title)</visible>
							</control>
						</control>						
					</control>					
			</focusedlayout>
		</control>
		</control>	
	</include>
	<include name="detail_BigList2">		
	</include>
	
	
	<!-- Big List 3 -->
	<include name="view_BigList3-ContainerCommons">
	<include>transition_Content</include>
			<include>transition_Info</include>
			<include>toggle_Menu</include>
<control type="image">
   <animation condition="true" effect="Fade" start="50" end="50" time="0">Conditional</animation>					 
			<width>615</width>
				<height>270</height>
			<include>art_Frame-nf</include>
		</control>
		<control type="group">		
			<left>12</left>
			<top>12</top>			
			<control type="image">	
				<width>170</width>
				<height>252</height>
				<texture background="true">thumbs/default_Portrait.png</texture>
				<aspectratio>stretch</aspectratio>
			</control>
			<control type="image">
				<left>37</left>
				<top>78</top>
				<width>96</width>
				<height>96</height>
				<include>art_DefaultIcon</include>
			</control>	
			<control type="image">				
				<width>170</width>
				<height>252</height>
				<texture background="true">$VAR[thumb_Portrait]</texture>
				<aspectratio align="center" aligny="top">scale</aspectratio>
			</control>	
			<control type="group">
				<left>144</left>
				<top>226</top>
				<include>status_Info</include>
				<visible>Skin.HasSetting(overlay_statu.disable)</visible>
			</control>
			<control type="group">
					<left>138</left>
					<top>221</top>
					<width>32</width>
					<height>32</height>
					<visible>Skin.HasSetting(watched.alternative)</visible>
					<control type="image">
						<info>ListItem.Overlay</info>
					</control>
				</control>					
			</control>
	</include>
	<include name="view_BigList3">	
	<control type="group">	
			<!--selector-->			
		<control type="panel" id="512">
			<viewtype label="31113">bigicon</viewtype>	
			<left>25</left>
			<top>100</top>
			<width>1280</width>
			<height>574</height>
			<onleft>6000</onleft>
			<onright>70</onright>
			<onup>512</onup>
			<ondown>512</ondown>
			<pagecontrol>70</pagecontrol>
			<preloaditems>2</preloaditems>
			<orientation>vertical</orientation>
			<include>global_ListScroll</include>
			<include>transition_Content</include>
			<include>toggle_Menu</include>
			<include>transition_Info</include>
			<visible>Container.Content(movies) | Container.Content(tvshows) | Container.Content(seasons) | Container.Content(sets) | Container.Content(actors)</visible>
			<itemlayout height="295" width="625">			
				<include>view_BigList3-ContainerCommons</include>
					<control type="image">		  
				   <left>-5</left>
				<top>0</top>
				<width>615</width>
				<height>275</height>		
                    <texture background="true">frames/contentpanel.png</texture>
					 <animation condition="true" effect="Fade" start="65" end="65" time="0">Conditional</animation>					 
			
					<aspectratio>stretch</aspectratio>						        
					   </control>	
				<control type="group">
						<left>200</left>
						<top>4</top>				
					<control type="group">	
						<control type="label">
							<width>380</width>
							<label>$VAR[global_Title]</label>
							<include>container_Title</include>
						</control>
						<control type="label">
							<top>28</top>
							<width>380</width>
							<label>$VAR[global_Info]</label>
							<include>container_Sub</include>
							<visible>!SubString(Container.FolderPath,plugin)</visible>
						</control>
						<control type="label">
							<top>28</top>
							<width>380</width>
							<label>$VAR[global_Info.Addon]</label>
							<include>container_Sub</include>
							<visible>SubString(Container.FolderPath,plugin)</visible>
						</control>
						<control type="textbox" id="4">
							<top>66</top>
							<width>395</width>
							<height>190</height>
							<align>justify</align>
							<label>$VAR[global_Plot]</label>
							<autoscroll delay="300000" time="1000">!Control.HasFocus(13)</autoscroll>
							<include>container_Text</include>
						</control>
						
					</control>					
				</control>	
			</itemlayout>											
			<focusedlayout height="295" width="625">
				<control type="image">	
				<left>-0</left>
				<top>0</top>
				<width>615</width>
				<height>275</height>		
				<texture>frames/frame-fo.png</texture>
					</control>
				<include>view_BigList3-ContainerCommons</include>					
				<control type="group">
						<left>200</left>
						<top>4</top>						
						<control type="group">
						<visible>![ControlGroup(6000).HasFocus | ControlGroup(9000).HasFocus]</visible>
						<control type="label">
							<width>380</width>
							<label>$VAR[global_Title]</label>
							<include>container_Title-focus</include>
						</control>
						<control type="label">
							<top>28</top>
							<width>380</width>
							<label>$VAR[global_Info]</label>
							<include>container_Sub-focus</include>
							<visible>!SubString(Container.FolderPath,plugin)</visible>
						</control>
						<control type="label">
							<top>28</top>
							<width>380</width>
							<label>$VAR[global_Info.Addon]</label>
							<include>container_Sub-focus</include>
							<visible>SubString(Container.FolderPath,plugin)</visible>
						</control>
						<control type="textbox" id="4">
							<top>66</top>
							<width>395</width>
							<height>190</height>
							<align>justify</align>
							<label>$VAR[global_Plot]</label>
							<include>container_Text-focus</include>
						</control>						
					</control>					
					<control type="group">
							<visible>[ControlGroup(6000).HasFocus | ControlGroup(4000).HasFocus]</visible>
							<control type="label">
								<width>380</width>
								<label>$VAR[global_Title]</label>
								<include>container_Title</include>
							</control>
							<control type="label">							
								<top>28</top>
								<width>380</width>
								<label>$VAR[global_Info]</label>
								<include>container_Sub</include>
								<visible>!SubString(Container.FolderPath,plugin)</visible>
							</control>
							<control type="label">							
								<top>28</top>
								<width>380</width>
								<label>$VAR[global_Info.Addon]</label>
								<include>container_Sub</include>
								<visible>SubString(Container.FolderPath,plugin)</visible>
							</control>
							<control type="textbox" id="4">							
								<top>66</top>
								<width>395</width>
								<height>190</height>
								<label>$VAR[global_Plot]</label>
								<align>justify</align>
								<include>container_Text</include>
							</control>							
						</control>
					</control>
			</focusedlayout>
		</control>
		</control>	
	</include>
	<include name="detail_BigList3">
		<control type="grouplist" id="100">
				<left>65%</left>
				<bottom>5</bottom>
				<width>510</width>
				<height>40</height>
				<itemgap>10</itemgap>
				<orientation>horizontal</orientation>
					<include>toggle_Menu</include>
			<include>transition_Content</include>
			<include>transition_Info</include>	
				<control type="image">
					<width>76</width>
					<height>44</height>
					<texture>$INFO[ListItem.StarRating,rating/nf-,]</texture>
					<aspectratio align="center">keep</aspectratio>
				</control>
				<control type="image">
					<width>76</width>
					<height>44</height>
					<texture>$INFO[ListItem.VideoResolution,flags/video/resolution/,.png]</texture>
					<aspectratio align="center">keep</aspectratio>
					<visible>[Container.Content(movies) | Container.Content(episodes) | Container.Content(musicvideos)] + !IsEmpty(Listitem.VideoResolution)</visible>
				</control>
				<control type="image">
					<width>76</width>
					<height>44</height>
					<texture >$INFO[Listitem.VideoCodec,flags/codec/,.png]</texture>
					<aspectratio align="center">keep</aspectratio>
					<visible>[Container.Content(movies) | Container.Content(episodes) | Container.Content(musicvideos)] + !IsEmpty(Listitem.VideoCodec)</visible>
				</control>
				<control type="image">
					<width>76</width>
					<height>44</height>
					<texture>$INFO[Listitem.AudioCodec,flags/codec/,.png]</texture>
					<aspectratio align="center">keep</aspectratio>
					<visible>[Container.Content(movies) | Container.Content(episodes) | Container.Content(musicvideos)] + !IsEmpty(Listitem.AudioCodec)</visible>
				</control>
				<control type="image">
					<width>76</width>
					<height>44</height>
					<texture>$INFO[Listitem.VideoAspect,flags/video/aspectratio/,.png]</texture>
					<aspectratio align="center">keep</aspectratio>
					<visible>[Container.Content(movies) | Container.Content(episodes) | Container.Content(musicvideos)] + !IsEmpty(Listitem.VideoAspect)</visible>
				</control>				
				<visible>Control.IsVisible(512)</visible>
			</control>	
	</include>
</includes>