﻿<?xml version="1.0" encoding="UTF-8"?>
<includes>
            <include name="detail_Panel_Art">	
<control type="group">
<control type="image">       
			<include>screen_Dimensions</include>
			<texture background="true">$VAR[global_Fanart]</texture>
			<aspectratio align="center" aligny="top">scale</aspectratio>				
		</control>
		<control type="image">  
		<top>120</top>
			<include>screen_Dimensions</include>
			<texture background="true"colordiffuse="50ff111111">overlays\vignetteFullScreen.png</texture>
			<aspectratio align="center" aligny="top">scale</aspectratio>				
		</control>	
		<control type="label">
				<left>20</left>
			<top>680</top>
						<label>$VAR[global_Title]</label>
						<width>625</width>
						<include>detail_Title</include>							
					</control>
		<visible>Control.IsVisible(691) + Control.HasFocus(8000)</visible>
		</control>			
            <control type="image">
			<include>transition_Info</include>
		<include>toggle_Menu</include>
		<include>transition_Content</include>
			<left>315</left>
			<top>108</top>
			<width>1200</width>
				<height>375</height>
			<texture colordiffuse="190000000">overlays/white.png</texture>
			<visible>Control.IsVisible(691) + !Control.HasFocus(8000)</visible>
			</control>		
			<control type="image">		     	 		 	 
			<include>transition_Info</include>
			<include>toggle_Menu</include>
			<include>transition_Content</include>
			<top>110</top>
			<left>40</left>
			<width>280</width>
			<height>372</height>
			<texture background="true">thumbs/default_Portrait.png</texture>
			<aspectratio>scale</aspectratio>				 
			<visible>Control.IsVisible(691) + !Control.HasFocus(8000)</visible>
			</control>
			<control type="image">
			<include>transition_Info</include>
			<include>toggle_Menu</include>
			<include>transition_Content</include>
			<top>100</top>
			<left>40</left>
				<width>280</width>
				<height>383</height>
				<texture background="true">$VAR[thumb_Portrait]</texture>
				<aspectratio>scale</aspectratio>
				<include>fadeinout</include>				
				<visible>Control.IsVisible(691) + !Control.HasFocus(8000)</visible>
			</control>
		<control type="group">
			<include>transition_Info</include>
			<include>toggle_Menu</include>
			<include>transition_Content</include>
			<visible>Control.IsVisible(691) + !Control.HasFocus(8000)</visible>
			<visible>Container.Content(movies) | Container.Content(tvshows) | Container.Content(seasons) | Container.Content(episodes) | Container.Content(sets)</visible>
			<control type="image">
			<top>100</top>
			<left></left>
			<width>screen_Dimensions</width>
			<height>5</height>
			<texture background="true">frames/contentpanel.png</texture>
			<aspectratio>stretch</aspectratio>
			</control>			
			<control type="image">
			<top>483</top>
			<left></left>
			<width>screen_Dimensions</width>
			<height>53</height>
			<texture border="5" colordiffuse="Color_Art">overlays/white.png</texture>			
			<aspectratio>stretch</aspectratio>
			<visible>Control.IsVisible(691) + !Control.HasFocus(8000)</visible>
			</control>
			<control type="image">
			<top>535</top>
			<left></left>
			<width>screen_Dimensions</width>
			<height>180</height>
			<texture background="true">view/background_panel_Art.png</texture>	
			<visible>Control.IsVisible(691) + !Control.HasFocus(8000)</visible>
			<aspectratio>stretch</aspectratio>
			</control>
			<control type="image">
				<left>17</left>
					<top>498</top>
					<texture colordiffuse="Color1">$VAR[status_List]</texture>
					<include>status_List</include>					
				</control>
			<control type="label">	
					<left>110</left>
					<top>495</top>
					<width>630</width>
					<height>27</height>
					<scroll>autoscroll_Line</scroll>
					<label>$VAR[global_Title]</label>
					<include>detail_Title_ART</include>
					<animation effect="zoom" start="120" end="120" center="auto" condition="Control.HasFocus(691)">Conditional</animation>
					</control>
			<control type="textbox">
					<top>540</top>
					<left>50</left>
					<width>510</width>
					<align>justify</align>
					<height max="135">auto</height>
					<label>$VAR[global_Plot]</label>
					<textcolor>ff000000</textcolor>
					<include>detail_Text</include>					
					<visible>Control.IsVisible(691) + !Control.HasFocus(8000)</visible>
				</control>
			<control type="grouplist" id="100">
				<left>50</left>
				<bottom>10</bottom>
				<width>510</width>
				<height>40</height>
				<itemgap>30</itemgap>
				<orientation>horizontal</orientation>
				<visible>Control.IsVisible(691) + !Control.HasFocus(8000)</visible>
				<control type="image">
					<width>76</width>
					<height>44</height>
					<texture colordiffuse="af000000">$INFO[ListItem.StarRating,rating/nf-,]</texture>
					<aspectratio align="center">keep</aspectratio>
				</control>
				<control type="image">
					<width>76</width>
					<height>44</height>
					<texture colordiffuse="af000000">$INFO[ListItem.VideoResolution,flags/video/resolution/,.png]</texture>
					<aspectratio align="center">keep</aspectratio>
					<visible>[Container.Content(movies) | Container.Content(episodes) | Container.Content(musicvideos)] + !IsEmpty(Listitem.VideoResolution)</visible>
				</control>
				<control type="image">
					<width>76</width>
					<height>44</height>
					<texture colordiffuse="af000000">$INFO[Listitem.VideoCodec,flags/codec/,.png]</texture>
					<aspectratio align="center">keep</aspectratio>
					<visible>[Container.Content(movies) | Container.Content(episodes) | Container.Content(musicvideos)] + !IsEmpty(Listitem.VideoCodec)</visible>
				</control>
				<control type="image">
					<width>76</width>
					<height>44</height>
					<texture colordiffuse="af000000">$INFO[Listitem.AudioCodec,flags/codec/,.png]</texture>
					<aspectratio align="center">keep</aspectratio>
					<visible>[Container.Content(movies) | Container.Content(episodes) | Container.Content(musicvideos)] + !IsEmpty(Listitem.AudioCodec)</visible>
				</control>
				<control type="image">
					<width>76</width>
					<height>44</height>
					<texture colordiffuse="af000000">$INFO[Listitem.VideoAspect,flags/video/aspectratio/,.png]</texture>
					<aspectratio align="center">keep</aspectratio>
					<visible>[Container.Content(movies) | Container.Content(episodes) | Container.Content(musicvideos)] + !IsEmpty(Listitem.VideoAspect)</visible>
				</control>
				<control type="image">
					<width>76</width>
					<height>44</height>
					<texture colordiffuse="af000000">$VAR[flag_Studio]</texture>
					<aspectratio align="center">keep</aspectratio>					
					<visible>Container.Content(movies) | Container.Content(tvshows) | Container.Content(episodes) | Container.Content(musicvideos)</visible>
				</control>
			</control>
			<control type="label">
				<left>765</left>
					<top>505</top>
					<width>490</width>
					<align>right</align>
					<aligny>right</aligny>
					<label>$VAR[global_Info]</label>
					<textcolor>ffffffff</textcolor>
					<include>detail_Sub</include>
					<scroll>true</scroll>
					<visible>![Container.Content(addons) | Container.Content(programs)]</visible>
					</control>			
					<control type="label">
					<left>765</left>
					<top>505</top>
					<width>490</width>
					<align>right</align>
					<aligny>right</aligny>
					<label>$LOCALIZE[19114] $INFO[ListItem.Property(Addon.Version),, • ]$LOCALIZE[31144] $INFO[ListItem.Property(Addon.Creator)]</label>
					<textcolor>ffffffff</textcolor>
					<include>detail_Sub</include>							
					<visible>[Container.Content(addons) | Container.Content(programs)]</visible>
                    </control>
		</control>
		<control type="group">
		<visible>Control.IsVisible(691) + !Control.HasFocus(8000)</visible>
		<control type="image">
		<include>transition_Info</include>
		<include>toggle_Menu</include>
		<include>transition_Content</include>
		<left>600</left>
		<top>540</top>
		<width>320</width>
		<height>170</height>
		<texture background="true">$VAR[view_Extra.Thumb3]</texture>
		<aspectratio>scale</aspectratio>          			
		</control>			
		<control type="image">
		<include>transition_Info</include>
		<include>toggle_Menu</include>
		<include>transition_Content</include>
		<left>940</left>
		<top>540</top>
		<width>320</width>
		<height>170</height>
		<texture background="true">$VAR[view_Extra.Thumb2]</texture>
		<aspectratio>scale</aspectratio>			
		</control>	
		<visible>Control.IsVisible(691) + !Skin.HasSetting(PanelArt_thumb.enable)</visible>	
	</control>
	<control type="group">
	<visible>Control.IsVisible(691) + !Control.HasFocus(8000)</visible>
		<control type="image">
		<include>transition_Info</include>
		<include>toggle_Menu</include>
		<include>transition_Content</include>
		<left>600</left>
		<top>540</top>
		<width>320</width>
		<height>170</height>
		<texture background="true">$VAR[art:Logo2]</texture>
		<aspectratio>keep</aspectratio>	      			
		</control>
		<control type="image">
		<include>transition_Info</include>
		<include>toggle_Menu</include>
		<include>transition_Content</include>
		<left>940</left>
		<top>540</top>
		<width>320</width>
		<height>170</height>
		<texture background="true">$VAR[view_Extra.Thumb2]</texture>
		<aspectratio>scale</aspectratio>		
		</control>		
		<visible>Control.IsVisible(691) + Skin.HasSetting(PanelArt_logo.enable)</visible>
	</control>
	<control type="group">
	<visible>Control.IsVisible(691) + !Control.HasFocus(8000)</visible>
		<control type="image">
			<include>transition_Info</include>
			<include>toggle_Menu</include>
			<include>transition_Content</include>
			<top>570</top>
			<left>590</left>
			<width>3</width>
			<height>125</height>
			<texture>dialogs\separator\vertical.png</texture>	
			<visible>Control.IsVisible(691)</visible>
			<aspectratio>stretch</aspectratio>
			</control>				
			<control type="image">
			<include>transition_Info</include>
			<include>toggle_Menu</include>
			<include>transition_Content</include>
			<top>535</top>
			<left>975</left>
			<width>340</width>
			<height>175</height>
			<texture background="true">$VAR[Global_Fanart]</texture>
			<aspectratio>scale</aspectratio>
			<include>fadeinout</include>				
			<visible>Control.IsVisible(691) + !SubString(Container.FolderPath,plugin://plugin.video.the.trailers)</visible>
			</control>
		<!--info container-->
			<control type="grouplist" id="1000">
			<visible>Control.IsVisible(691) + !Control.HasFocus(8000)</visible>
			<orientation>vertical</orientation>
			<include>transition_Info</include>
		    <include>toggle_Menu</include>
		    <include>transition_Content</include>
			<left>620</left>
			<top>545</top>
			<height>320</height>
			<itemgap>0</itemgap>
					<!--writer-->
					<control type="group">
						<width>350</width>
						<height>22</height>
						<visible>!IsEmpty(ListItem.Writer)</visible>
						<control type="label">
							<width>350</width>
							<label>$LOCALIZE[20417] :  $INFO[ListItem.Writer]</label>
							<textcolor>ff000000</textcolor>
							<include>detail_Sub</include>
							<include>autoscroll_Line</include>
						</control>
					</control>
					<!--director-->
					<control type="group">
						<width>350</width>
						<height>22</height>
						<visible>!IsEmpty(ListItem.Director)</visible>
						<control type="label">
							<width>350</width>
							<label>$LOCALIZE[20339] :  $INFO[ListItem.Director]</label>
							<textcolor>ff000000</textcolor>
							<include>detail_Sub</include>
							<include>autoscroll_Line</include>
						</control>
					</control>
					<!--studio-->
					<control type="group">
						<width>350</width>
						<height>22</height>
						<visible>Container.Content(movies) + !IsEmpty(ListItem.Studio)</visible>						
						<control type="label">
							<width>350</width>
							<label>$LOCALIZE[572] :  $INFO[ListItem.Studio]</label>
							<textcolor>ff000000</textcolor>
							<include>detail_Sub</include>
							<include>autoscroll_Line</include>
						</control>
					</control>
					<!--channel-->
					<control type="group">
						<width>350</width>
						<height>22</height>
						<visible>!Container.Content(movies) + !IsEmpty(ListItem.Studio)</visible>
						<control type="label">
							<width>350</width>
							<label>$LOCALIZE[19029] :  $INFO[ListItem.Studio]</label>
							<textcolor>ff000000</textcolor>
							<include>detail_Sub</include>
							<include>autoscroll_Line</include>
						</control>
					</control>
					<!--rating-->
					<control type="group">
						<width>350</width>
						<height>22</height>
						<visible>!IsEmpty(ListItem.RatingAndVotes)</visible>
						<control type="label">
							<width>350</width>
							<label>$LOCALIZE[563] :  $INFO[ListItem.RatingAndVotes]</label>
							<textcolor>ff000000</textcolor>
							<include>detail_Sub</include>
							<include>autoscroll_Line</include>
						</control>
					</control>
					<!--mpaa-->
					<control type="group">
						<width>350</width>
						<height>22</height>
						<visible>!IsEmpty(ListItem.MPAA)</visible>
						<control type="label">
							<width>350</width>
							<label>$LOCALIZE[31500] : $INFO[ListItem.MPAA]</label>
							<textcolor>ff000000</textcolor>
							<include>detail_Sub</include>
							<include>autoscroll_Line</include>
						</control>
					</control>	
					<visible>Control.IsVisible(691) + Skin.HasSetting(PanelArt_Casting.enable)</visible>	
				</control>	
				<visible>Control.IsVisible(691) + Skin.HasSetting(PanelArt_Casting.enable)</visible>
		    </control>
</include>
<!--PORTRAIT-->
	<include name="viewPanel_Art">
    <control type="image">
		<include>transition_Info</include>
		<include>toggle_Menu</include>
		<include>transition_Content</include>
			<top>98</top>
			<left>0</left>
			<width>1280</width>
			<height>385</height>
			<texture background="true">frames/contentpanel.png</texture>
			<aspectratio>stretch</aspectratio>
			<visible>Control.IsVisible(691)</visible>	
	</control>
		<control type="fixedlist" id="691">		
			<viewtype label="ART">Wrap</viewtype>			
			<left>55</left>
			<top>115</top>
			<width>1280</width>
			<height>720</height>
			<onup>6000</onup>
			<ondown condition="!Window.IsActive(Pictures)">8000</ondown>
			<ondown condition="Window.IsActive(Pictures)">71</ondown>
			<onleft>691</onleft>
			<onright>691</onright>
			<focusposition>0</focusposition>
			<pagecontrol>71</pagecontrol>
			<orientation>horizontal</orientation>
			<include>global_Scrolltime</include>
			<include>transition_Content</include>
			<include>transition_Info</include>
			<include>toggle_Menu</include>
			<visible>Container.Content(movies) | Container.Content(tvshows) | Container.Content(seasons) | Container.Content(episodes) | Container.Content(sets)</visible>
			<itemlayout width="155" height="365">				
			<include>viewPanel_Art-ContainerCommons</include>
			<control type="image">
				<width>270</width>
				<height>365</height>
				<texture background="true">$VAR[thumb_Portrait]</texture>	
				<animation effect="rotatey" center="75" start="60" end="-22" time="0" condition="true">Conditional</animation>			
			<aspectratio>scale</aspectratio>
			</control>			
			</itemlayout>
			<focusedlayout  width="290" height="370">
			<include>viewPanel_Art-ContainerCommons</include>				
			</focusedlayout>
			<itemlayout width="155" height="365" condition="![Control.IsVisible(691)] + !Skin.HasSetting(wrap)"></itemlayout>
        <focusedlayout height="525" width="858" condition="![Control.IsVisible(691)] + !Skin.HasSetting(wrap)"></focusedlayout>
        <itemlayout width="290" height="370" condition="![Control.IsVisible(691)] + Skin.HasSetting(wrap)"></itemlayout>
        <focusedlayout width="290" height="370" condition="![Control.IsVisible(691)] + Skin.HasSetting(wrap)"></focusedlayout>
		</control>
	</include>
	<include name="viewPanel_Art-ContainerCommons">
		<visible>Container.Content(movies) | Container.Content(tvshows) | Container.Content(seasons) | Container.Content(episodes) | Container.Content(sets)</visible>
		</include>	
		<!-----// // // // View ART 2 (id692) // // // -->
<include name="detail_Panel_Art2">
           <control type="image">
			<include>transition_Info</include>
			<include>toggle_Menu</include>
			<include>transition_Content</include>
			<top>100</top>
			<left>374</left>
				<width>903</width>
				<height>383</height>
				<texture background="true">$VAR[thumb_Landscape]</texture>
				<aspectratio align="left" aligny="top">scale</aspectratio> 
				<include>fadeinout</include>				
				<visible>Control.IsVisible(692)</visible>
			</control>
			<control type="image">
			<include>transition_Info</include>
			<include>toggle_Menu</include>
			<include>transition_Content</include>
			<top>100</top>
			<left>235</left>
				<width>350</width>
				<height>383</height>
				<texture>frames/frame-panel-Art.png</texture>
				<animation condition="true" effect="Fade" start="100" end="50" time="0">Conditional</animation>					 
			  	<aspectratio>keep</aspectratio> 
				<include>fadeinout</include>				
				<visible>Control.IsVisible(692)</visible>
			</control>
			<control type="image">
			<include>transition_Info</include>
			<include>toggle_Menu</include>
			<include>transition_Content</include>
			<top>100</top>
			<left>1085</left>
				<width>350</width>
				<height>383</height>
				<texture>frames/frame-panel-Art-right.png</texture>
				<animation condition="true" effect="Fade" start="100" end="50" time="0">Conditional</animation>					 
				<aspectratio>keep</aspectratio> 
				<include>fadeinout</include>				
				<visible>Control.IsVisible(692)</visible>
			</control>
		<control type="group">
			<include>transition_Info</include>
			<include>toggle_Menu</include>
			<include>transition_Content</include>
			<visible>Control.IsVisible(692)</visible>	
			<visible>Container.Content(movies) | Container.Content(tvshows) | Container.Content(seasons) | Container.Content(episodes) | Container.Content(sets)</visible>
			<control type="image">
			<top>100</top>
			<left></left>
			<width>screen_Dimensions</width>
			<height>5</height>
			<texture background="true">frames/contentpanel.png</texture>
			<aspectratio>stretch</aspectratio>
			</control>
			<control type="image">
			<top>478.5</top>
			<left></left>
			<width>screen_Dimensions</width>
			<height>5</height>
			<texture background="true">frames/contentpanel.png</texture>
			<aspectratio>stretch</aspectratio>
			</control>	
			<control type="image">
			<top>483</top>
			<left></left>
			<width>screen_Dimensions</width>
			<height>53</height>
			<texture border="5" colordiffuse="Color_Art">overlays/white.png</texture>			
			<aspectratio>stretch</aspectratio>
			<visible>Control.IsVisible(692)</visible>
			</control>
			<control type="image">
			<top>535</top>
			<left></left>
			<width>screen_Dimensions</width>
			<height>180</height>
			<texture background="true">view/background_panel_Art.png</texture>	
			<visible>Control.IsVisible(692)</visible>
			<aspectratio>stretch</aspectratio>
			</control>
			<control type="image">
				<left>17</left>
					<top>498</top>
					<texture colordiffuse="Color1">$VAR[status_List]</texture>
					<include>status_List</include>
				</control>
			<control type="label">	
					<left>110</left>
					<top>495</top>
					<width>630</width>
					<height>27</height>
					<scroll>autoscroll_Line</scroll>
					<label>$VAR[global_Title]</label>
					<include>detail_Title_ART</include>
					<animation effect="zoom" start="120" end="120" center="auto" condition="Control.HasFocus(692)">Conditional</animation>
					</control>
			<control type="textbox">
					<top>540</top>
					<left>50</left>
					<width>510</width>
					<align>justify</align>
					<height max="135">auto</height>
					<label>$VAR[global_Plot]</label>
					<textcolor>ff000000</textcolor>
					<include>detail_Text</include>					
					<visible>Control.IsVisible(692)</visible>
				</control>
			<control type="grouplist" id="100">
				<left>50</left>
				<bottom>10</bottom>
				<width>510</width>
				<height>40</height>
				<itemgap>30</itemgap>
				<orientation>horizontal</orientation>
				<control type="image">
					<width>76</width>
					<height>44</height>
					<texture colordiffuse="af000000">$INFO[ListItem.StarRating,rating/nf-,]</texture>
					<aspectratio align="center">keep</aspectratio>
				</control>
				<control type="image">
					<width>76</width>
					<height>44</height>
					<texture colordiffuse="af000000">$INFO[ListItem.VideoResolution,flags/video/resolution/,.png]</texture>
					<aspectratio align="center">keep</aspectratio>
					<visible>[Container.Content(movies) | Container.Content(episodes) | Container.Content(musicvideos)] + !IsEmpty(Listitem.VideoResolution)</visible>
				</control>
				<control type="image">
					<width>76</width>
					<height>44</height>
					<texture colordiffuse="af000000">$INFO[Listitem.VideoCodec,flags/codec/,.png]</texture>
					<aspectratio align="center">keep</aspectratio>
					<visible>[Container.Content(movies) | Container.Content(episodes) | Container.Content(musicvideos)] + !IsEmpty(Listitem.VideoCodec)</visible>
				</control>
				<control type="image">
					<width>76</width>
					<height>44</height>
					<texture colordiffuse="af000000">$INFO[Listitem.AudioCodec,flags/codec/,.png]</texture>
					<aspectratio align="center">keep</aspectratio>
					<visible>[Container.Content(movies) | Container.Content(episodes) | Container.Content(musicvideos)] + !IsEmpty(Listitem.AudioCodec)</visible>
				</control>
				<control type="image">
					<width>76</width>
					<height>44</height>
					<texture colordiffuse="af000000">$INFO[Listitem.VideoAspect,flags/video/aspectratio/,.png]</texture>
					<aspectratio align="center">keep</aspectratio>
					<visible>[Container.Content(movies) | Container.Content(episodes) | Container.Content(musicvideos)] + !IsEmpty(Listitem.VideoAspect)</visible>
				</control>
				<control type="image">
					<width>76</width>
					<height>44</height>
					<texture colordiffuse="af000000">$VAR[flag_Studio]</texture>
					<aspectratio align="center">keep</aspectratio>					
					<visible>Container.Content(movies) | Container.Content(tvshows) | Container.Content(episodes) | Container.Content(musicvideos)</visible>
				</control>
			</control>
		<control type="label">
				<left>765</left>
					<top>505</top>
					<width>490</width>
					<align>right</align>
					<aligny>right</aligny>
					<label>$VAR[global_Info]</label>
					<textcolor>ffffffff</textcolor>
					<include>detail_Sub</include>
					<scroll>true</scroll>
					<visible>![Container.Content(addons) | Container.Content(programs)]</visible>
					</control>			
					<control type="label">
					<left>765</left>
					<top>505</top>
					<width>490</width>
					<align>right</align>
					<aligny>right</aligny>
					<label>$LOCALIZE[19114] $INFO[ListItem.Property(Addon.Version),, • ]$LOCALIZE[31144] $INFO[ListItem.Property(Addon.Creator)]</label>
					<textcolor>ffffffff</textcolor>
					<include>detail_Sub</include>							
					<visible>[Container.Content(addons) | Container.Content(programs)]</visible>
                    </control>
		</control>
	<control type="group">
		<control type="image">
		<include>transition_Info</include>
		<include>toggle_Menu</include>
		<include>transition_Content</include>
		<left>600</left>
		<top>540</top>
		<width>320</width>
		<height>170</height>
		<texture background="true">$VAR[view_Extra.Thumb3]</texture>
		<aspectratio>scale</aspectratio>          			
		</control>			
		<control type="image">
		<include>transition_Info</include>
		<include>toggle_Menu</include>
		<include>transition_Content</include>
		<left>940</left>
		<top>540</top>
		<width>320</width>
		<height>170</height>
		<texture background="true">$VAR[view_Extra.Thumb2]</texture>
		<aspectratio>scale</aspectratio>			
		</control>	
		<visible>Control.IsVisible(692) + !Skin.HasSetting(PanelArt2_thumb.enable)</visible>	
	</control>
	<control type="group">
		<control type="image">
		<include>transition_Info</include>
		<include>toggle_Menu</include>
		<include>transition_Content</include>
		<left>600</left>
		<top>540</top>
		<width>320</width>
		<height>170</height>
		<texture background="true">$VAR[art:Logo2]</texture>
		<aspectratio>keep</aspectratio>	      			
		</control>
		<control type="image">
		<include>transition_Info</include>
		<include>toggle_Menu</include>
		<include>transition_Content</include>
		<left>940</left>
		<top>540</top>
		<width>320</width>
		<height>170</height>
		<texture background="true">$VAR[view_Extra.Thumb2]</texture>
		<aspectratio>scale</aspectratio>		
		</control>		
		<visible>Control.IsVisible(692) + Skin.HasSetting(PanelArt2_logo.enable)</visible>
	</control>
	<control type="group">
		<control type="image">
			<include>transition_Info</include>
			<include>toggle_Menu</include>
			<include>transition_Content</include>
			<top>570</top>
			<left>590</left>
			<width>3</width>
			<height>125</height>
			<texture>dialogs\separator\vertical.png</texture>	
			<visible>Control.IsVisible(692)</visible>
			<aspectratio>stretch</aspectratio>
			</control>				
			<control type="image">
			<include>transition_Info</include>
			<include>toggle_Menu</include>
			<include>transition_Content</include>
			<top>535</top>
			<left>1142</left>
			<width>135</width>
			<height>180</height>
			<texture background="true">$VAR[thumb_Portrait]</texture>
			<aspectratio>scale</aspectratio>
			<include>fadeinout</include>				
			<visible>Control.IsVisible(692)</visible>
			</control>
		<!--info container-->
			<control type="grouplist" id="1000">				
			<orientation>vertical</orientation>
			<include>transition_Info</include>
		    <include>toggle_Menu</include>
		    <include>transition_Content</include>
			<left>620</left>
			<top>545</top>
			<height>320</height>
			<itemgap>0</itemgap>
					<!--writer-->
					<control type="group">
						<width>400</width>
						<height>22</height>
						<visible>!IsEmpty(ListItem.Writer)</visible>
						<control type="label">
							<width>400</width>
							<label>$LOCALIZE[20417] :  $INFO[ListItem.Writer]</label>
							<textcolor>ff000000</textcolor>
							<include>detail_Sub</include>
							<include>autoscroll_Line</include>
						</control>
					</control>
					<!--director-->
					<control type="group">
						<width>400</width>
						<height>22</height>
						<visible>!IsEmpty(ListItem.Director)</visible>
						<control type="label">
							<width>400</width>
							<label>$LOCALIZE[20339] :  $INFO[ListItem.Director]</label>
							<textcolor>ff000000</textcolor>
							<include>detail_Sub</include>
							<include>autoscroll_Line</include>
						</control>
					</control>
					<!--studio-->
					<control type="group">
						<width>400</width>
						<height>22</height>
						<visible>Container.Content(movies) + !IsEmpty(ListItem.Studio)</visible>						
						<control type="label">
							<width>400</width>
							<label>$LOCALIZE[572] :  $INFO[ListItem.Studio]</label>
							<textcolor>ff000000</textcolor>
							<include>detail_Sub</include>
							<include>autoscroll_Line</include>
						</control>
					</control>
					<!--channel-->
					<control type="group">
						<width>400</width>
						<height>22</height>
						<visible>!Container.Content(movies) + !IsEmpty(ListItem.Studio)</visible>
						<control type="label">
							<width>400</width>
							<label>$LOCALIZE[19029] :  $INFO[ListItem.Studio]</label>
							<textcolor>ff000000</textcolor>
							<include>detail_Sub</include>
							<include>autoscroll_Line</include>
						</control>
					</control>
					<!--rating-->
					<control type="group">
						<width>400</width>
						<height>22</height>
						<visible>!IsEmpty(ListItem.RatingAndVotes)</visible>
						<control type="label">
							<width>400</width>
							<label>$LOCALIZE[563] :  $INFO[ListItem.RatingAndVotes]</label>
							<textcolor>ff000000</textcolor>
							<include>detail_Sub</include>
							<include>autoscroll_Line</include>
						</control>
					</control>
					<!--mpaa-->
					<control type="group">
						<width>400</width>
						<height>22</height>
						<visible>!IsEmpty(ListItem.MPAA)</visible>
						<control type="label">
							<width>400</width>
							<label>$LOCALIZE[31500] : $INFO[ListItem.MPAA]</label>
							<textcolor>ff000000</textcolor>
							<include>detail_Sub</include>
							<include>autoscroll_Line</include>
						</control>
					</control>	
					<visible>Control.IsVisible(692) + Skin.HasSetting(PanelArt2_Casting.enable)</visible>	
				</control>	
				<visible>Control.IsVisible(692) + Skin.HasSetting(PanelArt2_Casting.enable)</visible>
		    </control>
</include>
	<include name="viewPanel_Art2">
    <control type="image">
		<include>transition_Info</include>
		<include>toggle_Menu</include>
		<include>transition_Content</include>
			<top>98</top>
			<left>0</left>
			<width>1280</width>
			<height>385</height>
		<texture background="true">frames/contentpanel.png</texture>
			<aspectratio>stretch</aspectratio>
			<visible>Control.IsVisible(692)</visible>	
	</control>
		<control type="wraplist" id="692">		
			<viewtype label="ART">List</viewtype>			
			<left>13</left>
			<top>140</top>
			<width>1280</width>
			<height>350</height>
			<onleft>6000</onleft>			
			<onright>70</onright>
			<onup>692</onup>
			<ondown>692</ondown>
			<focusposition>8</focusposition>
			<movement>0</movement>
			<pagecontrol>70</pagecontrol>
			<orientation>vertical</orientation>
			<include>global_ListScroll</include>
			<include>toggle_Menu</include>
			<include>transition_Content</include>
			<include>transition_Info</include>	
			<visible>Container.Content(movies) | Container.Content(tvshows) | Container.Content(seasons) | Container.Content(episodes) | Container.Content(sets)</visible>
			<itemlayout condition="IsEmpty(Container.FolderPath)" width="340" height="40">
			</itemlayout>
			<focusedlayout condition="IsEmpty(Container.FolderPath)" width="340" height="40">						
			</focusedlayout>
			<itemlayout condition="Container.Content(movies) | Container.Content(sets) | Container.Content(tvshows) | Container.Content(seasons)" width="420" height="40">
				<control type="label">
					<left>15</left>
					<top>6</top>
					<width>340</width>
					<height>27</height>
					<label>$VAR[global_Title]</label>
					<include>container_Title</include>					
				</control>
			</itemlayout>
			<focusedlayout condition="Container.Content(movies) | Container.Content(sets) | Container.Content(tvshows) | Container.Content(seasons)" width="420" height="40">
			</focusedlayout>			
		</control>
	</include>
	<include name="viewPanel_Art2-ContainerCommons">
		<visible>Container.Content(movies) | Container.Content(tvshows)</visible>
	</include>	
<!-----// // // // View Tri Panel ART  (id694) // // // -->
<include name="detail_TriPanel_Art"> 
			<control type="label">	
			<include>toggle_Menu</include>
			<include>transition_Content</include>
			<include>transition_Info</include>	
						<label>$VAR[gallery_Header]</label>
						<top>175</top>
						<left>875</left>
				    <width>360</width>
						<textcolor>Color3</textcolor>
						<include>detail_Title</include>
						 <visible>Control.IsVisible(694)</visible>
					</control>
			<control type="textbox">
			<include>transition_Info</include>
			<include>toggle_Menu</include>
			<include>transition_Content</include>
				<top>208</top>
				<left>875</left>
				    <width>360</width>
					<height>190</height>
					<align>justify</align>
					<label>$VAR[global_Plot]</label>
					<include>detail_Text</include>
					<visible>Control.IsVisible(694)</visible>
						</control>					
				<control type="image">
				<include>transition_Info</include>
			<include>toggle_Menu</include>
			<include>transition_Content</include>
				<top>425</top>
				<left>875</left>
				<width>363</width>
				<height>170</height>
				<texture background="true">$VAR[view_Extra.Thumb2]</texture>
				<aspectratio align="left" aligny="top">scale</aspectratio>
				<visible>Control.IsVisible(694) + Container.Content(movies)</visible>
				</control>
				<control type="image">
				<include>transition_Info</include>
			<include>toggle_Menu</include>
			<include>transition_Content</include>
				<top>425</top>
				<left>875</left>
				<width>363</width>
				<height>190</height>
				<texture background="true">$VAR[thumb_Landscape]</texture>
				<aspectratio>scale</aspectratio>
				<visible>Control.IsVisible(694) + Container.Content(tvshows)</visible>
				</control>
				<control type="image">
				<include>transition_Info</include>
			<include>toggle_Menu</include>
			<include>transition_Content</include>
				<top>690</top>
				<left>875</left>
				<width>363</width>
				<height>170</height>
				<texture background="true" flipy="true">$VAR[thumb_Landscape]</texture>
				<aspectratio>scale</aspectratio>
				<visible>Control.IsVisible(694) + Container.Content(tvshows)</visible>
					<animation condition="true" effect="Fade" start="100" end="20" time="0">Conditional</animation>					 
				</control>	
						<control type="grouplist" id="100">
				<include>transition_Info</include>
			<include>toggle_Menu</include>
			<include>transition_Content</include>
				<left>68.9%</left>
				<bottom>75</bottom>
				<width>510</width>
				<height>40</height>
				<itemgap>16</itemgap>
				<orientation>horizontal</orientation>
				<control type="image">
					<width>76</width>
					<height>44</height>
					<texture>$INFO[ListItem.VideoResolution,flags/video/resolution/,.png]</texture>
					<aspectratio align="center">keep</aspectratio>
					<visible>[Container.Content(movies) | Container.Content(episodes) | Container.Content(musicvideos)] + !IsEmpty(Listitem.VideoResolution)</visible>
				</control>
				<control type="image">
					<width>76</width>
					<height>44</height>
					<texture >$INFO[Listitem.VideoCodec,flags/codec/,.png]</texture>
					<aspectratio align="center">keep</aspectratio>
					<visible>[Container.Content(movies) | Container.Content(episodes) | Container.Content(musicvideos)] + !IsEmpty(Listitem.VideoCodec)</visible>
				</control>
				<control type="image">
					<width>76</width>
					<height>44</height>
					<texture>$INFO[Listitem.AudioCodec,flags/codec/,.png]</texture>
					<aspectratio align="center">keep</aspectratio>
					<visible>[Container.Content(movies) | Container.Content(episodes) | Container.Content(musicvideos)] + !IsEmpty(Listitem.AudioCodec)</visible>
				</control>
				<control type="image">
					<width>76</width>
					<height>44</height>
					<texture>$INFO[Listitem.VideoAspect,flags/video/aspectratio/,.png]</texture>
					<aspectratio align="center">keep</aspectratio>
					<visible>[Container.Content(movies) | Container.Content(episodes) | Container.Content(musicvideos)] + !IsEmpty(Listitem.VideoAspect)</visible>
				</control>				
				<visible>Control.IsVisible(694)</visible>
			</control>
					<control type="grouplist" id="100">
				<include>transition_Info</include>
			<include>toggle_Menu</include>
			<include>transition_Content</include>
				<left>68.9%</left>
				<bottom>20</bottom>
				<width>510</width>
				<height>40</height>
				<itemgap>16</itemgap>
				<orientation>horizontal</orientation>
					<animation condition="true" effect="Fade" start="100" end="7" time="0">Conditional</animation>					 
				<control type="image">
					<width>76</width>
					<height>44</height>
					<texture  flipy="true">$INFO[ListItem.VideoResolution,flags/video/resolution/,.png]</texture>
					<aspectratio align="center">keep</aspectratio>
					<visible>[Container.Content(movies) | Container.Content(episodes) | Container.Content(musicvideos)] + !IsEmpty(Listitem.VideoResolution)</visible>
				</control>
				<control type="image">
					<width>76</width>
					<height>44</height>
					<texture  flipy="true">$INFO[Listitem.VideoCodec,flags/codec/,.png]</texture>
					<aspectratio align="center">keep</aspectratio>
					<visible>[Container.Content(movies) | Container.Content(episodes) | Container.Content(musicvideos)] + !IsEmpty(Listitem.VideoCodec)</visible>
				</control>
				<control type="image">
					<width>76</width>
					<height>44</height>
					<texture  flipy="true">$INFO[Listitem.AudioCodec,flags/codec/,.png]</texture>
					<aspectratio align="center">keep</aspectratio>
					<visible>[Container.Content(movies) | Container.Content(episodes) | Container.Content(musicvideos)] + !IsEmpty(Listitem.AudioCodec)</visible>
				</control>
				<control type="image">
					<width>76</width>
					<height>44</height>
					<texture  flipy="true">$INFO[Listitem.VideoAspect,flags/video/aspectratio/,.png]</texture>
					<aspectratio align="center">keep</aspectratio>
					<visible>[Container.Content(movies) | Container.Content(episodes) | Container.Content(musicvideos)] + !IsEmpty(Listitem.VideoAspect)</visible>
				</control>				
				<visible>Control.IsVisible(694)</visible>
			</control>
</include>
	<include name="viewTriPanel_Art">
	<control type="image">
		<include>transition_Content</include>
			<include>transition_Info</include>
			<include>toggle_Menu</include>
				<top>525</top>
				<left>0</left>
				<width>1280</width>
				<height>250</height>
			<texture border="5" colordiffuse="ff252525">coverflow/coverflow_frame.png</texture>
				<animation condition="true" effect="Fade" start="100" end="80" time="0">Conditional</animation>					 
			<aspectratio>stretch</aspectratio>
			<visible>Control.IsVisible(694)</visible> 
			</control>	
	<control type="image">
		<include>transition_Info</include>
		<include>toggle_Menu</include>
		<include>transition_Content</include>
		<top>160</top>
			<left>855</left>
				<width>390</width>
							<height>500</height>
		<texture background="true">frames/contentpanel.png</texture>
			<aspectratio>stretch</aspectratio>
			<animation condition="true" effect="Fade" start="100" end="80" time="0">Conditional</animation>					 
		<visible>!IsEmpty(ListItem.Title)</visible>
			<visible>Control.IsVisible(694)</visible>	
	</control>
	<control type="image">
		<include>transition_Info</include>
		<include>toggle_Menu</include>
		<include>transition_Content</include>
		<top>655</top>
			<left>853</left>
				<width>390</width>
							<height>520</height>
		<texture background="true" flipy="true">frames/contentpanel.png</texture>
		<colordiffuse>base_2</colordiffuse>
			<aspectratio>stretch</aspectratio>
			<animation condition="true" effect="Fade" start="100" end="40" time="0">Conditional</animation>					 
		<visible>!IsEmpty(ListItem.Title)</visible>
			<visible>Control.IsVisible(694)</visible>	
	</control>
	<control type="image">
		<include>transition_Info</include>
		<include>toggle_Menu</include>
		<include>transition_Content</include>
		<top>127</top>
		<left>470</left>
		<width>392</width>
		<height>558</height>
		<texture background="true">frames/contentpanel.png</texture>
		<aspectratio>stretch</aspectratio>
		<visible>Control.IsVisible(694)</visible>	
		<visible>!IsEmpty(ListItem.Title)</visible>
	     </control>
		 <control type="image">
			<include>transition_Info</include>
			<include>toggle_Menu</include>
			<include>transition_Content</include>
			<top>166</top>
			<left>725</left>
				<width>350</width>
				<height>485</height>
				<texture>frames/frame-panel-Art.png</texture>
				<animation condition="true" effect="Fade" start="100" end="80" time="0">Conditional</animation>					 
			  	<aspectratio>keep</aspectratio> 
				<include>fadeinout</include>				
				<visible>Control.IsVisible(694)</visible>
				<visible>!IsEmpty(ListItem.Title)</visible>
			</control>
	     <control type="image">
			<include>transition_Info</include>
			<include>toggle_Menu</include>
			<include>transition_Content</include>
			<top>135</top>
			<left>469</left>
			<width>385</width>
			<height>540</height>
			<texture background="true">$VAR[thumb_Portrait]</texture>
			<aspectratio aligny="top" align="right">stretch</aspectratio> 
			<include>fadeinout</include>				
			<visible>Control.IsVisible(694)</visible>
			</control>
			<control type="image">
		<include>transition_Info</include>
		<include>toggle_Menu</include>
		<include>transition_Content</include>
		<top>683</top>
		<left>470</left>
		<width>390</width>
		<height>568</height>
		<texture background="true"flipy="true">frames/contentpanel.png</texture>
		<animation condition="true" effect="Fade" start="100" end="30" time="0">Conditional</animation>					 
		<aspectratio>stretch</aspectratio>
		<visible>Control.IsVisible(694)</visible>	
		<visible>!IsEmpty(ListItem.Title)</visible>
	     </control>
	     <control type="image">
			<include>transition_Info</include>
			<include>toggle_Menu</include>
			<include>transition_Content</include>
			<top>686</top>
			<left>460</left>
			<width>393</width>
			<height>550</height>
			<texture background="true"flipy="true">$VAR[thumb_Portrait]</texture>
			<animation condition="true" effect="Fade" start="100" end="25" time="0">Conditional</animation>					 
			<aspectratio aligny="top" align="right">stretch</aspectratio> 
			<include>fadeinout</include>				
			<visible>Control.IsVisible(694)</visible>
			</control>				
			<control type="group">
			<left>-33</left>
			<control type="group">
			<include>transition_Info</include>
			<include>toggle_Menu</include>
			<include>transition_Content</include>
			<left>862</left>
			<top>658</top>				
			<include>status_Info</include>					
			<visible>Skin.HasSetting(overlay_statu.disable)</visible>
			<visible>Control.IsVisible(694)</visible>
			</control>
				<control type="group">
			<include>transition_Info</include>
			<include>toggle_Menu</include>
			<include>transition_Content</include>
				<left>860</left>
				<top>657</top>	
					<width>28</width>
					<height>28</height>
					<visible>Skin.HasSetting(watched.alternative)</visible>
					<control type="image">
						<info>ListItem.Overlay</info>
						<visible>Control.IsVisible(694)</visible>
					</control>
				</control>
			</control>	
			<control type="image">
			<include>transition_Info</include>
			<include>toggle_Menu</include>
			<include>transition_Content</include>
			<top>131</top>
			<left>345</left>
				<width>350</width>
				<height>550</height>
				<texture>frames/frame-panel-Art.png</texture>
				<animation condition="true" effect="Fade" start="100" end="60" time="0">Conditional</animation>					 
			  	<colordiffuse>base_2</colordiffuse>
				<aspectratio>keep</aspectratio> 
				<include>fadeinout</include>				
				<visible>Control.IsVisible(694)</visible>
				<visible>!IsEmpty(ListItem.Title)</visible>
			</control>			
    <control type="image">
		<include>transition_Info</include>
		<include>toggle_Menu</include>
		<include>transition_Content</include>
			<top>98</top>
			<left>25</left>
			<width>450</width>
			<height>608</height>
		<texture background="true">frames/contentpanel.png</texture>
		<animation condition="true" effect="Fade" start="100" end="100" time="0">Conditional</animation>		  	
			<aspectratio>stretch</aspectratio>
			<visible>Control.IsVisible(694)</visible>			
	</control>
 <control type="image">
		<include>transition_Info</include>
		<include>toggle_Menu</include>
		<include>transition_Content</include>
			<top>699</top>
			<left>25</left>
			<width>450</width>
			<height>610</height>
		<texture background="true"flipy="true">frames/contentpanel.png</texture>
		<animation condition="true" effect="Fade" start="100" end="65" time="0">Conditional</animation>		  	
			<aspectratio>stretch</aspectratio>
			<visible>Control.IsVisible(694)</visible>			
	</control>	
		<control type="wraplist" id="694">		
			<viewtype label="ART">List</viewtype>			
			<left>30</left>
			<top>110</top>
			<width>600</width>
			<height>580</height>
			<onleft>6000</onleft>			
			<onright>70</onright>
			<onup>694</onup>
			<ondown>694</ondown>
			<focusposition>1</focusposition>
			<movement>0</movement>
			<pagecontrol>70</pagecontrol>
			<orientation>vertical</orientation>
			<include>global_ListScroll</include>
			<include>toggle_Menu</include>
			<include>transition_Content</include>
			<include>transition_Info</include>	
			<visible>Container.Content(movies) | Container.Content(tvshows) | Container.Content(seasons) | Container.Content(episodes) | Container.Content(sets)</visible>
			<itemlayout condition="IsEmpty(Container.FolderPath)" width="420" height="40">
				<control type="label">
						<left>5</left>
						<top>6</top>
						<width>75</width>						
						<height>27</height>
						<align>left</align>
							<aligny>center</aligny>
							<label fallback="• • • •">$INFO[ListItem.Year]</label>
							<visible>!IsEmpty(ListItem.Title)</visible>
					<include>container_Title</include>
					</control>
					<control type="label">
						<left>75</left>
						<top>6</top>
						<width>325</width>						
						<height>27</height>
						<align>left</align>
							<aligny>center</aligny>							
							<label>$INFO[ListItem.Label]</label>						
					<include>container_Title</include>
					</control>		
			</itemlayout>
			<focusedlayout condition="IsEmpty(Container.FolderPath)" width="420" height="40">
				<control type="group">
					<visible>![ControlGroup(6000).HasFocus | ControlGroup(4000).HasFocus]</visible>
					<control type="image">
						<width>438</width>
						<height>38</height>
						<texture>frames/frame-fo.png</texture>
					</control>
					<control type="label">
						<left>5</left>
						<top>6</top>
						<width>75</width>						
						<height>27</height>
						<align>left</align>
							<aligny>center</aligny>
							<textcolor>Color4</textcolor>
							<label fallback="• • • •">$INFO[ListItem.Year]</label>
							<visible>!IsEmpty(ListItem.Title)</visible>
					<include>container_Title-focus</include>
					</control>
					<control type="label">
						<left>75</left>
						<top>6</top>
						<width>325</width>						
						<height>27</height>
						<align>left</align>
							<aligny>center</aligny>							
							<label>$INFO[ListItem.Label]</label>						
					<include>container_Title-focus</include>
					</control>		
				</control>
				<control type="label">
						<left>5</left>
						<top>6</top>
						<width>75</width>						
						<height>27</height>
						<align>left</align>
							<aligny>center</aligny>
							<textcolor>Color4</textcolor>
							<label fallback="• • • •">$INFO[ListItem.Year]</label>
							<visible>!IsEmpty(ListItem.Title)</visible>
					<include>container_Title-focus</include>
					<visible>![ControlGroup(6000).HasFocus | ControlGroup(4000).HasFocus]</visible>			
					</control>
					<control type="label">
						<left>75</left>
						<top>6</top>
						<width>325</width>						
						<height>27</height>
						<align>left</align>
							<aligny>center</aligny>							
							<label>$INFO[ListItem.Label]</label>						
					<include>container_Title-focus</include>
					<visible>![ControlGroup(6000).HasFocus | ControlGroup(4000).HasFocus]</visible>
					</control>		
			</focusedlayout>
			<itemlayout condition="Container.Content(movies) | Container.Content(sets) | Container.Content(tvshows) | Container.Content(seasons)" width="420" height="40">
				<control type="label">
						<left>5</left>
						<top>6</top>
						<width>75</width>						
						<height>27</height>
						<align>left</align>
							<aligny>center</aligny>
							<textcolor>Color4</textcolor>
							<label fallback="• • • •">$INFO[ListItem.Year]</label>
							<visible>!IsEmpty(ListItem.Title)</visible>
					<include>container_Title</include>					
					</control>
					<control type="label">
						<left>75</left>
						<top>6</top>
						<width>350</width>						
						<height>27</height>
						<align>left</align>
							<aligny>center</aligny>							
							<label>$INFO[ListItem.Label]</label>						
					<include>container_Title</include>
					</control>
			</itemlayout>
			<focusedlayout condition="Container.Content(movies) | Container.Content(sets) | Container.Content(tvshows) | Container.Content(seasons)" width="420" height="65">
				<control type="group">
					<visible>![ControlGroup(6000).HasFocus | ControlGroup(4000).HasFocus]</visible>
					<control type="image">
					<left>0</left>
						<width>438</width>
						<height>65</height>
						<texture>frames/frame-fo.png</texture>
						<include>VisibleFadeEffect</include>
					</control>
					<control type="label">
						<left>5</left>
						<top>6</top>
						<width>75</width>						
						<height>27</height>
						<align>left</align>
							<aligny>center</aligny>
							<textcolor>Color4</textcolor>
							<label fallback="• • • •">$INFO[ListItem.Year]</label>
							<visible>!IsEmpty(ListItem.Title)</visible>
					<include>container_Title-focus</include>
					</control>
					<control type="label">
						<left>75</left>
						<top>6</top>
						<width>350</width>						
						<height>27</height>
						<align>left</align>
							<aligny>center</aligny>							
							<label>$INFO[ListItem.Label]</label>						
					<include>container_Title-focus</include>
					</control>					
					<control type="fadelabel">
					<description>Fade Movie info/Tagline</description>
					<left>75</left>
					<top>35</top>
					<width>350</width>
					<visible>true</visible>
					<scroll>false</scroll>
					<scrollout>false</scrollout>
					<pauseatend>5123</pauseatend>
					<label>$INFO[ListItem.Duration,, $LOCALIZE[31701]] • $INFO[ListItem.mpaa] • IMDB $INFO[ListItem.Rating]</label>
                   <label>$INFO[ListItem.Genre]</label>
				   <label>$LOCALIZE[20339]:$INFO[ListItem.Director,   ,]</label>	
					<textcolor>ff000000</textcolor>	
		            <visible>Container.Content(movies)</visible>
					</control>
					<control type="fadelabel">
					<description>Fade Movie info/Tagline</description>
					<left>75</left>
					<top>35</top>
					<width>415</width>
					<visible>true</visible>
					<scroll>false</scroll>
					<scrollout>false</scrollout>
					<pauseatend>5123</pauseatend>
					<label>$INFO[ListItem.Duration,, $LOCALIZE[31701]] • $INFO[ListItem.mpaa] • IMDB $INFO[ListItem.Rating]</label>
                   <label>$INFO[ListItem.Genre]</label>
				   <label>$LOCALIZE[20339]:$INFO[ListItem.Director,   ,]</label>	
					<textcolor>ff000000</textcolor>	
		            <visible>Container.Content(tvshows)</visible>
					</control>
					<control type="fadelabel">
					<description>Fade Movie info/Tagline</description>
					<left>75</left>
					<top>35</top>
					<width>350</width>
					<visible>true</visible>
					<scroll>false</scroll>
					<scrollout>false</scrollout>
					<pauseatend>5123</pauseatend>
					<label>$INFO[ListItem.Duration,, $LOCALIZE[31701]] • $INFO[ListItem.mpaa] • IMDB $INFO[ListItem.Rating]</label>
                   <label>$INFO[ListItem.Genre]</label>
				   <label>$LOCALIZE[20339]:$INFO[ListItem.Director,   ,]</label>	
					<textcolor>ff000000</textcolor>	
		            <visible>Container.Content(sets)</visible>
					</control>
				</control>
				<control type="group">
					<visible>[ControlGroup(6000).HasFocus | ControlGroup(4000).HasFocus]</visible>
					<control type="image">
					<left>0</left>
						<width>438</width>
						<height>65</height>
						<texture>frames/frame-nf.png</texture>
						<colordiffuse>base_1</colordiffuse>
						<include>VisibleFadeEffect</include>
					</control>
					<control type="label">
						<left>5</left>
						<top>6</top>
						<width>350</width>
						<height>30</height>
					<label>[COLOR=Color4]$INFO[ListItem.Year,,  ][/COLOR] $INFO[ListItem.Label]</label>
					<textcolor>Color4</textcolor>
						<include>container_Title</include>						
					</control>	
					<control type="fadelabel">
					<description>Fade Movie info/Tagline</description>
					<left>75</left>
					<top>35</top>
					<width>350</width>					
					<label>$INFO[ListItem.Duration,, $LOCALIZE[31701]] • $INFO[ListItem.mpaa] • IMDB $INFO[ListItem.Rating]</label>
                  	<textcolor>Color4</textcolor>	
		            <visible>Container.Content(movies)</visible>
					</control>
					<control type="fadelabel">
					<description>Fade Movie info/Tagline</description>
					<left>75</left>
					<top>35</top>
					<width>415</width>					
					<label>$INFO[ListItem.Duration,, $LOCALIZE[31701]] • $INFO[ListItem.mpaa] • IMDB $INFO[ListItem.Rating]</label>
                 	<textcolor>Color4</textcolor>
		            <visible>Container.Content(tvshows)</visible>
					</control>
					<control type="fadelabel">
					<description>Fade Movie info/Tagline</description>
					<left>75</left>
					<top>35</top>
					<width>350</width>				
					<label>$INFO[ListItem.Duration,, $LOCALIZE[31701]] • $INFO[ListItem.mpaa] • IMDB $INFO[ListItem.Rating]</label>
                 <textcolor>Color4</textcolor>
		            <visible>Container.Content(sets)</visible>
					</control>
				</control>				
			</focusedlayout>			
		</control>		
	</include>
	<include name="viewTriPanel_Art-ContainerCommons">
		<visible>Container.Content(movies) | Container.Content(tvshows)</visible>
	</include>
<!-- Panel Art Landscape + List Poster -->
<include name="detail_PanelLandscapeList_Poster_Art">
<control type="group">
	<include>transition_Info</include>
		<include>toggle_Menu</include>
		<include>transition_Content</include>		
	<control type="image">	
		<top>125</top>
			<left>515</left>
				<width>705</width>
							<height>178</height>
		<texture background="true">frames/contentpanel.png</texture>
		<colordiffuse>base_2</colordiffuse>
			<aspectratio>stretch</aspectratio>
			<animation condition="true" effect="Fade" start="100" end="70" time="0">Conditional</animation>					 
		<visible>!IsEmpty(ListItem.Title)</visible>
			<visible>Control.IsVisible(695)</visible>	
	</control>	
 			<control type="label">					
			<label>$VAR[gallery_Header]</label>
			<top>131</top>
			<left>530</left>
			<width>675</width>
			<width>675</width>
			<textcolor>Color3</textcolor>
			<include>detail_Title</include>
			<visible>Control.IsVisible(695)</visible>
			</control>
			<control type="textbox">
			<top>155</top>
			<left>530</left>
			<width>675</width>
			<height>130</height>
			<align>justify</align>
			<label>$VAR[global_Plot]</label>
			<include>detail_Text</include>
			<visible>Control.IsVisible(695)</visible>
			</control>
			<visible>Skin.HasSetting(PanelArt_ListPosterTextBox)</visible>
	</control>	
	<control type="group">
	<include>transition_Info</include>
		<include>toggle_Menu</include>
		<include>transition_Content</include>	
	<control type="image">	
		<top>270</top>
			<left>519</left>
				<width>700</width>
							<height>43</height>
		<texture background="true">frames/contentpanel.png</texture>		
			<aspectratio>scale</aspectratio>
		<visible>!IsEmpty(ListItem.Title)</visible>
			<visible>Control.IsVisible(695)</visible>	
	</control>	
	<control type="label">					
			<label>$VAR[gallery_Header]</label>
			<top>275</top>
			<left>530</left>			
			<width>675</width>
			<textcolor>Color3</textcolor>
			<include>detail_Title</include>
			<visible>Control.IsVisible(695)</visible>
			</control>
			<visible>Skin.HasSetting(PanelArt_ListPosterTagline) + !Skin.HasSetting(PanelArt_ListPosterTextBox)</visible>
		</control>	
				<control type="image">
					<include>transition_Info</include>
			<include>toggle_Menu</include>
			<include>transition_Content</include>
				<left>42%</left>
				<top>685</top>
						<texture colordiffuse="Color3">$VAR[status_List]</texture>
						<include>status_List</include>
						<visible>Control.IsVisible(695)</visible>
					</control>
						<control type="grouplist" id="100">
				<include>transition_Info</include>
			<include>toggle_Menu</include>
			<include>transition_Content</include>
				<left>59%</left>
				<bottom>5</bottom>
				<width>510</width>
				<height>40</height>
				<itemgap>16</itemgap>
				<orientation>horizontal</orientation>
				<control type="image">				
					<width>74</width>
					<height>40</height>
					<texture colordiffuse="Color11">$VAR[flag_Studio]</texture>
					<aspectratio align="center">keep</aspectratio>
					<visible>Container.Content(movies) | Container.Content(tvshows) | Container.Content(episodes)</visible>
				</control>
				<control type="image">
					<width>76</width>
					<height>44</height>
					<texture>$INFO[ListItem.VideoResolution,flags/video/resolution/,.png]</texture>
					<aspectratio align="center">keep</aspectratio>
					<visible>[Container.Content(movies) | Container.Content(episodes) | Container.Content(musicvideos)] + !IsEmpty(Listitem.VideoResolution)</visible>
				</control>
				<control type="image">
					<width>76</width>
					<height>44</height>
					<texture >$INFO[Listitem.VideoCodec,flags/codec/,.png]</texture>
					<aspectratio align="center">keep</aspectratio>
					<visible>[Container.Content(movies) | Container.Content(episodes) | Container.Content(musicvideos)] + !IsEmpty(Listitem.VideoCodec)</visible>
				</control>
				<control type="image">
					<width>76</width>
					<height>44</height>
					<texture>$INFO[Listitem.AudioCodec,flags/codec/,.png]</texture>
					<aspectratio align="center">keep</aspectratio>
					<visible>[Container.Content(movies) | Container.Content(episodes) | Container.Content(musicvideos)] + !IsEmpty(Listitem.AudioCodec)</visible>
				</control>
				<control type="image">
					<width>76</width>
					<height>44</height>
					<texture>$INFO[Listitem.VideoAspect,flags/video/aspectratio/,.png]</texture>
					<aspectratio align="center">keep</aspectratio>
					<visible>[Container.Content(movies) | Container.Content(episodes) | Container.Content(musicvideos)] + !IsEmpty(Listitem.VideoAspect)</visible>
				</control>				
				<visible>Control.IsVisible(695)</visible>
			</control>				
</include>
	<include name="viewPanelLandscapeList_Poster_Art">	
	<control type="image">
		<include>transition_Content</include>
			<include>transition_Info</include>
			<include>toggle_Menu</include>
				<top>540</top>
				<left>0</left>
				<width>1280</width>
				<height>250</height>
			<texture border="5" colordiffuse="ff252525">coverflow/coverflow_frame.png</texture>
				<animation condition="true" effect="Fade" start="100" end="80" time="0">Conditional</animation>					 
			<aspectratio>stretch</aspectratio>
			<visible>Control.IsVisible(695)</visible>
			</control>
	<control type="image">
		<include>transition_Info</include>
		<include>toggle_Menu</include>
		<include>transition_Content</include>
		<top>305</top>
			<left>505</left>
			<width>716</width>
		<height>370</height>
		<texture background="true">frames/contentpanel.png</texture>
		<aspectratio>stretch</aspectratio>
		<visible>Control.IsVisible(695)</visible>	
		<visible>!IsEmpty(ListItem.Title)</visible>
	     </control>		
			<control type="group">
			<include>transition_Info</include>
			<include>toggle_Menu</include>
			<include>transition_Content</include>
	     <control type="image">			
			<top>315</top>
			<left>514</left>
			<width>698</width>
		<height>355</height>
			<texture background="true">$VAR[thumb_Landscape]</texture>
			<aspectratio aligny="top" align="right">stretch</aspectratio> 
			<include>fadeinout</include>				
			<visible>Control.IsVisible(695)</visible>
			</control>
			<control type="image">
					<top>580</top>
			<left>780</left>
					<width>165</width>
					<height>64</height>
					<include>art_ClearLogo</include>
				<visible>Control.IsVisible(695) + Skin.HasSetting(PanelArt_ListPosterLogo)</visible>	
				</control>  
			<control type="image">		
		<top>676</top>
			<left>505</left>
			<width>716</width>
		<height>370</height>
		<texture background="true">frames/contentpanel.png</texture>
		<aspectratio>stretch</aspectratio>
		<visible>Control.IsVisible(695)</visible>
		<visible>!IsEmpty(ListItem.Title)</visible>
	     </control>
	     <control type="image">		
			<top>678</top>
			<left>514</left>
			<width>700</width>
			<height>384</height>
			<texture background="true"flipy="true">$VAR[thumb_Landscape]</texture>
			<animation condition="true" effect="Fade" start="100" end="20" time="0">Conditional</animation>					 
			<aspectratio aligny="top" align="right">stretch</aspectratio> 
			<include>fadeinout</include>				
			<visible>Control.IsVisible(695)</visible>
			</control>
			<visible>Skin.HasSetting(PanelArt_ListPosterLandscape)</visible>	
		</control>			
	<control type="group">
	<include>transition_Info</include>
		<include>toggle_Menu</include>
		<include>transition_Content</include>		
		<top>220</top>
		<left>-525</left>	
		<control type="image">	
		 <fadetime>fadetime_Thumb</fadetime>
		<left>77.4%</left>
		<top>95</top>
		<width>338</width>
		<height>170</height>
		<texture background="true">$VAR[view_Extra.Thumb]</texture>
		<aspectratio>scale</aspectratio> 
		<visible>Control.IsVisible(695)</visible>
		</control>			
		<control type="image">	
		 <fadetime>fadetime_Thumb</fadetime>
		<left>77.4%</left>
		<top>275</top>
		<width>338</width>
		<height>170</height>
		<texture background="true">$VAR[view_Extra.Thumb2]</texture>
		<aspectratio>scale</aspectratio>
		<visible>Control.IsVisible(695)</visible>
		</control>	
		<control type="image">	
		 <fadetime>fadetime_Thumb</fadetime>
		<left>58.2%</left>
		<top>95</top>
		<width>338</width>
		<height>170</height>
		<texture background="true">$VAR[view_Extra.Thumb3]</texture>
		<aspectratio>scale</aspectratio> 
		<visible>Control.IsVisible(695)</visible>
		</control>			
		<control type="image">	
		 <fadetime>fadetime_Thumb</fadetime>
		<left>58.2%</left>
		<top>275</top>
		<width>338</width>
		<height>170</height>
		<texture background="true">$VAR[view_Extra.Thumb4]</texture>
		<aspectratio>scale</aspectratio>
		<visible>Control.IsVisible(695)</visible>
		</control>	
		<visible>!Skin.HasSetting(PanelArt_ListPosterThumbs)</visible>		
	</control>
	<control type="group">
	<include>transition_Info</include>
		<include>toggle_Menu</include>
		<include>transition_Content</include>
		<top>405</top>
		<left>-525</left>	
		<control type="image">	
		 <fadetime>fadetime_Thumb</fadetime>
		<left>58.2%</left>
		<top>275</top>
		<width>338</width>
		<height>183</height>
		<texture background="true"flipy="true">$VAR[view_Extra.Thumb4]</texture>
		<animation condition="true" effect="Fade" start="100" end="20" time="0">Conditional</animation>					 
			<aspectratio aligny="top" align="right">stretch</aspectratio> 
			<visible>Control.IsVisible(695)</visible>       			
		</control>	
		<control type="image">	
		 <fadetime>fadetime_Thumb</fadetime>
		<left>77.4%</left>
		<top>275</top>
		<width>341</width>
		<height>183</height>
		<texture background="true"flipy="true">$VAR[view_Extra.Thumb2]</texture>
		<animation condition="true" effect="Fade" start="100" end="20" time="0">Conditional</animation>					 
			<aspectratio aligny="top" align="right">stretch</aspectratio> 
			   <visible>Control.IsVisible(695)</visible>   			
		</control>
		<visible>!Skin.HasSetting(PanelArt_ListPosterThumbs)</visible>	
	</control>
    <control type="image">
		<include>transition_Info</include>
		<include>toggle_Menu</include>
		<include>transition_Content</include>
			<top>100</top>
			<left>70</left>
			<width>455</width>
			<height>590</height>
		<texture background="true">frames/contentpanel.png</texture>
		<animation condition="true" effect="Fade" start="100" end="100" time="0">Conditional</animation>		  	
			<aspectratio>stretch</aspectratio>
			<visible>Control.IsVisible(695)</visible>			
	</control>
 <control type="image">
		<include>transition_Info</include>
		<include>toggle_Menu</include>
		<include>transition_Content</include>
			<top>690</top>
			<left>70</left>
			<width>455</width>
			<height>100</height>
		<texture background="true"flipy="true">frames/contentpanel.png</texture>
		<animation condition="true" effect="Fade" start="100" end="58" time="0">Conditional</animation>	
	  	<colordiffuse>base_1</colordiffuse>
			<aspectratio>stretch</aspectratio>
			<visible>Control.IsVisible(695)</visible>			
	</control>	
	<control type="image">
			<include>transition_Info</include>
			<include>toggle_Menu</include>
			<include>transition_Content</include>
			<top>315</top>
			<left>375</left>
				<width>350</width>
				<height>355</height>
				<texture>frames/frame-panel-Art.png</texture>
				<animation condition="true" effect="Fade" start="100" end="70" time="0">Conditional</animation>					 
			  	<colordiffuse>base_2</colordiffuse>
				<aspectratio>keep</aspectratio> 
				<include>fadeinout</include>				
				<visible>Control.IsVisible(695)</visible>
				<visible>!IsEmpty(ListItem.Title)</visible>
			</control>	
		<control type="wraplist" id="695">		
			<viewtype label="ART">List</viewtype>			
			<left>80</left>
			<top>130</top>
			<width>600</width>
			<height>525</height>
			<onleft>6000</onleft>			
			<onright>70</onright>
			<onup>695</onup>
			<ondown>695</ondown>
			<focusposition>1</focusposition>
			<movement>0</movement>
			<pagecontrol>70</pagecontrol>
			<orientation>vertical</orientation>
			<include>global_ListScroll</include>
			<include>toggle_Menu</include>
			<include>transition_Content</include>
			<include>transition_Info</include>	
			<visible>Container.Content(movies) | Container.Content(tvshows) | Container.Content(seasons) | Container.Content(episodes) | Container.Content(sets)</visible>
			<itemlayout condition="IsEmpty(Container.FolderPath)" width="420" height="75">
				<control type="image">
				<description>Cover</description>
				<left>0</left>
				<top>0</top>
				<width>53</width>
				<height>73</height>				
				<bordersize>5</bordersize>
				<texture background="true">$VAR[thumb_Portrait]</texture>
				<aspectratio>scale</aspectratio>
			</control>
					<control type="label">
						<left>75</left>
						<top>6</top>
						<width>325</width>						
						<height>27</height>
						<align>left</align>
							<aligny>center</aligny>							
							<label>$INFO[ListItem.Label]</label>						
					<include>container_Title</include>
					</control>					
			</itemlayout>
			<focusedlayout condition="IsEmpty(Container.FolderPath)" width="420" height="75">
				<control type="group">
					<visible>![ControlGroup(6000).HasFocus | ControlGroup(4000).HasFocus]</visible>
					<control type="image">
						<width>438</width>
						<height>73</height>
						<texture>frames/frame-fo.png</texture>
					</control>
					<control type="image">
				<description>Cover</description>
				<left>0</left>
				<top>0</top>
				<width>53</width>
				<height>73</height>				
				<bordersize>5</bordersize>
				<texture background="true">$VAR[thumb_Portrait]</texture>
				<aspectratio>scale</aspectratio>
			</control>
					<control type="label">
						<left>75</left>
						<top>6</top>
						<width>325</width>						
						<height>27</height>
						<align>left</align>
							<aligny>center</aligny>							
							<label>$INFO[ListItem.Label]</label>						
					<include>container_Title-focus</include>
					</control>	
				</control>
				<control type="image">
				<description>Cover</description>
				<left>0</left>
				<top>0</top>
				<width>53</width>
				<height>73</height>				
				<bordersize>5</bordersize>
				<texture background="true">$VAR[thumb_Portrait]</texture>
				<aspectratio>scale</aspectratio>
					<visible>![ControlGroup(6000).HasFocus | ControlGroup(4000).HasFocus]</visible>			
					</control>
					<control type="label">
						<left>75</left>
						<top>6</top>
						<width>325</width>						
						<height>27</height>
						<align>left</align>
							<aligny>center</aligny>							
							<label>$INFO[ListItem.Label]</label>						
					<include>container_Title-focus</include>
					<visible>![ControlGroup(6000).HasFocus | ControlGroup(4000).HasFocus]</visible>
					</control>					
			</focusedlayout>
			<itemlayout condition="Container.Content(movies) | Container.Content(sets) | Container.Content(tvshows) | Container.Content(seasons)" width="420" height="75">
					<control type="image">
				<description>Cover</description>
				<left>0</left>
				<top>0</top>
				<width>53</width>
				<height>73</height>				
				<bordersize>5</bordersize>
				<texture background="true">$VAR[thumb_Portrait]</texture>
				<aspectratio>scale</aspectratio>
			</control>
					<control type="label">
						<left>75</left>
						<top>6</top>
						<width>350</width>						
						<height>27</height>
						<align>left</align>
							<aligny>center</aligny>							
							<label>$INFO[ListItem.Label]</label>						
					<include>container_Title</include>
					</control>
					<control type="label">
				<description>Label2</description>
				<left>75</left>
						<top>35</top>
						<width>350</width>						
						<height>27</height>
						<align>left</align>
				<label>$INFO[ListItem.Duration,, $LOCALIZE[31701]] • $INFO[ListItem.mpaa] • IMDB $INFO[ListItem.Rating]</label>
                <textcolor>Color4</textcolor>
			</control>
			</itemlayout>
			<focusedlayout condition="Container.Content(movies) | Container.Content(sets) | Container.Content(tvshows) | Container.Content(seasons)" width="420" height="85">
				<control type="group">
					<visible>![ControlGroup(6000).HasFocus | ControlGroup(4000).HasFocus]</visible>
					<control type="image">
					<left>0</left>
						<width>438</width>
						<height>74</height>
						<texture>frames/frame-fo.png</texture>
						<include>VisibleFadeEffect</include>
					</control>				
					<control type="image">
				<description>Cover</description>
				<left>0</left>
				<top>0</top>
				<width>53</width>
				<height>73</height>				
				<bordersize>5</bordersize>
				<texture background="true">$VAR[thumb_Portrait]</texture>
				<aspectratio>scale</aspectratio>
			</control>
					<control type="label">
						<left>75</left>
						<top>6</top>
						<width>350</width>						
						<height>27</height>
						<align>left</align>
							<aligny>center</aligny>							
							<label>$INFO[ListItem.Label]</label>						
					<include>container_Title-focus</include>
					</control>					
					<control type="fadelabel">
					<description>Fade Movie info/Tagline</description>
					<left>75</left>
					<top>35</top>
					<width>350</width>
					<visible>true</visible>
					<scroll>false</scroll>
					<scrollout>false</scrollout>
					<pauseatend>5123</pauseatend>
					<label>$INFO[ListItem.Duration,, $LOCALIZE[31701]] • $INFO[ListItem.mpaa] • IMDB $INFO[ListItem.Rating]</label>
                   <label>$INFO[ListItem.Genre]</label>
				   <label>$LOCALIZE[20339]:$INFO[ListItem.Director,   ,]</label>					
					<textcolor>ff000000</textcolor>	
		            <visible>Container.Content(movies)</visible>
					</control>
					<control type="fadelabel">
					<description>Fade Movie info/Tagline</description>
					<left>75</left>
					<top>35</top>
					<width>350</width>
					<visible>true</visible>
					<scroll>false</scroll>
					<scrollout>false</scrollout>	
					<pauseatend>5123</pauseatend>
					<label>$INFO[ListItem.mpaa] • IMDB $INFO[ListItem.Rating]</label>
                   	<label>$INFO[ListItem.Property(UnWatchedEpisodes)] $VAR[global_EpisodeCount]$VAR[nextaired_Info, • ]</label>
					<textcolor>ff000000</textcolor>	
		            <visible>Container.Content(tvshows)</visible>
					</control>					
				</control>
				<control type="group">
					<visible>[ControlGroup(6000).HasFocus | ControlGroup(4000).HasFocus]</visible>
					<control type="image">
					<left>0</left>
						<width>438</width>
						<height>74</height>
						<texture>frames/frame-nf.png</texture>
						<colordiffuse>base_1</colordiffuse>
						<include>VisibleFadeEffect</include>
					</control>	
				<control type="image">
				<description>Cover</description>
				<left>0</left>
				<top>0</top>
				<width>53</width>
				<height>73</height>				
				<bordersize>5</bordersize>
				<texture background="true">$VAR[thumb_Portrait]</texture>
				<aspectratio>scale</aspectratio>			</control>	
			
			<control type="label">
						<left>75</left>
						<top>6</top>
						<width>350</width>						
						<height>27</height>
						<align>left</align>
							<aligny>center</aligny>							
							<label>$INFO[ListItem.Label]</label>
							<textcolor>Color4</textcolor>
					<include>container_Title</include>
					</control>	
					<control type="fadelabel">
					<description>Fade Movie info/Tagline</description>
					<left>75</left>
					<top>35</top>
					<width>350</width>					
					<label>$INFO[ListItem.Duration,, $LOCALIZE[31701]] • $INFO[ListItem.mpaa] • IMDB $INFO[ListItem.Rating]</label>
                 	<textcolor>Color4</textcolor>	
		            <visible>Container.Content(movies)</visible>
					</control>
					<control type="fadelabel">
					<description>Fade Movie info/Tagline</description>
					<left>75</left>
					<top>35</top>
					<width>350</width>					
					<label>$INFO[ListItem.mpaa] • IMDB $INFO[ListItem.Rating]</label>
                   	<textcolor>Color4</textcolor>	
		            <visible>Container.Content(tvshows)</visible>
					</control>					
				</control>				
			</focusedlayout>			
		</control>		
	</include>
	<include name="viewPanelLandscapeList_Poster_Art-ContainerCommons">
		<visible>Container.Content(movies) | Container.Content(tvshows)</visible>
	</include>	
</includes>