﻿<?xml version="1.0" encoding="UTF-8"?>
<!--// // // //View 693\\ \\ \\ \\-->
<includes>
<include name="detail_PanelStrip">
<control type="group">
<control type="image">       
			<include>screen_Dimensions</include>
			<texture background="true">$VAR[global_Fanart]</texture>
			<aspectratio align="center" aligny="top">scale</aspectratio>				
		</control>
		<control type="image">  
		<top>120</top>
			<include>screen_Dimensions</include>
			<texture background="true"colordiffuse="50ff111111">overlays\vignetteFullScreen.png</texture>
			<aspectratio align="center" aligny="top">scale</aspectratio>				
		</control>	
		<control type="label">
				<left>20</left>
			<top>680</top>
						<label>$VAR[global_Title]</label>
						<width>625</width>
						<include>detail_Title</include>							
					</control>
		<visible>Control.IsVisible(693) + Control.HasFocus(8000)</visible>
		</control>	
		<control type="group">
			<include>transition_Info</include>
			<include>toggle_Menu</include>
			<include>transition_Content</include>
			<visible>Control.IsVisible(693)</visible>			
			<visible>Container.Content(movies) | Container.Content(tvshows) | Container.Content(seasons) | Container.Content(episodes) | !Control.HasFocus(8000)</visible>
			<control type="image">
			<top>659</top>			
			<width>screen_Dimension</width>
			<height>58</height>
				<texture border="5">view/background_panel_Art.png</texture>	
			<visible>Control.IsVisible(693) + !Control.HasFocus(8000)</visible>
			</control>	
			<control type="label">
						<top>675</top>
						<left>25</left>
						<label>$VAR[global_Info]</label>
						<textcolor>ff000000</textcolor>
						<width>700</width>
						<include>detail_Sub</include>	
					<visible>!Control.HasFocus(8000)</visible>	
					</control>
			<control type="grouplist" id="100">
				<left>59%</left>
				<top>665</top>
				<width>510</width>
				<height>40</height>
				<itemgap>25</itemgap>
				<orientation>horizontal</orientation>
				<visible>!Control.HasFocus(8000)</visible>	
				<control type="image">
					<width>76</width>
					<height>44</height>
					<texture colordiffuse="af000000">$INFO[ListItem.StarRating,rating/nf-,]</texture>
					<aspectratio align="center">keep</aspectratio>
				</control>
				<control type="image">
					<width>76</width>
					<height>44</height>
					<texture colordiffuse="af000000">$INFO[ListItem.VideoResolution,flags/video/resolution/,.png]</texture>
					<aspectratio align="center">keep</aspectratio>
					<visible>[Container.Content(movies) | Container.Content(episodes) | Container.Content(musicvideos)] + !IsEmpty(Listitem.VideoResolution)</visible>
				</control>
				<control type="image">
					<width>76</width>
					<height>44</height>
					<texture colordiffuse="af000000">$INFO[Listitem.VideoCodec,flags/codec/,.png]</texture>
					<aspectratio align="center">keep</aspectratio>
					<visible>[Container.Content(movies) | Container.Content(episodes) | Container.Content(musicvideos)] + !IsEmpty(Listitem.VideoCodec)</visible>
				</control>
				<control type="image">
					<width>76</width>
					<height>44</height>
					<texture colordiffuse="af000000">$INFO[Listitem.AudioCodec,flags/codec/,.png]</texture>
					<aspectratio align="center">keep</aspectratio>
					<visible>[Container.Content(movies) | Container.Content(episodes) | Container.Content(musicvideos)] + !IsEmpty(Listitem.AudioCodec)</visible>
				</control>
				<control type="image">
					<width>76</width>
					<height>44</height>
					<texture colordiffuse="af000000">$INFO[Listitem.VideoAspect,flags/video/aspectratio/,.png]</texture>
					<aspectratio align="center">keep</aspectratio>
					<visible>[Container.Content(movies) | Container.Content(episodes) | Container.Content(musicvideos)] + !IsEmpty(Listitem.VideoAspect)</visible>
				</control>
				<control type="image">
					<width>76</width>
					<height>44</height>
					<texture colordiffuse="af000000">$VAR[flag_Studio]</texture>
					<aspectratio align="center">keep</aspectratio>					
					<visible>Container.Content(movies) | Container.Content(tvshows) | Container.Content(episodes) | Container.Content(musicvideos)</visible>
				</control>
				<visible>Control.IsVisible(693)</visible>
			</control>			
		</control>
		
</include>
<!--PORTRAIT-->
	<include name="viewPanelStrip">	
		<control type="fixedlist" id="693">		
			<viewtype label="Panel">wrap</viewtype>			
			<left>5</left>
			<top>350</top>
			<width>1272</width>
			<height>425</height>
			<onup>6000</onup>
			<ondown condition="!Window.IsActive(Pictures)">8000</ondown>
			<ondown condition="Window.IsActive(Pictures)">71</ondown>
			<onleft>693</onleft>
			<onright>693</onright>
			<focusposition>1</focusposition>
			<pagecontrol>71</pagecontrol>
			<orientation>horizontal</orientation>
			<include>global_Scrolltime</include>
			<include>transition_Content</include>
			<include>transition_Info</include>
			<include>toggle_Menu</include>
			<visible>Container.Content(movies) | Container.Content(tvshows) | Container.Content(seasons) | Container.Content(episodes)</visible>
		<itemlayout width="220" height="300">			
			<include>viewPanelStrip-ContainerCommons</include>
			
			</itemlayout>
			<focusedlayout width="850" height="300">	
				<control type="image">				
					<width>840</width>
					<height>308</height>
					<include>art_Frame-fo</include>	
			</control>
			<control type="group">
			<control type="image">	
			<top>43</top>
					<width>840</width>
					<height>357</height>
						<aspectratio scalediffuse="true">scale</aspectratio>
					<texture>frames/frame-fo.png</texture>
				<visible>Skin.HasSetting(Landscape_PanelStrip)</visible>	
				</control>
			
			<control type="image">	
			<top>43</top>
					<width>840</width>
					<height>357</height>
						<aspectratio scalediffuse="true">scale</aspectratio>				
					<texture>$VAR[view_Extra.Thumb2]</texture>
				<visible>Skin.HasSetting(Landscape_PanelStrip)</visible>	
				</control>
			</control>	
		
			
			<control type="image">			
			<width>840</width>
			<height>45</height>
			<texture border="5" colordiffuse="ff000000">overlays/white.png</texture>			
			<aspectratio>stretch</aspectratio>
			<visible>Control.IsVisible(693)</visible>
			</control>		
			<control type="image">			
			<width>840</width>
			<height>45</height>
			<texture border="5" colordiffuse="base_2">overlays/white.png</texture>			
			<aspectratio>stretch</aspectratio>
			<visible>Control.IsVisible(693)</visible>
			</control>		
				<control type="image">
                        <left>20</left>
                        <top>20</top>
                        <width>160</width>
                        <height>160</height>
                        <aspectratio>keep</aspectratio>
                        <texture background="true">$VAR[Icon_Discart]</texture>
                        <animation effect="slide" delay="1600" end="0,-100" time="300" tween="quadratic">Focus</animation>
                        <animation effect="slide" start="0,100" end="0" time="150" tween="quadratic" easing="in">Unfocus</animation>
                        <animation effect="zoom" start="70" end="200" center="auto" time="160" condition="Control.HasFocus(52)">Conditional</animation>
                                 <bordersize>7</bordersize>
						<visible>Skin.HasSetting(Discart_PanelStrip)</visible>			 
                    </control>
			<control type="label">
				<left>210</left>
			<top>11</top>
						<label>$VAR[global_Title]</label>
						<width>625</width>
						<include>detail_Title</include>						
					</control>
			<control type="group">
			
			<control type="textbox" id="4">
		               <top>50</top>
						<left>210</left>
						<width>610</width>
						<height>250</height>
						<align>justify</align>
						<label>$VAR[global_Plot]</label>						
						<textcolor>ff000000</textcolor>
						<include>detail_Text</include>
						<visible>!SubString(ListItem.Icon,default)</visible>
						</control>
					<visible>Skin.HasSetting(TextBox_PanelStrip)</visible>		
			</control>	
			<include>viewPanelStrip-ContainerCommons</include>
				
			</focusedlayout>
			
		</control>
	</include>
	<include name="viewPanelStrip-ContainerCommons">	
	<visible>Container.Content(movies) | Container.Content(tvshows) | Container.Content(seasons) | Container.Content(episodes)</visible>
		<control type="group">			
			<control type="image">
				<top>-8</top>
				<left>-2</left>
				<width>208</width>
				<height>323</height>
			<texture border="5">frames/frame-back-alt.png</texture>
			<aspectratio>stretch</aspectratio>
			</control>
			<control type="group">
				<left>10</left>
				<top>10</top>
				<control type="image">
					<width>184</width>
					<height>280</height>
					<texture background="true">thumbs/default_Portrait.png</texture>
					<aspectratio align="center">stretch</aspectratio>
				</control>				 
				<control type="image">
					<left>43.5</left>
					<top>92</top>
					<width>96</width>
					<height>96</height>
					<include>art_DefaultIcon</include>
				</control>
				<control type="image">
					<width>183</width>
					<height>280</height>
					<texture background="true">$VAR[thumb_Portrait]</texture>
					<aspectratio align="center" aligny="top">stretch</aspectratio>
				</control>
				<control type="group">
					<left>157</left>
					<top>254</top>
					<include>status_Info</include>
					<visible>Skin.HasSetting(overlay_statu.disable)</visible>
			</control>
				<control type="group">
					<left>152</left>
					<top>250</top>
					<width>32</width>
					<height>32</height>
					<visible>Skin.HasSetting(watched.alternative)</visible>					
					<control type="image">
					<info>ListItem.Overlay</info>
					</control>					
				</control>
			</control>		
		</control>
	</include>
</includes>