﻿<?xml version="1.0" encoding="UTF-8"?>
<includes>
<include name="detail_PanelTextbox">
<control type="group">
<control type="image">       
			<include>screen_Dimensions</include>
			<texture background="true">$VAR[global_Fanart]</texture>
			<aspectratio align="center" aligny="top">scale</aspectratio>				
		</control>
		<control type="image">  
		<top>120</top>
			<include>screen_Dimensions</include>
			<texture background="true"colordiffuse="50ff111111">overlays\vignetteFullScreen.png</texture>
			<aspectratio align="center" aligny="top">scale</aspectratio>				
		</control>	
		<control type="label">
				<left>20</left>
			<top>680</top>
						<label>$VAR[global_Title]</label>
						<width>625</width>
						<include>detail_Title</include>							
					</control>
				
		<visible>Control.IsVisible(69) + Control.HasFocus(8000)</visible>
		</control>
		<control type="group">
			<include>transition_Info</include>
			<include>toggle_Menu</include>
			<include>transition_Content</include>
			<visible>Control.IsVisible(69) + !Control.HasFocus(8000)</visible>
			<visible>Container.Content(movies) | Container.Content(tvshows) | Container.Content(seasons) | Container.Content(episodes)</visible>
			<control type="group">								
				<control type="image">
				    <left>-10</left>
				    <top>670</top>
				    <width>80</width>
				    <height>40</height>
				    <aspectratio align="right">keep</aspectratio>
				    <texture>$VAR[flag_VideoType-fo]</texture>
				    <visible>Control.IsVisible(69)</visible>
			    </control>				
				<control type="image">
			        <top>660</top>
				    <left>90</left>
				    <width>80</width>
				    <height>60</height>
				    <aspectratio align="center">keep</aspectratio>
				    <texture>$INFO[Listitem.VideoResolution,flags/video/resolution/,.png]</texture>
				    <visible>!IsEmpty(Listitem.VideoResolution)</visible>
				    <visible>Control.IsVisible(69)</visible>
			    </control>
				<control type="image">
				    <top>672</top>
				    <left>172</left>
				    <width>96</width>
				    <height>34</height>
				    <aspectratio align="center">keep</aspectratio>
				    <texture>$INFO[Listitem.AudioChannels,flags/audio/,.png]</texture>
				    <visible>!IsEmpty(Listitem.AudioChannels)</visible>
				    <visible>Control.IsVisible(69)</visible>
			     </control>
				 <control type="image">
			        <top>664</top>
			        <left>270</left>
					<width>85</width>
					<height>50</height>
					<texture>$INFO[Listitem.VideoCodec,flags/codec/,.png]</texture>
					<aspectratio align="center">keep</aspectratio>
					<visible>[Container.Content(movies) | Container.Content(episodes) | Container.Content(musicvideos)] + !IsEmpty(Listitem.VideoCodec)</visible>
					<visible>Control.IsVisible(69)</visible>
				</control>
				<control type="image">
				    <top>665</top>
				    <left>380</left>
					<bottom>40</bottom>
					<width>80</width>
					<height>45</height>
					<aspectratio align="left">keep</aspectratio>
					<texture>$VAR[flag_Studio]</texture>
					<visible>Control.IsVisible(69)</visible>
				</control>	
				<control type="group">
						<top>670</top>
						<left>350</left>						
						<visible>!SubString(ListItem.Icon,default)</visible>
						<control type="label">
						<align>right</align>
						<aligny>right</aligny>
							<width>900</width>
							<label>$VAR[global_Info]</label>
							<include>detail_Sub</include>
							<visible>![Container.Content(addons) | Container.Content(programs)]</visible>
						</control>
						<control type="label">
							<width>960</width>
							<align>right</align>
						<aligny>right</aligny>
							<label>$LOCALIZE[19114] $INFO[ListItem.Property(Addon.Version),, • ]$LOCALIZE[31144] $INFO[ListItem.Property(Addon.Creator)]</label>
							<include>detail_Sub</include>
							<visible>[Container.Content(addons) | Container.Content(programs)]</visible>
						</control>
						<visible>Control.IsVisible(69) + !Control.HasFocus(8000)</visible>
					</control>
			</control>		
		</control>
</include>
<!--PORTRAIT-->
	<include name="viewPanelTextbox">	
		<control type="fixedlist" id="69">		
			<viewtype label="Panel">wrap</viewtype>			
			<left>40</left>
			<top>135</top>
			<width>1280</width>
			<height>550</height>
			<onup>6000</onup>
			<ondown condition="!Window.IsActive(Pictures)">8000</ondown>
			<ondown condition="Window.IsActive(Pictures)">71</ondown>
			<onleft>69</onleft>
			<onright>69</onright>
			<focusposition>1</focusposition>
			<pagecontrol>71</pagecontrol>
			<orientation>horizontal</orientation>
			<include>global_Scrolltime</include>
			<include>transition_Content</include>
			<include>transition_Info</include>
			<include>toggle_Menu</include>
			<visible>Container.Content(movies) | Container.Content(tvshows) | Container.Content(seasons) | Container.Content(episodes)</visible>
			<itemlayout width="405" height="183">				
				<include>viewPanelTextbox-ContainerCommons</include>	
				
			<control type="image">			
				<top>-70</top>
				<left>0</left>
				<width>370</width>
					<height>540</height>
			<texture border="10">overlays/paneltextbox.png</texture>
			<colordiffuse>base_9</colordiffuse>
			<aspectratio>stretch</aspectratio>
			<animation effect="fade" start="100" end="80" time="300" condition="true">Conditional</animation>
		
			</control>
			</itemlayout>
			<focusedlayout width="430" height="183">
			<include>viewPanelTextbox-ContainerCommons</include>
			</focusedlayout>
		</control>
	</include>
	<include name="viewPanelTextbox-ContainerCommons">
		<visible>Container.Content(movies) | Container.Content(tvshows) | Container.Content(seasons) | Container.Content(episodes)</visible>
		<control type="group">	
		<top>-10</top>
		<include>focus_SlidePanel</include>
			<control type="group">
				<left>10</left>
				<top>10</top>
						<control type="image">
				<top>-50</top>
				<left>-20</left>
				<width>395</width>
					<height>550</height>
			<texture border="5">frames/frame-back-alt.png</texture>
			<aspectratio>stretch</aspectratio>
			</control>
			<control type="image">
			<left>-25</left>
			<top>230</top>
			<height>15</height>
			<include>detail_StarRating</include>
			<aspectratio align="right">keep</aspectratio>
			<visible>!SubString(ListItem.Icon,default)</visible>
		</control>	
				<control type="image">
				<top>5</top>
					<width>350</width>
					<height>185</height>
					<texture background="true">$VAR[thumb_Landscape]</texture>
					<aspectratio align="center" aligny="top">scale</aspectratio>
					<visible>Skin.HasSetting(PanelTextbox_Landscape.movies.enable)</visible>
				</control>
				<control type="image">	
				<top>5</top>
					<width>350</width>
					<height>185</height>
					<texture background="true">$VAR[art:Logo2]</texture>
					<visible>!Skin.HasSetting(PanelTextbox_Logo.movies.enable)</visible>
				</control>				
				<control type="label">
					<top>200</top>
					<left>0</left>
				    <width>315</width>
				    <height>20</height>
					<align>left</align>						 
					<label>$VAR[global_Title]</label>
					<textcolor>Color13</textcolor>
					<include>detail_Title</include>
					</control>
					<control type="label">	
						<left>0</left>
						<top>215</top>
						<width>330</width>
						<label>$VAR[global_info_sup]</label>
						<width>900</width>
						<include>detail_Sub</include>						
						<visible>Control.IsVisible(69) + Container.Content(tvshows) | Container.Content(seasons) | Container.Content(episodes)</visible>
					</control>					
				<control type="textbox">
				<top>240</top>				
				<left></left>
				<width>350</width>
				<align>justify</align>
				<height max="210">auto</height>
				<label>$VAR[global_Plot]</label>
				<include>detail_Text</include>
				</control>
				<control type="image">
				<left>330</left>
					<top>200</top>
					<texture colordiffuse="Color3">$VAR[status_List]</texture>
					<include>status_List</include>
				</control>		
			</control>			
		</control>
	</include>	
</includes>