﻿<?xml version="1.0" encoding="UTF-8"?>
<includes>
	<include name="detail_Slide">
	<control type="group">
	<control type="image">       
			<include>screen_Dimensions</include>
			<texture background="true">$VAR[global_Fanart]</texture>
			<aspectratio align="center" aligny="top">scale</aspectratio>		
		</control>
		<control type="image">  
		<top>120</top>
			<include>screen_Dimensions</include>
			<texture background="true"colordiffuse="50ff111111">overlays\vignetteFullScreen.png</texture>
			<aspectratio align="center" aligny="top">scale</aspectratio>				
		</control>	
		<control type="label">
				<left>20</left>
			<top>680</top>
						<label>$VAR[global_Title]</label>
						<width>625</width>
						<include>detail_Title</include>							
					</control>
		<visible>[Control.IsVisible(52) | Control.IsVisible(521)] + Control.HasFocus(8000)</visible>
		</control>	
		<control type="group">
			<include>transition_Info</include>
			<include>toggle_Menu</include>
			<include>transition_Content</include>
			<visible>[Control.IsVisible(52)] + !Control.HasFocus(8000)</visible>			
				<!-- logo -->	
				<control type="image">
					<left>55</left>
					<top>470</top>
					   <width>112</width>
				       <height>100</height>					   
					  <aspectratio align="center">keep</aspectratio>
				<texture>$VAR[art_Logo.Condition]</texture>
				<visible>Container.Content(artists) | Container.Content(albums)</visible>
			</control>	
			<!--flags-->
			<control type="grouplist" id="100">
				<left>660</left>
				<bottom>35</bottom>
				<width>900</width>
				<height>50</height>
				<itemgap>10</itemgap>
				<orientation>horizontal</orientation>
				<control type="image">
					<width>100</width>
					<height>50</height>
					<texture>$INFO[ListItem.StarRating,rating/nf-,]</texture>
					<aspectratio align="center">keep</aspectratio>
				</control>
				<control type="image">
					<width>86</width>
					<height>50</height>
					<texture>$INFO[ListItem.VideoResolution,flags/video/resolution/,.png]</texture>
					<aspectratio align="center">keep</aspectratio>
					<visible>[Container.Content(movies) | Container.Content(episodes) | Container.Content(musicvideos)] + !IsEmpty(Listitem.VideoResolution)</visible>
				</control>
				<control type="image">
					<width>86</width>
					<height>50</height>
					<texture>$INFO[Listitem.VideoCodec,flags/codec/,.png]</texture>
					<aspectratio align="center">keep</aspectratio>
					<visible>[Container.Content(movies) | Container.Content(episodes) | Container.Content(musicvideos)] + !IsEmpty(Listitem.VideoCodec)</visible>
				</control>
				<control type="image">
					<width>86</width>
					<height>50</height>
					<texture>$INFO[Listitem.AudioCodec,flags/codec/,.png]</texture>
					<aspectratio align="center">keep</aspectratio>
					<visible>[Container.Content(movies) | Container.Content(episodes) | Container.Content(musicvideos)] + !IsEmpty(Listitem.AudioCodec)</visible>
				</control>
				<control type="image">
					<width>86</width>
					<height>50</height>
					<texture>$INFO[Listitem.VideoAspect,flags/video/aspectratio/,.png]</texture>
					<aspectratio align="center">keep</aspectratio>
					<visible>[Container.Content(movies) | Container.Content(episodes) | Container.Content(musicvideos)] + !IsEmpty(Listitem.VideoAspect)</visible>
				</control>
				<control type="image">
					<width>86</width>
					<height>50</height>
					<texture>$VAR[flag_Studio]</texture>
					<aspectratio align="center">keep</aspectratio>					
					<visible>Container.Content(movies) | Container.Content(tvshows) | Container.Content(episodes) | Container.Content(musicvideos)</visible>
				</control>
				<visible>Control.IsVisible(52)</visible> 
			</control>
			<control type="group">
				<left>192</left>
				<top>140</top>
				<control type="group">
					<control type="label">
					<left>-2</left>
						<width>1000</width>
						<label>$VAR[global_Title]</label>						
						<include>detail_Title</include>							
					</control>					
					<control type="group">
						<top>30</top>
						<left>-2</left>
						<visible>!SubString(ListItem.Icon,default)</visible>
						<control type="label">
							<width>700</width>
							<label>$VAR[global_Info]</label>
							<include>detail_Sub</include>
							<visible>![Container.Content(addons) | Container.Content(programs)]</visible>
						</control>
						<control type="label">
							<width>700</width>
							<label>$LOCALIZE[19114] $INFO[ListItem.Property(Addon.Version),, • ]$LOCALIZE[31144] $INFO[ListItem.Property(Addon.Creator)]</label>
							<include>detail_Sub</include>
							<visible>[Container.Content(addons) | Container.Content(programs)]</visible>
						</control>
					</control>
					<control type="textbox">
						<top>60</top>
						<width>940</width>
						<height>88</height>
						<align>justify</align>
						<label>$VAR[global_Plot]</label>
						<include>detail_Text</include>
					</control>
				</control>							
			</control>
			 <visible>!Skin.HasSetting(SlidePosterInfo)</visible>
		</control>
		<control type="label">
		<include>transition_Info</include>
			<include>toggle_Menu</include>
			<include>transition_Content</include>
					<left>550</left>
					<top>635</top>
						<width>600</width>
						<label>$VAR[global_Title]</label>						
						<include>detail_Title</include>	
						 <visible>Control.IsVisible(52) + Skin.HasSetting(SlidePosterInfo) + !Control.HasFocus(8000)</visible>
					<scroll>true</scroll>
					</control>
		
		<control type="group">
			<include>transition_Info</include>
			<include>toggle_Menu</include>
			<include>transition_Content</include>
			<visible>[Control.IsVisible(521)] + !Control.HasFocus(8000)</visible>
			
							
			<!--flags-->
			<control type="grouplist" id="100">
				<left>200</left>
				<bottom>8</bottom>
				<width>900</width>
				<height>55</height>
				<itemgap>5</itemgap>
				<orientation>horizontal</orientation>
				<control type="image">
					<width>100</width>
					<height>50</height>
					<texture>$INFO[ListItem.StarRating,rating/nf-,]</texture>
					<aspectratio align="center">keep</aspectratio>					
				</control>
				<control type="image">
					<width>86</width>
					<height>50</height>
					<texture>$INFO[ListItem.VideoResolution,flags/video/resolution/,.png]</texture>
					<aspectratio align="center">keep</aspectratio>
					<visible>[Container.Content(movies) | Container.Content(episodes) | Container.Content(musicvideos)] + !IsEmpty(Listitem.VideoResolution)</visible>
				</control>
				<control type="image">
					<width>86</width>
					<height>50</height>
					<texture>$INFO[Listitem.VideoCodec,flags/codec/,.png]</texture>
					<aspectratio align="center">keep</aspectratio>
					<visible>[Container.Content(movies) | Container.Content(episodes) | Container.Content(musicvideos)] + !IsEmpty(Listitem.VideoCodec)</visible>
				</control>
				<control type="image">
					<width>86</width>
					<height>50</height>
					<texture>$INFO[Listitem.AudioCodec,flags/codec/,.png]</texture>
					<aspectratio align="center">keep</aspectratio>
					<visible>[Container.Content(movies) | Container.Content(episodes) | Container.Content(musicvideos)] + !IsEmpty(Listitem.AudioCodec)</visible>
				</control>
				<control type="image">
					<width>86</width>
					<height>50</height>
					<texture>$INFO[Listitem.VideoAspect,flags/video/aspectratio/,.png]</texture>
					<aspectratio align="center">keep</aspectratio>
					<visible>[Container.Content(movies) | Container.Content(episodes) | Container.Content(musicvideos)] + !IsEmpty(Listitem.VideoAspect)</visible>
				</control>
				<control type="image">
					<width>86</width>
					<height>50</height>
					<texture>$VAR[flag_Studio]</texture>
					<aspectratio align="center">keep</aspectratio>					
					<visible>Container.Content(movies) | Container.Content(tvshows) | Container.Content(episodes) | Container.Content(musicvideos)</visible>
				</control>
				<visible>Control.IsVisible(521) + !Skin.HasSetting(SlideLandscapeInfo)</visible>
			</control>
			<control type="group">
				<left>192</left>
				<top>140</top>
					<control type="group">
					<control type="label">
					<left>-2</left>
						<width>1000</width>
						<label>$VAR[global_Title]</label>
						<include>detail_Title</include>
					</control>
					<control type="group">
						<top>30</top>
						<left>-2</left>
						<visible>!SubString(ListItem.Icon,default)</visible>
						<control type="label">
							<width>700</width>
							<label>$VAR[global_Info]</label>
							<include>detail_Sub</include>
							<visible>![Container.Content(addons) | Container.Content(programs)]</visible>
						</control>
						<control type="label">
							<width>700</width>
							<label>$LOCALIZE[19114] $INFO[ListItem.Property(Addon.Version),, • ]$LOCALIZE[31144] $INFO[ListItem.Property(Addon.Creator)]</label>
							<include>detail_Sub</include>
							<visible>[Container.Content(addons) | Container.Content(programs)]</visible>
						</control>
					</control>
					<control type="textbox">
						<top>60</top>
						<width>940</width>
						<height>88</height>
						<align>justify</align>
						<label>$VAR[global_Plot]</label>
						<include>detail_Text</include>
					</control>
				</control>							
			 <visible>!Skin.HasSetting(SlideLandscapeInfo)</visible>
		</control>
		<control type="label">		
					<left>200</left>
					<top>650</top>
						<width>600</width>
						<label>$VAR[global_Title]</label>						
						<include>detail_Title</include>	
						 <visible>Control.IsVisible(521) + Skin.HasSetting(SlideLandscapeInfo) + !Control.HasFocus(8000)</visible>
					<scroll>true</scroll>
					</control>
		</control>
		
		<control type="group">
			<include>transition_Info</include>
			<include>toggle_Menu</include>
			<include>transition_Content</include>
			<visible>[Control.IsVisible(522)] + !Control.HasFocus(8000)</visible>			
			
				<!-- logo -->	
				<control type="image">
					<left>55</left>
					<top>470</top>
					   <width>112</width>
				       <height>100</height>					   
					  <aspectratio align="center">keep</aspectratio>
				<texture>$VAR[art_Logo.Condition]</texture>
				<visible>Container.Content(artists) | Container.Content(albums)</visible>
			</control>	
			<!--flags-->
			<control type="grouplist" id="100">
				<left>660</left>
				<bottom>35</bottom>
				<width>900</width>
				<height>50</height>
				<itemgap>10</itemgap>
				<orientation>horizontal</orientation>
				<control type="image">
					<width>100</width>
					<height>50</height>
					<texture>$INFO[ListItem.StarRating,rating/nf-,]</texture>
					<aspectratio align="center">keep</aspectratio>
				</control>
				<control type="image">
					<width>86</width>
					<height>50</height>
					<texture>$INFO[ListItem.VideoResolution,flags/video/resolution/,.png]</texture>
					<aspectratio align="center">keep</aspectratio>
					<visible>[Container.Content(movies) | Container.Content(episodes) | Container.Content(musicvideos)] + !IsEmpty(Listitem.VideoResolution)</visible>
				</control>
				<control type="image">
					<width>86</width>
					<height>50</height>
					<texture>$INFO[Listitem.VideoCodec,flags/codec/,.png]</texture>
					<aspectratio align="center">keep</aspectratio>
					<visible>[Container.Content(movies) | Container.Content(episodes) | Container.Content(musicvideos)] + !IsEmpty(Listitem.VideoCodec)</visible>
				</control>
				<control type="image">
					<width>86</width>
					<height>50</height>
					<texture>$INFO[Listitem.AudioCodec,flags/codec/,.png]</texture>
					<aspectratio align="center">keep</aspectratio>
					<visible>[Container.Content(movies) | Container.Content(episodes) | Container.Content(musicvideos)] + !IsEmpty(Listitem.AudioCodec)</visible>
				</control>
				<control type="image">
					<width>86</width>
					<height>50</height>
					<texture>$INFO[Listitem.VideoAspect,flags/video/aspectratio/,.png]</texture>
					<aspectratio align="center">keep</aspectratio>
					<visible>[Container.Content(movies) | Container.Content(episodes) | Container.Content(musicvideos)] + !IsEmpty(Listitem.VideoAspect)</visible>
				</control>
				<control type="image">
					<width>86</width>
					<height>50</height>
					<texture>$VAR[flag_Studio]</texture>
					<aspectratio align="center">keep</aspectratio>					
					<visible>Container.Content(movies) | Container.Content(tvshows) | Container.Content(episodes) | Container.Content(musicvideos)</visible>
				</control>
				<visible>Control.IsVisible(522)</visible> 
			</control>
			<control type="group">
				<left>192</left>
				<top>140</top>
				<animation effect="slide" start="0" end="57" time="0" condition="Control.IsVisible(522)">Conditional</animation>
				<control type="group">
					<control type="label">
					<left>-2</left>
						<width>1000</width>
						<label>$VAR[global_Title]</label>
						<include>detail_Title</include>
					</control>
					<control type="group">
						<top>30</top>
						<left>-2</left>
						<visible>!SubString(ListItem.Icon,default)</visible>
						<control type="label">
							<width>700</width>
							<label>$VAR[global_Info]</label>
							<include>detail_Sub</include>
							<visible>![Container.Content(addons) | Container.Content(programs)]</visible>
						</control>
						<control type="label">
							<width>700</width>
							<label>$LOCALIZE[19114] $INFO[ListItem.Property(Addon.Version),, • ]$LOCALIZE[31144] $INFO[ListItem.Property(Addon.Creator)]</label>
							<include>detail_Sub</include>
							<visible>[Container.Content(addons) | Container.Content(programs)]</visible>
						</control>
					</control>
					<control type="textbox">
						<top>60</top>
						<width>940</width>
						<height>88</height>
						<align>justify</align>
						<label>$VAR[global_Plot]</label>
						<include>detail_Text</include>
					</control>
				</control>							
			</control>
		</control>
	</include>
<!--PORTRAIT-->
	<include name="view_SlidePoster">	
		<control type="image">	
		<include>transition_Content</include>
			<include>toggle_Menu</include>
			<include>transition_Info</include>
				<top>115</top>
				<left>150</left>
				<width>1070</width>
				<height>450</height>
               <texture background="true">frames/contentpanel.png</texture>
			    <animation condition="true" effect="Fade" start="70" end="70" time="0">Conditional</animation>					 
				 <aspectratio>stretch</aspectratio>			    
			   <visible>Control.IsVisible(52) + !Skin.HasSetting(SlidePosterInfo)</visible>
			   </control>	
		<control type="fixedlist" id="52">		
			<viewtype label="31112">wrap</viewtype>			
			<left>8</left>
			<top>335</top>
			<width>1272</width>
			<height>425</height>
			<onup>6000</onup>
			<ondown condition="!Window.IsVisible(52)">8000</ondown>
			<ondown condition="Window.IsVisible(52)">71</ondown>
			<onleft>52</onleft>
			<onright>52</onright>
			<focusposition>1</focusposition>
			<pagecontrol>71</pagecontrol>
			<orientation>horizontal</orientation>
			<include>global_Scrolltime</include>
			<include>transition_Content</include>
			<include>transition_Info</include>
			<include>toggle_Menu</include>
			<visible>Container.Content(movies) | Container.Content(tvshows) | Container.Content(seasons) | Container.Content(sets)</visible>
			<itemlayout width="205" height="300">
			<include>viewSlidePoster-ContainerCommons</include>
			</itemlayout>
			<focusedlayout width="205" height="300">
			<control type="image">
                        <left>37</left>
                        <top>125</top>
                        <width>120</width>
                        <height>120</height>
                        <aspectratio>keep</aspectratio>
                        <texture background="true">$VAR[Icon_Discart]</texture>
                        <animation effect="slide" delay="1600" end="140,0" time="300" tween="quadratic">Focus</animation>
                        <animation effect="slide" start="140,0" end="0" time="150" tween="quadratic" easing="in">Unfocus</animation>
                        <animation effect="zoom" start="70" end="200" center="auto" time="160" condition="Control.HasFocus(52)">Conditional</animation>
                        <visible>Container.Content(movies) + Skin.HasSetting(SlidePosterDiscart.movies.enable)</visible>
                        <bordersize>7</bordersize>
                    </control>
				<include>viewSlidePoster-ContainerCommons</include>
				<control type="image">
					<left>185</left>
					<top>13</top>
					<width>32</width>
            <height>32</height>
			<texture background="true" diffuse="videoextras_overlay.png">$VAR[VideoextrasOverlay]</texture>
			<visible>Control.IsVisible(52) + System.HasAddon(script.videoextras) + Window.IsVisible(Videos) + Container.Content(Movies) + !Skin.HasSetting(Enable.videoextrasOverlays)</visible>
		<colordiffuse>FFFFFFFF</colordiffuse>	
		</control>
			</focusedlayout>
		</control>
	</include>
	<include name="viewSlidePoster-ContainerCommons">
		<control type="group">
			<include>focus_SlidePoster</include>
			<control type="image">
				<top>-8</top>
				<left>-2</left>
				<width>206</width>
				<height>323</height>
			<texture border="5">frames/frame-back-alt.png</texture>
			<aspectratio>stretch</aspectratio>
			</control>			
			<control type="group">
				<left>10</left>
				<top>10</top>
				<control type="image">
					<width>183</width>
					<height>280</height>
					<texture background="true">thumbs/default_Portrait.png</texture>
					<aspectratio align="center">stretch</aspectratio>
				</control>				 
				<control type="image">
					<left>43.5</left>
					<top>92</top>
					<width>96</width>
					<height>96</height>
					<include>art_DefaultIcon</include>
				</control>
				<control type="image">
					<width>183</width>
					<height>280</height>
					<texture background="true">$VAR[thumb_Portrait]</texture>
					<aspectratio align="center" aligny="top">stretch</aspectratio>
				</control>
				<control type="group">
					<left>157</left>
					<top>254</top>
					<include>status_Info</include>
					<visible>Skin.HasSetting(overlay_statu.disable)</visible>					
				</control>
				<control type="group">
					<left>151</left>
					<top>249</top>
					<width>32</width>
					<height>32</height>
					<visible>Skin.HasSetting(watched.alternative)</visible>
					<control type="image">
					<info>ListItem.Overlay</info>
					</control>
				</control>				
				
			</control>	   
		</control>
</include>
<!--LANDSCAPE-->
	<include name="view_SlideLandscape">
	<control type="image">	
		<include>transition_Content</include>
			<include>toggle_Menu</include>
			<include>transition_Info</include>
				<top>115</top>
				<left>150</left>
				<width>1070</width>
				<height>450</height>
               <texture background="true">frames/contentpanel.png</texture>
			    <animation condition="true" effect="Fade" start="70" end="70" time="0">Conditional</animation>					 
				 <aspectratio>stretch</aspectratio>			    
			   <visible>Control.IsVisible(521) + !Skin.HasSetting(SlideLandscapeInfo)</visible>
			   </control>
		<control type="fixedlist" id="521">
			<viewtype label="31112">bigwrap</viewtype>
			<left>-177</left>
			<top>345</top>
			<width>2200</width>
			<height>430</height>
			<onleft>521</onleft>
			<onright>521</onright>
			<onup>6000</onup>
			<ondown condition="!Window.IsVisible(521)">8000</ondown>
			<ondown condition="Window.IsVisible(521)">71</ondown>
			<focusposition>1</focusposition>
			<pagecontrol>71</pagecontrol>
			<preloaditems>2</preloaditems>
			<orientation>horizontal</orientation>
			<include>global_Scrolltime</include>
			<include>transition_Content</include>
			<include>transition_Info</include>
			<include>toggle_Menu</include>
			<visible>Container.Content(movies) | Container.Content(tvshows) | Container.Content(episodes) | Container.Content(musicvideos) | Container.Content(artists) | [Container.Content(files) + Container.HasFiles + !SubString(Container.FolderPath,plugin://plugin)]</visible>
			<itemlayout width="445" height="259">
				<include>view_SlideLandscape-ContainerCommons</include>
			</itemlayout>
			<focusedlayout width="445" height="259">
				<include>view_SlideLandscape-ContainerCommons</include>
			</focusedlayout>
		</control>
	</include>
	<include name="view_SlideLandscape-ContainerCommons">
		<control type="group">
			<include>focus_SlideWide</include>
			<control type="image">
				<top>-5</top>
				<left>-10</left>
				<width>465</width>
				<height>277</height>
			<texture border="5">frames/frame-landscape-back-alt.png</texture>
			<aspectratio>stretch</aspectratio>
			</control>
			<control type="group">
				<left>10</left>
				<top>10</top>
				<control type="image">		
					<width>425</width>
					<height>239</height>
					<texture background="true">thumbs/default_Landscape.png</texture>
					<aspectratio>stretch</aspectratio>
				</control>
				<control type="image">
					<left>164.5</left>
					<top>71.5</top>
					<width>96</width>
					<height>96</height>
					<include>art_DefaultIcon</include>
				</control>
				<control type="image">
					<width>425</width>
					<height>239</height>
					<texture background="true">$VAR[thumb_Landscape]</texture>
					<aspectratio>scale</aspectratio>
				</control>
				<control type="image">
					<left>130</left>
					<top>160</top>
					<width>165</width>
					<height>64</height>
					<include>art_ClearLogo</include>					
				</control>               				
				<control type="group">
					<left>399</left>
					<top>213</top>
					<include>status_Info</include>
					<visible>Skin.HasSetting(overlay_statu.disable)</visible>
				</control>				
				<control type="group">
					<left>393</left>
					<top>208</top>
					<width>32</width>
					<height>32</height>
					<visible>Skin.HasSetting(watched.alternative)</visible>
					<control type="image">
						<info>ListItem.Overlay</info>
					</control>
				</control>	
			</control>
		</control>
</include>
<!--SQUARE-->
	<include name="view_SlideSquare">
	<control type="image">	
		<include>transition_Content</include>
			<include>toggle_Menu</include>
			<include>transition_Info</include>
				<top>115</top>
				<left>150</left>
				<width>1070</width>
				<height>450</height>
               <texture background="true">frames/contentpanel.png</texture>
			    <animation condition="true" effect="Fade" start="70" end="70" time="0">Conditional</animation>					 
				 <aspectratio>stretch</aspectratio>			    
			   <visible>Control.IsVisible(522)</visible> 			  		   
			</control>
		<control type="fixedlist" id="522">
			<viewtype label="31112">wrap</viewtype>
			<left>9</left>
			<top>350</top>
			<width>screen_Width</width>
			<height>560</height>
			<onleft>522</onleft>
			<onright>522</onright>
			<onup>6000</onup>
			<ondown>71</ondown>
			<pagecontrol>71</pagecontrol>
			<focusposition>1</focusposition>
			<orientation>horizontal</orientation>
			<include>global_Scrolltime</include>
			<include>transition_Content</include>
			<include>transition_Info</include>
			<include>toggle_Menu</include>
			<visible>Container.Content(artists) | Container.Content(albums) | Container.Content(songs) + Container.Content(singles) | Container.Content(addons) | SubString(Container.FolderPath,addons://sources/) | SubString(Container.FolderPath,plugin://) | [Container.Content(files) + !Container.HasFiles]</visible>
			<itemlayout height="280" width="280">
			<include>view_SlideSquare-ContainerCommons</include>
			</itemlayout>
			<focusedlayout height="280" width="280">	
			<include>view_SlideSquare-ContainerCommons</include>
			</focusedlayout>
		</control>
	</include>
	<include name="view_SlideSquare-ContainerCommons">
		<control type="group">
			<include>focus_SlideMusic</include>
			<control type="group">
				<left>10</left>
				<top>10</top>
				<control type="image">
					<width>260</width>
					<height>260</height>
					<texture background="true">thumbs/default_Square.png</texture>
					<aspectratio align="center">stretch</aspectratio>
				</control>
				<control type="image">
					<centerleft>130</centerleft>
					<centertop>130</centertop>
					<width>96</width>
					<height>96</height>
					<include>art_DefaultIcon</include>
				</control>				
				<control type="image">
					<width>260</width>
					<height>260</height>
					<texture background="true">$VAR[thumb_Square]</texture>
					<aspectratio align="center">stretch</aspectratio>
				</control>
			</control>			
		</control>
	</include>	
	
	<!--view Coverflow-->	
	<include name="view_SlideCoverflow">	
	<visible>Control.IsVisible(525)</visible>
	<control type="image">	
	<include>transition_Content</include>
		<include>transition_Info</include>
		<include>toggle_Menu</include>
				<top>190</top>
				<left>0</left>
				<width>1280</width>
				<height>500</height>
			<texture border="5" colordiffuse="fa000000">coverflow/coverflow_frame.png</texture>
			<aspectratio>stretch</aspectratio>
			<visible>Control.IsVisible(525)</visible>
			</control>
        <control type="group">		
            <animation type="WindowOpen" reversible="false">
                <effect type="zoom" start="80" end="100" center="640,360" easing="out" tween="back" time="300"/>
                <effect type="fade" start="0" end="100" time="300"/>
            </animation>
            <animation type="WindowClose" reversible="false">
                <effect type="zoom" start="100" end="80" center="640,360" easing="in" tween="back" time="300"/>
                <effect type="fade" start="100" end="0" time="300"/>
            </animation>      
            <visible>Control.IsVisible(525)</visible>
        </control>
        <!--  Animation Right -->
        <control type="group" id="7001">
		
            <posy>125</posy>
            <visible>Control.IsVisible(525) + Container.OnNext</visible>
            <animation effect="slide" end="-100,0" time="250" reversible="false">Hidden</animation>
            <control type="group">			
                <posx>80</posx>
                <visible>Container.OnNext</visible>
                <animation effect="fade" start="100" end="0" time="250" reversible="false">Hidden</animation>
                <animation effect="rotatey" center="60" start="-60" end="-60" time="0" condition="true">Conditional</animation>
                <control type="image">
                    <posx>0</posx>
                    <posy>0</posy>
                    <width>300</width>
                    <height>440</height>
                    <texture background="true">$INFO[ListItem(-4).Icon]</texture>
                    <bordertexture border="3">framecoverborder.png</bordertexture>
                        <bordersize>3</bordersize>
                </control>
				<control type="image">
                           <posx>0</posx>
						   <posy>440</posy>
                           <width>300</width>
                            <height>440</height>
                            <aspectratio>stretch</aspectratio>
                            <texture background="true" flipy="true">$INFO[ListItem(-4).Icon]</texture>
                            <bordersize>6</bordersize>
                            <colordiffuse>ff666666</colordiffuse>							
                        </control>
            </control>
            <control type="group">
                <posx>180</posx>
                <animation effect="rotatey" center="160" start="-60" end="-60" time="0" condition="true">Conditional</animation>
                <control type="image">
                    <posx>0</posx>
                    <posy>0</posy>
                    <width>300</width>
                    <height>440</height>
                    <texture background="true">$INFO[ListItem(-3).Icon]</texture>
                    <bordertexture border="3">framecoverborder.png</bordertexture>
                        <bordersize>3</bordersize>
                </control>
				<control type="image">
                           <posx>0</posx>
						   <posy>440</posy>
                           <width>300</width>
                            <height>440</height>
                            <aspectratio>stretch</aspectratio>
                            <texture background="true" flipy="true">$INFO[ListItem(-3).Icon]</texture>
                            <bordersize>6</bordersize>
                            <colordiffuse>ff666666</colordiffuse>						
                        </control>
            </control>
            <control type="group">
                <posx>280</posx>
                <animation effect="rotatey" center="260" start="-60" end="-60" time="0" condition="true">Conditional</animation>
                <control type="image">
                    <posx>0</posx>
                    <posy>0</posy>
                    <width>300</width>
                    <height>440</height>
                    <texture background="true">$INFO[ListItem(-2).Icon]</texture>
                    <bordertexture border="3">framecoverborder.png</bordertexture>
                        <bordersize>3</bordersize>
                </control>
				<control type="image">
                           <posx>0</posx>
						   <posy>440</posy>
                           <width>300</width>
                            <height>440</height>
                            <aspectratio>stretch</aspectratio>
                            <texture background="true" flipy="true">$INFO[ListItem(-2).Icon]</texture>
                            <bordersize>6</bordersize>
                           <colordiffuse>ff666666</colordiffuse>						
                        </control>
            </control>
            <control type="group">
                <posx>1000</posx>
                <visible>!Container.OnNext</visible>
                <animation effect="fade" start="0" end="100" delay="0" time="250" reversible="false">Visible</animation>
                <animation effect="rotatey" center="1320" start="60" end="60" time="0" condition="true">Conditional</animation>
                <control type="image">
                    <posx>0</posx>
                    <posy>0</posy>
                    <width>300</width>
                    <height>440</height>
                    <texture background="true">$INFO[ListItem(3).Icon]</texture>
                    <bordertexture border="3">framecoverborder.png</bordertexture>
                        <bordersize>3</bordersize>
                </control>
				<control type="image">
                           <posx>0</posx>
						   <posy>440</posy>
                           <width>300</width>
                            <height>440</height>
                            <aspectratio>stretch</aspectratio>
                            <texture background="true" flipy="true">$INFO[ListItem(3).Icon]</texture>
                            <bordersize>6</bordersize>
                            <colordiffuse>ff666666</colordiffuse>							
                        </control>
            </control>
            <control type="group">
                <posx>900</posx>
                <animation effect="rotatey" center="1220" start="60" end="60" time="0" condition="true">Conditional</animation>
                <control type="image">
                    <posx>0</posx>
                    <posy>0</posy>
                    <width>300</width>
                    <height>440</height>
                    <texture background="true">$INFO[ListItem(2).Icon]</texture>
                   <bordertexture border="3">framecoverborder.png</bordertexture>
                        <bordersize>3</bordersize>
                </control>
				<control type="image">                           
                           <posx>0</posx>
						   <posy>440</posy>
                           <width>300</width>
                            <height>440</height>
                            <aspectratio>stretch</aspectratio>
                            <texture background="true" flipy="true">$INFO[ListItem(2).Icon]</texture>
                            <bordersize>6</bordersize>
                            <colordiffuse>ff666666</colordiffuse>						
                        </control>
            </control>
            <control type="group">
                <posx>800</posx>
                <animation effect="rotatey" center="1120" start="60" end="60" time="0" condition="true">Conditional</animation>
                <control type="image">
                    <posx>0</posx>
                    <posy>0</posy>
                    <width>300</width>
                    <height>440</height>
                    <texture background="true">$INFO[ListItem(1).Icon]</texture>
                    <bordertexture border="3">framecoverborder.png</bordertexture>
                        <bordersize>3</bordersize>
                </control>
				<control type="image">
                           <posx>0</posx>
						   <posy>440</posy>
                           <width>300</width>
                            <height>440</height>
                            <aspectratio>stretch</aspectratio>
                            <texture background="true" flipy="true">$INFO[ListItem(1).Icon]</texture>
                            <bordersize>6</bordersize>
                            <colordiffuse>ff666666</colordiffuse>						
                        </control>
            </control>
            <control type="group">
                <visible>Container.OnNext</visible>
                <animation effect="slide" end="-110,0" time="250" reversible="false">Hidden</animation>
                <control type="group">
                    <posx>700</posx>
                    <visible>Container.OnNext</visible>
                    <animation effect="rotatey" center="1020" start="0" end="-60" time="250" reversible="false" tween="quadratic" easing="in">Hidden</animation>
                    <animation effect="rotatey" center="1020" start="60" end="60" time="0" condition="true">Conditional</animation>
                    <control type="image">
                        <posx>0</posx>
                        <posy>0</posy>
                        <width>300</width>
                        <height>440</height>
                        <texture background="true">$INFO[ListItem(0).Icon]</texture>
                       <bordertexture border="3">framecoverborder.png</bordertexture>
                        <bordersize>3</bordersize>
                    </control>
					<control type="image">                            
                           <posx>0</posx>
						   <posy>440</posy>
                           <width>300</width>
                            <height>440</height>
                            <aspectratio>stretch</aspectratio>
                            <texture background="true" flipy="true">$INFO[ListItem(0).Icon]</texture>
                            <bordersize>6</bordersize>
                            <colordiffuse>ff666666</colordiffuse>							
                        </control>
                </control>
                <control type="group">
                    <posx>490</posx>
                    <visible>Container.OnNext</visible>
                    <animation effect="rotatey" center="470" start="0" end="-60" time="250" reversible="false" tween="quadratic" easing="out">Hidden</animation>
                    <control type="image">
                        <posx>0</posx>
                        <posy>0</posy>
                        <width>300</width>
                        <height>440</height>
                        <texture background="true">$INFO[ListItem(-1).Icon]</texture>
                       <bordertexture border="3">framecoverborder.png</bordertexture>
                        <bordersize>3</bordersize>
                    </control>
					<control type="image">                            
                           <posx>0</posx>
						   <posy>440</posy>
                           <width>300</width>
                            <height>440</height>
                            <aspectratio>stretch</aspectratio>
                            <texture background="true" flipy="true">$INFO[ListItem(-1).Icon]</texture>
                            <bordersize>6</bordersize>
                            <colordiffuse>ff666666</colordiffuse>							
                        </control>
                </control>
            </control>
        </control>
        <!-- animations left  -->
        <control type="group" id="7002">
	<include>transition_Content</include>
		<include>transition_Info</include>
		<include>toggle_Menu</include>
	<visible>Control.IsVisible(525)</visible>            
            <posy>125</posy>
            <visible>Control.IsVisible(525) + Container.OnPrevious</visible>
            <animation effect="slide" end="100,0" time="250" reversible="false">Hidden</animation>
            <control type="group">
                <posx>900</posx>
                <visible>Container.OnPrevious</visible>
                <animation effect="fade" start="100" end="0" time="250" reversible="false">Hidden</animation>
                <animation effect="rotatey" center="1220" start="60" end="60" time="0" condition="true">Conditional</animation>
                <control type="image">
                    <posx>0</posx>
                    <posy>0</posy>
                    <width>300</width>
                    <height>440</height>
                    <texture background="true">$INFO[ListItem(4).Icon]</texture>
                    <bordertexture border="3">framecoverborder.png</bordertexture>
                        <bordersize>3</bordersize>
                </control>
				 <control type="image">                            
                            <posx>0</posx>
							<posy>440</posy>
							<width>300</width>
							<height>440</height>
                            <aspectratio>stretch</aspectratio>
                            <texture background="true" flipy="true">$INFO[ListItem(4).Icon]</texture>
                            <bordersize>6</bordersize>
                           <colordiffuse>ff666666</colordiffuse>
                        </control> 
            </control>
            <control type="group">
                <posx>800</posx>
                <animation effect="rotatey" center="1120" start="60" end="60" time="0" condition="true">Conditional</animation>
                <control type="image">
                    <posx>0</posx>
                    <posy>0</posy>
                    <width>300</width>
                    <height>440</height>
                    <texture background="true">$INFO[ListItem(3).Icon]</texture>
                   <bordertexture border="3">framecoverborder.png</bordertexture>
                        <bordersize>3</bordersize>
                </control>				
				 <control type="image">
                           <posx>0</posx>
						   <posy>440</posy>
                           <width>300</width>
                            <height>440</height>
                            <aspectratio>stretch</aspectratio>
                            <texture background="true" flipy="true">$INFO[ListItem(3).Icon]</texture>
                            <bordersize>6</bordersize>
                           <colordiffuse>ff666666</colordiffuse>
                        </control> 
            </control>
            <control type="group">
                <posx>700</posx>
                <animation effect="rotatey" center="1020" start="60" end="60" time="0" condition="true">Conditional</animation>
                <control type="image">
                    <posx>0</posx>
                    <posy>0</posy>
                    <width>300</width>
                    <height>440</height>
                    <texture background="true">$INFO[ListItem(2).Icon]</texture>
                    <bordertexture border="3">framecoverborder.png</bordertexture>
                        <bordersize>3</bordersize>
                </control>
                 <control type="image">                           
                           <posx>0</posx>
						   <posy>440</posy>
                           <width>300</width>
                            <height>440</height>
                            <aspectratio>stretch</aspectratio>
                            <texture background="true" flipy="true">$INFO[ListItem(2).Icon]</texture>
                            <bordersize>6</bordersize>
                            <colordiffuse>ff666666</colordiffuse>
                        </control> 
            </control>
            <control type="group">
                <posx>-20</posx>
                <visible>!Container.OnPrevious</visible>
                <animation effect="fade" start="0" end="100" time="250" reversible="false">Visible</animation>
                <animation effect="rotatey" center="-40" start="-60" end="-60" time="0" condition="true">Conditional</animation>
                <control type="image">
                    <posx>0</posx>
                    <posy>0</posy>
                    <width>300</width>
                    <height>440</height>
                    <texture background="true">$INFO[ListItem(-3).Icon]</texture>
                    <bordertexture border="3">framecoverborder.png</bordertexture>
                        <bordersize>3</bordersize>
                </control>
				 <control type="image">
                           <posx>0</posx>
						   <posy>440</posy>
                           <width>300</width>
                            <height>440</height>
                            <aspectratio>stretch</aspectratio>
                            <texture background="true" flipy="true">$INFO[ListItem(-3).Icon]</texture>
                            <bordersize>6</bordersize>
                           <colordiffuse>ff666666</colordiffuse>
                        </control>
            </control>
            <control type="group">
                <posx>80</posx>
                <animation effect="rotatey" center="60" start="-60" end="-60" time="0" condition="true">Conditional</animation>
                <control type="image">
                    <posx>0</posx>
                    <posy>0</posy>
                    <width>300</width>
                    <height>440</height>
                    <texture background="true">$INFO[ListItem(-2).Icon]</texture>
                   <bordertexture border="3">framecoverborder.png</bordertexture>
                        <bordersize>3</bordersize>
                </control>
				 <control type="image">                            
                           <posx>0</posx>
						   <posy>440</posy>
                           <width>300</width>
                            <height>440</height>
                            <aspectratio>stretch</aspectratio>
                            <texture background="true" flipy="true">$INFO[ListItem(-2).Icon]</texture>
                            <bordersize>6</bordersize>
                            <colordiffuse>ff666666</colordiffuse>
                        </control>
            </control>
            <control type="group">
                <posx>180</posx>
                <animation effect="rotatey" center="160" start="-60" end="-60" time="0" condition="true">Conditional</animation>
                <control type="image">
                    <posx>0</posx>
                    <posy>0</posy>
                    <width>300</width>
                    <height>440</height>
                    <texture background="true">$INFO[ListItem(-1).Icon]</texture>
                    <bordertexture border="3">framecoverborder.png</bordertexture>
                        <bordersize>3</bordersize>
                </control>
				 <control type="image">                           
                           <posx>0</posx>
						   <posy>440</posy>
                           <width>300</width>
                            <height>440</height>
                            <aspectratio>stretch</aspectratio>
                            <texture background="true" flipy="true">$INFO[ListItem(-1).Icon]</texture>
                            <bordersize>6</bordersize>                           
                            <colordiffuse>ff666666</colordiffuse>
                        </control>
            </control>
            <control type="group">
                <visible>Container.OnPrevious</visible>
                <animation effect="slide" end="110,0" time="250" reversible="false">Hidden</animation>
                <control type="group">
                    <posx>280</posx>
                    <visible>Container.OnPrevious</visible>
                    <animation effect="rotatey" center="260" start="0" end="60" time="250" reversible="false" tween="quadratic" easing="in">Hidden</animation>
                    <animation effect="rotatey" center="260" start="-60" end="-60" time="0" condition="true">Conditional</animation>
                    <control type="image">
                        <posx>0</posx>
                        <posy>0</posy>
                        <width>300</width>
                        <height>440</height>
                        <texture background="true">$INFO[ListItem(0).Icon]</texture>
                        <bordertexture border="3">framecoverborder.png</bordertexture>
                        <bordersize>3</bordersize>
                    </control>
					 <control type="image">                           
                           <posx>0</posx>
						   <posy>440</posy>
                           <width>300</width>
                            <height>440</height>
                            <aspectratio>stretch</aspectratio>
                            <texture background="true" flipy="true">$INFO[ListItem(0).Icon]</texture>
                            <bordersize>6</bordersize>                          
                            <colordiffuse>ff666666</colordiffuse>
                        </control>
                </control>
                <control type="group">
                    <posx>490</posx>
                    <visible>Container.OnPrevious</visible>
                    <animation effect="rotatey" center="810" start="0" end="60" time="250" reversible="false" tween="quadratic" easing="out">Hidden</animation>
                    <control type="image">
                        <posx>0</posx>
                        <posy>0</posy>
                        <width>300</width>
                        <height>440</height>
                        <texture background="true">$INFO[ListItem(1).Icon]</texture>
                        <bordertexture border="3">framecoverborder.png</bordertexture>
                        <bordersize>3</bordersize>
                    </control>
					 <control type="image">                         
                           <posx>0</posx>
						   <posy>440</posy>
                           <width>300</width>
                            <height>440</height>
                            <aspectratio>stretch</aspectratio>
                            <texture background="true" flipy="true">$INFO[ListItem(1).Icon]</texture>
                            <bordersize>6</bordersize>
                           <colordiffuse>ff666666</colordiffuse>
                        </control>
                </control>
            </control>
        </control>		
        <!--  -->
        <control type="group" id="7000">
		<include>transition_Content</include>
		<include>transition_Info</include>
		<include>toggle_Menu</include>
		<visible>Control.IsVisible(525)</visible>
            <include>Window_OpenClose_Animation</include>
            <posy>125</posy>
            <visible>Control.IsVisible(525) + !Control.IsVisible(7001)  + !Control.IsVisible(7002)</visible>
            <control type="group">
                <posx>80</posx>
                <animation effect="rotatey" center="60" start="-60" end="-60" time="0" condition="true">Conditional</animation>
                <control type="image">
                    <posx>0</posx>
                    <posy>0</posy>
                    <width>300</width>
                    <height>440</height>
                    <texture background="true">$INFO[ListItem(-3).Icon]</texture>
                    <bordertexture border="3">framecoverborder.png</bordertexture>
                    <bordersize>3</bordersize>
                </control>
				 <control type="image">                          
                           <posx>0</posx>
						   <posy>440</posy>
                           <width>300</width>
                            <height>440</height>
                            <aspectratio>stretch</aspectratio>
                            <texture background="true" flipy="true">$INFO[ListItem(-3).Icon]</texture>
                            <colordiffuse>ff666666</colordiffuse>
                        </control>
            </control>
            <control type="group">
                <posx>180</posx>
                <animation effect="rotatey" center="160" start="-60" end="-60" time="0" condition="true">Conditional</animation>
                <control type="image">
                    <posx>0</posx>
                    <posy>0</posy>
                    <width>300</width>
                    <height>440</height>
                    <texture background="true">$INFO[ListItem(-2).Icon]</texture>
                   <bordertexture border="3">framecoverborder.png</bordertexture>
                        <bordersize>3</bordersize>
                </control>
				 <control type="image">                          
                           <posx>0</posx>
						   <posy>440</posy>
                           <width>300</width>
                            <height>440</height>
                            <aspectratio>stretch</aspectratio>
                            <texture background="true" flipy="true">$INFO[ListItem(-2).Icon]</texture>
                            <bordersize>6</bordersize>
                            <colordiffuse>ff666666</colordiffuse>
                        </control>
            </control>
            <control type="group">
                <posx>280</posx>
                <animation effect="rotatey" center="260" start="-60" end="-60" time="0" condition="true">Conditional</animation>
                <control type="image">
                    <posx>0</posx>
                    <posy>0</posy>
                    <width>300</width>
                    <height>440</height>
                    <texture background="true">$INFO[ListItem(-1).Icon]</texture>
                   <bordertexture border="3">framecoverborder.png</bordertexture>
                        <bordersize>3</bordersize>
                </control>
				 <control type="image">
                           <posx>0</posx>
						   <posy>440</posy>
                           <width>300</width>
                            <height>440</height>
                            <aspectratio>stretch</aspectratio>
                            <texture background="true" flipy="true">$INFO[ListItem(-1).Icon]</texture>
                            <bordersize>6</bordersize>
                           <colordiffuse>ff666666</colordiffuse>
                        </control>
            </control>
            <control type="group">
                <posx>900</posx>
                <animation effect="rotatey" center="1220" start="60" end="60" time="0" condition="true">Conditional</animation>
                <control type="image">
                    <posx>0</posx>
                    <posy>0</posy>
                    <width>300</width>
                    <height>440</height>
                    <texture background="true">$INFO[ListItem(3).Icon]</texture>
                    <bordertexture border="3">framecoverborder.png</bordertexture>
                        <bordersize>3</bordersize>
                </control>
				 <control type="image">
                           <posx>0</posx>
						   <posy>440</posy>
                           <width>300</width>
                            <height>440</height>
                            <aspectratio>stretch</aspectratio>
                            <texture background="true" flipy="true">$INFO[ListItem(3).Icon]</texture>
                            <bordersize>6</bordersize>
                           <colordiffuse>ff666666</colordiffuse>
                        </control>
            </control>
            <control type="group">
                <posx>800</posx>
                <animation effect="rotatey" center="1120" start="60" end="60" time="0" condition="true">Conditional</animation>
                <control type="image">
                    <posx>0</posx>
                    <posy>0</posy>
                    <width>300</width>
                    <height>440</height>
                    <texture background="true">$INFO[ListItem(2).Icon]</texture>
                    <bordertexture border="3">framecoverborder.png</bordertexture>
                        <bordersize>3</bordersize>
                </control>
				 <control type="image">
                           <posx>0</posx>
						   <posy>440</posy>
                           <width>300</width>
                            <height>440</height>
                            <aspectratio>stretch</aspectratio>
                            <texture background="true" flipy="true">$INFO[ListItem(2).Icon]</texture>
                            <bordersize>6</bordersize>
                            <colordiffuse>ff666666</colordiffuse>
                        </control>
            </control>
            <control type="group">
                <posx>700</posx>
                <animation effect="rotatey" center="1020" start="60" end="60" time="0" condition="true">Conditional</animation>
                <control type="image">
                    <posx>0</posx>
                    <posy>0</posy>
                    <width>300</width>
                    <height>440</height>
                    <texture background="true">$INFO[ListItem(1).Icon]</texture>
                    <bordertexture border="3">framecoverborder.png</bordertexture>
                        <bordersize>3</bordersize>
                </control>
				 <control type="image">
                           <posx>0</posx>
						   <posy>440</posy>
                           <width>300</width>
                            <height>440</height>
                            <aspectratio>stretch</aspectratio>
                            <texture background="true" flipy="true">$INFO[ListItem(1).Icon]</texture>
                            <bordersize>6</bordersize>
                            <colordiffuse>ff666666</colordiffuse>
                        </control>
            </control>
            <!-- Poster principal -->
            <control type="group">
                <animation type="WindowOpen" reversible="false">
                    <effect type="zoom" start="80" end="100" center="640,360" easing="out" tween="back" time="300"/>
                    <effect type="fade" start="0" end="100" time="300"/>
                </animation>
                <animation type="WindowClose" reversible="false">
                    <effect type="zoom" start="100" end="80" center="640,360" easing="in" tween="back" time="300"/>
                    <effect type="fade" start="100" end="0" time="300"/>
                </animation>      
                <posx>490</posx>
                <control type="image">
                    <posx>0</posx>
                    <posy>0</posy>
                    <width>300</width>
                    <height>440</height>
                    <texture background="true">$INFO[ListItem.Icon]</texture>
                    <bordertexture border="4">framecoverborder.png</bordertexture>
                    <bordersize>8</bordersize>
                    <visible>Control.HasFocus(525) | !Control.HasFocus(525)</visible>
                </control>
				 <control type="image">
                    <posx>-2</posx>
                    <posy>-2</posy>
                    <width>305</width>
                    <height>444</height>
                    <texture background="true">frames/contentpanel.png</texture>
                    <bordertexture border="4">framecoverborder.png</bordertexture>
                    <bordersize>8</bordersize>
                   <visible>[Control.IsVisible(525)] + Control.HasFocus(8000)</visible>
                </control>				
					<control type="group">
			<control type="textbox">
						  <posx>25</posx>
                    <posy>15</posy>
                    <width>250</width>
                    <height>390</height>
						 <align>justify</align>
						<label>$VAR[global_Plot]</label>						
						<include>detail_Text</include>
					</control>
					<visible>[Control.IsVisible(525)] + Control.HasFocus(8000)</visible>		
				</control>	
				 <control type="image">
                           <posx>0</posx>
						   <posy>440</posy>
                           <width>300</width>
                            <height>440</height>
                            <aspectratio>stretch</aspectratio>
                            <texture background="true" flipy="true">$INFO[ListItem.Icon]</texture>
                            <bordersize>6</bordersize>                           
                            <colordiffuse>ff666666</colordiffuse>
							<visible>Control.HasFocus(525) | !Control.HasFocus(525)</visible>
                        </control>
                </control>
        </control>
        <control type="wraplist" id="525">
		<viewtype label="31112">list</viewtype> 
			<visible>Control.IsVisible(525) | Container.Content(movies) | Container.Content(tvshows) | Container.Content(seasons)</visible>
            <posx>490</posx>
            <posy>150</posy>
            <width>306</width>
            <height>440</height>
            <onup>6000</onup>
			<ondown condition="!Window.IsVisible(525)">8000</ondown>
			<ondown condition="Window.IsVisible(525)">71</ondown>
			<onleft>525</onleft>
			<onright>525</onright>			
			<pagecontrol>71</pagecontrol>
			<focusedposition>3</focusedposition>
			<orientation>horizontal</orientation>
			<include>global_Scrolltime</include>
			<include>transition_Content</include>
			<include>transition_Info</include>           
            <itemlayout height="1" width="1">
            </itemlayout>
            <focusedlayout height="440" width="300">			
            </focusedlayout>
        </control>
    </include>
	<include name="detail_SlideCoverflow">
	
	<control type="group">
	<visible>Control.IsVisible(525)</visible>
	<include>transition_Content</include>
	<include>transition_Info</include>
	<include>toggle_Menu</include>		
		<control type="image">
		
				<top>600</top>
				<left>0</left>
				<width>1280</width>
				<height>150</height>
			<texture border="5" colordiffuse="ff000000">coverflow/coverflow_frame.png</texture>
			<aspectratio>stretch</aspectratio>
			</control>
			<control type="image">
			
				<top>280</top>
				<left>0</left>
				<width>1280</width>
				<height>500</height>
			<texture border="5" colordiffuse="cc151f27">coverflow/coverflow_frame.png</texture>
			<aspectratio>stretch</aspectratio>
			</control>
			<control type="grouplist" id="100">			
				   <left>860</left>
				   <bottom>60</bottom>
				   <width>900</width>
				   <height>50</height>
				   <itemgap>10</itemgap>
				   <orientation>horizontal</orientation>
			<control type="image">				
				   <width>80</width>
				   <height>40</height>
				   <aspectratio align="right">keep</aspectratio>
				   <texture>$VAR[flag_VideoType-fo]</texture>
			</control>
			<control type="image">				
				    <width>90</width>
				    <height>40</height>
				    <aspectratio align="right">keep</aspectratio>
				    <texture>$VAR[flag_Studio]</texture>
			</control>			
			<control type="image">					
					<width>80</width>
				    <height>40</height>					   
					<aspectratio align="right">keep</aspectratio>
					<texture>$INFO[Listitem.VideoResolution,flags/video/resolution/,.png]</texture>
					<visible>!IsEmpty(Listitem.VideoResolution)</visible>
			</control>
			<control type="image">						
					<width>50</width>
					<height>40</height>
					<aspectratio align="center">keep</aspectratio>
					<texture>$INFO[Listitem.AudioChannels,flags/audio/,.png]</texture>
					<visible>!IsEmpty(Listitem.AudioChannels)</visible>
			</control>
			</control>	
			<control type="group">
				<left>100</left>
				<top>600</top>
				<animation effect="slide" start="0" end="57" time="0" condition="Control.IsVisible(522)">Conditional</animation>
				<control type="group">				
					<control type="label">
					<left>00</left>
						<width>800</width>
						<label>$VAR[global_Title]</label>						
						<include>detail_Title</include>
					</control>
					<control type="group">
						<top>30</top>
						<left>-2</left>
						<visible>!SubString(ListItem.Icon,default)</visible>
						<control type="label">
							<width>700</width>
							<label>$VAR[global_Info]</label>							
							<include>detail_Sub</include>							
							<visible>![Container.Content(addons) | Container.Content(programs)]</visible>
						</control>
						<control type="label">
							<width>700</width>
							<label>$LOCALIZE[19114] $INFO[ListItem.Property(Addon.Version),, • ]$LOCALIZE[31144] $INFO[ListItem.Property(Addon.Creator)]</label>
							<include>detail_Sub</include>							
							<visible>[Container.Content(addons) | Container.Content(programs)]</visible>
						</control>
					</control>					
				</control>
				<control type="grouplist">
					<top>53</top>
					<left>-5</left>
					<width>600</width>
					<height>40</height>
					<itemgap>10</itemgap>
					<orientation>horizontal</orientation>
					<control type="image">
						<width>128</width>
						<height>32</height> 
						<texture>$VAR[global_Rating]</texture>
						<aspectratio align="center">keep</aspectratio>
						<visible>!Container.Content(files)</visible>
					</control>					
				</control>
				<control type="image">
				<top>5</top>
					<left>-35</left>
					<texture>$VAR[status_List]</texture>
					<include>status_List</include>
				</control>
			</control>		
		</control>
	</include>	
</includes>