﻿<?xml version="1.0" encoding="UTF-8"?>
<window>
	<defaultcontrol>2</defaultcontrol>
	<include>transition_Dialog</include>
	<coordinates>
		<system>1</system>
		<left>340</left>
		<top>123</top>
	</coordinates>
	<controls>
		<control type="image">
			<width>600</width>
			<height>480</height>
			<include>dialog_Window</include>
		</control>
		<control type="label" id="3">
			<width>592</width>
			<include>dialog_Windowtitle</include>
		</control>
		<control type="group">
			<left>4</left>
			<top>60</top>
			<control type="image">
				<width>592</width>
				<include>dialog_Separator</include>
			</control>
			<!--no presets-->
			<control type="label" id="4">
				<top>175</top>
				<width>592</width>
				<label>$LOCALIZE[13389]</label>
				<align>center</align>
				<include>dialog_ControlCommons</include>
			</control>
			<control type="list" id="2">
				<width>592</width>
				<height>360</height>
				<onup>2</onup>
				<ondown>2</ondown>
				<onleft>-</onleft>
				<onright>-</onright>
				<include>global_ListScroll</include>
				<itemlayout height="40">
					<control type="image">
						<width>592</width>
						<include>dialog_CommonList</include>
					</control>
					<control type="label">
						<width>562</width>
						<info>ListItem.Label</info>
						<include>dialog_CommonListItem</include>
					</control>
				</itemlayout>
				<focusedlayout height="40">
					<control type="image">
						<width>592</width>
						<height>40</height>
						<include>dialog_CommonListFocus</include>
					</control>
					<control type="label">
						<width>562</width>
						<info>ListItem.Label</info>
						<include>dialog_CommonListItemFocus</include>
					</control>
				</focusedlayout>
			</control>
		</control>
		<control type="label">
			<top>426</top>
			<width>592</width>
			<label>$INFO[Container(2).CurrentPage]/$INFO[Container(2).NumPages]</label>
			<align>center</align>
			<include>dialog_ControlCommons</include>
		</control>
	</controls>
</window>